"Date Heure, GMT+01:00","Tension, V (LGR S/N: 10445475, SEN S/N: 10445475, LBL: température)","Temp., °C (LGR S/N: 10445475, SEN S/N: 10445475, LBL: Température)"
07/12/16 12:00:00 PM,1.56471,20.007
07/12/16 12:15:00 PM,0.6221,14.361
07/12/16 12:30:00 PM,0.63614,14.314
07/12/16 12:45:00 PM,0.6978,14.218
07/12/16 01:00:00 PM,0.66911,14.098
07/12/16 01:15:00 PM,0.64408,14.242
07/12/16 01:30:00 PM,0.6398,14.314
07/12/16 01:45:00 PM,0.63919,14.29
07/12/16 02:00:00 PM,0.63736,14.385
07/12/16 02:15:00 PM,0.72711,14.409
07/12/16 02:30:00 PM,0.8022,14.601
07/12/16 02:45:00 PM,0.83639,14.577
07/12/16 03:00:00 PM,0.89133,14.745
07/12/16 03:15:00 PM,0.91392,14.577
07/12/16 03:30:00 PM,0.97924,14.649
07/12/16 03:45:00 PM,1.03846,14.792
07/12/16 04:00:00 PM,1.03724,14.84
07/12/16 04:15:00 PM,1.02442,14.601
07/12/16 04:30:00 PM,1.08852,14.673
07/12/16 04:45:00 PM,1.08181,14.553
07/12/16 05:00:00 PM,1.12027,14.697
07/12/16 05:15:00 PM,1.14286,14.601
07/12/16 05:30:00 PM,1.13553,14.864
07/12/16 05:45:00 PM,1.14713,14.864
07/12/16 06:00:00 PM,1.13248,14.984
07/12/16 06:15:00 PM,1.10684,14.768
07/12/16 06:30:00 PM,1.1221,14.792
07/12/16 06:45:00 PM,1.12454,14.625
07/12/16 07:00:00 PM,1.13248,14.697
07/12/16 07:15:00 PM,1.12637,14.505
07/12/16 07:30:00 PM,1.14347,14.529
07/12/16 07:45:00 PM,1.14103,14.385
07/12/16 08:00:00 PM,1.14896,14.361
07/12/16 08:15:00 PM,1.19658,14.433
07/12/16 08:30:00 PM,1.17399,14.242
07/12/16 08:45:00 PM,1.16606,14.098
07/12/16 09:00:00 PM,1.12759,14.146
07/12/16 09:15:00 PM,1.16545,14.218
07/12/16 09:30:00 PM,1.19658,14.05
07/12/16 09:45:00 PM,1.20147,14.122
07/12/16 10:00:00 PM,1.20574,13.93
07/12/16 10:15:00 PM,1.23382,13.978
07/12/16 10:30:00 PM,1.19353,13.81
07/12/16 10:45:00 PM,1.21978,13.81
07/12/16 11:00:00 PM,1.22955,13.714
07/12/16 11:15:00 PM,1.21306,13.738
07/12/16 11:30:00 PM,1.22405,13.762
07/12/16 11:45:00 PM,1.20147,13.57
07/13/16 12:00:00 AM,1.21368,13.594
07/13/16 12:15:00 AM,1.19292,13.425
07/13/16 12:30:00 AM,1.20452,13.497
07/13/16 12:45:00 AM,1.24054,13.546
07/13/16 01:00:00 AM,1.21062,13.425
07/13/16 01:15:00 AM,1.20635,13.401
07/13/16 01:30:00 AM,1.19841,13.329
07/13/16 01:45:00 AM,1.21429,13.353
07/13/16 02:00:00 AM,1.19414,13.161
07/13/16 02:15:00 AM,1.19292,13.233
07/13/16 02:30:00 AM,0.94505,13.137
07/13/16 02:45:00 AM,1.0177,13.161
07/13/16 03:00:00 AM,1.04579,13.209
07/13/16 03:15:00 AM,1.08364,13.112
07/13/16 03:30:00 AM,1.10806,13.112
07/13/16 03:45:00 AM,1.10317,13.016
07/13/16 04:00:00 AM,1.11477,13.112
07/13/16 04:15:00 AM,1.13065,13.185
07/13/16 04:30:00 AM,1.13797,13.016
07/13/16 04:45:00 AM,1.13797,13.064
07/13/16 05:00:00 AM,1.15446,13.064
07/13/16 05:15:00 AM,1.14591,12.92
07/13/16 05:30:00 AM,1.14347,13.016
07/13/16 05:45:00 AM,1.14469,12.871
07/13/16 06:00:00 AM,1.13431,12.92
07/13/16 06:15:00 AM,1.12332,12.823
07/13/16 06:30:00 AM,1.14835,12.92
07/13/16 06:45:00 AM,1.15018,13.016
07/13/16 07:00:00 AM,1.1801,12.871
07/13/16 07:15:00 AM,1.16422,12.992
07/13/16 07:30:00 AM,1.17643,12.992
07/13/16 07:45:00 AM,1.1746,12.944
07/13/16 08:00:00 AM,1.17521,13.04
07/13/16 08:15:00 AM,1.17277,12.944
07/13/16 08:30:00 AM,1.14164,13.04
07/13/16 08:45:00 AM,1.17521,13.088
07/13/16 09:00:00 AM,1.1746,13.088
07/13/16 09:15:00 AM,1.18132,13.185
07/13/16 09:30:00 AM,1.18254,13.161
07/13/16 09:45:00 AM,1.22589,13.401
07/13/16 10:00:00 AM,1.23687,13.497
07/13/16 10:15:00 AM,1.20513,13.425
07/13/16 10:30:00 AM,1.24664,13.69
07/13/16 10:45:00 AM,1.26862,13.786
07/13/16 11:00:00 AM,1.24115,13.858
07/13/16 11:15:00 AM,1.24969,13.93
07/13/16 11:30:00 AM,1.2442,13.786
07/13/16 11:45:00 AM,1.25458,13.882
07/13/16 12:00:00 PM,1.24847,13.81
07/13/16 12:15:00 PM,1.20147,13.81
07/13/16 12:30:00 PM,1.21856,13.858
07/13/16 12:45:00 PM,1.23626,13.858
07/13/16 01:00:00 PM,1.29487,14.074
07/13/16 01:15:00 PM,1.30281,14.29
07/13/16 01:30:00 PM,1.28388,14.17
07/13/16 01:45:00 PM,1.30098,14.146
07/13/16 02:00:00 PM,1.26007,13.954
07/13/16 02:15:00 PM,1.21123,13.882
07/13/16 02:30:00 PM,1.19536,13.762
07/13/16 02:45:00 PM,1.22344,13.786
07/13/16 03:00:00 PM,0.96703,13.882
07/13/16 03:15:00 PM,1.01404,13.762
07/13/16 03:30:00 PM,1.05495,13.834
07/13/16 03:45:00 PM,1.13675,13.786
07/13/16 04:00:00 PM,1.14103,13.81
07/13/16 04:15:00 PM,1.13553,13.834
07/13/16 04:30:00 PM,1.12882,13.714
07/13/16 04:45:00 PM,1.1746,13.81
07/13/16 05:00:00 PM,1.16972,13.738
07/13/16 05:15:00 PM,1.18437,13.834
07/13/16 05:30:00 PM,1.19658,13.882
07/13/16 05:45:00 PM,1.21978,13.762
07/13/16 06:00:00 PM,1.20147,13.81
07/13/16 06:15:00 PM,1.21734,13.882
07/13/16 06:30:00 PM,1.1917,13.762
07/13/16 06:45:00 PM,1.21856,13.834
07/13/16 07:00:00 PM,1.23321,13.858
07/13/16 07:15:00 PM,1.19353,13.714
07/13/16 07:30:00 PM,1.20635,13.762
07/13/16 07:45:00 PM,1.20085,13.618
07/13/16 08:00:00 PM,1.20208,13.642
07/13/16 08:15:00 PM,1.18987,13.618
07/13/16 08:30:00 PM,1.19048,13.473
07/13/16 08:45:00 PM,1.19963,13.473
07/13/16 09:00:00 PM,1.16667,13.329
07/13/16 09:15:00 PM,1.17338,13.329
07/13/16 09:30:00 PM,1.18803,13.329
07/13/16 09:45:00 PM,1.16545,13.161
07/13/16 10:00:00 PM,1.18926,13.233
07/13/16 10:15:00 PM,1.20757,13.137
07/13/16 10:30:00 PM,0.89438,13.064
07/13/16 10:45:00 PM,0.97314,13.088
07/13/16 11:00:00 PM,0.98657,12.968
07/13/16 11:15:00 PM,1.01709,12.896
07/13/16 11:30:00 PM,1.03175,12.847
07/13/16 11:45:00 PM,1.02747,12.799
07/14/16 12:00:00 AM,1.05617,12.847
07/14/16 12:15:00 AM,1.03724,12.654
07/14/16 12:30:00 AM,1.06227,12.703
07/14/16 12:45:00 AM,1.09158,12.654
07/14/16 01:00:00 AM,1.07143,12.509
07/14/16 01:15:00 AM,1.12332,12.534
07/14/16 01:30:00 AM,1.06105,12.413
07/14/16 01:45:00 AM,1.02076,12.413
07/14/16 02:00:00 AM,1.05311,12.268
07/14/16 02:15:00 AM,1.04151,12.34
07/14/16 02:30:00 AM,1.04701,12.389
07/14/16 02:45:00 AM,1.05067,12.171
07/14/16 03:00:00 AM,1.07143,12.195
07/14/16 03:15:00 AM,1.08486,12.219
07/14/16 03:30:00 AM,1.0873,12.05
07/14/16 03:45:00 AM,1.09158,12.171
07/14/16 04:00:00 AM,1.116,12.025
07/14/16 04:15:00 AM,1.10134,12.025
07/14/16 04:30:00 AM,1.13736,12.025
07/14/16 04:45:00 AM,1.13431,11.977
07/14/16 05:00:00 AM,1.13492,12.074
07/14/16 05:15:00 AM,1.14835,11.88
07/14/16 05:30:00 AM,1.11722,11.929
07/14/16 05:45:00 AM,1.1453,12.001
07/14/16 06:00:00 AM,1.13675,11.832
07/14/16 06:15:00 AM,1.16911,11.977
07/14/16 06:30:00 AM,1.17338,11.856
07/14/16 06:45:00 AM,1.12149,11.904
07/14/16 07:00:00 AM,1.15934,11.856
07/14/16 07:15:00 AM,1.17338,12.001
07/14/16 07:30:00 AM,1.21429,12.122
07/14/16 07:45:00 AM,1.19536,11.977
07/14/16 08:00:00 AM,1.21795,12.074
07/14/16 08:15:00 AM,1.22222,12.098
07/14/16 08:30:00 AM,1.18498,12.025
07/14/16 08:45:00 AM,1.23504,12.147
07/14/16 09:00:00 AM,1.22711,12.05
07/14/16 09:15:00 AM,1.22344,12.171
07/14/16 09:30:00 AM,1.24542,12.219
07/14/16 09:45:00 AM,1.24115,12.171
07/14/16 10:00:00 AM,1.26679,12.461
07/14/16 10:15:00 AM,1.24847,12.268
07/14/16 10:30:00 AM,1.21917,12.268
07/14/16 10:45:00 AM,1.24359,12.364
07/14/16 11:00:00 AM,1.24847,12.461
07/14/16 11:15:00 AM,1.27656,12.558
07/14/16 11:30:00 AM,1.29792,12.727
07/14/16 11:45:00 AM,1.3022,12.775
07/14/16 12:00:00 PM,1.2967,12.847
07/14/16 12:15:00 PM,1.29731,12.871
07/14/16 12:30:00 PM,1.3199,13.016
07/14/16 12:45:00 PM,1.33394,13.233
07/14/16 01:00:00 PM,1.37302,13.401
07/14/16 01:15:00 PM,1.37424,13.546
07/14/16 01:30:00 PM,1.38584,13.666
07/14/16 01:45:00 PM,1.38462,13.738
07/14/16 02:00:00 PM,1.39499,13.786
07/14/16 02:15:00 PM,1.38523,13.738
07/14/16 02:30:00 PM,1.37546,13.666
07/14/16 02:45:00 PM,1.32967,13.522
07/14/16 03:00:00 PM,1.31868,13.401
07/14/16 03:15:00 PM,1.31319,13.353
07/14/16 03:30:00 PM,1.27167,13.353
07/14/16 03:45:00 PM,1.30708,13.449
07/14/16 04:00:00 PM,1.31013,13.57
07/14/16 04:15:00 PM,1.35226,13.642
07/14/16 04:30:00 PM,1.35897,13.738
07/14/16 04:45:00 PM,1.37241,13.834
07/14/16 05:00:00 PM,1.3602,13.906
07/14/16 05:15:00 PM,1.35653,13.93
07/14/16 05:30:00 PM,1.34005,13.906
07/14/16 05:45:00 PM,1.34127,13.882
07/14/16 06:00:00 PM,1.31441,13.858
07/14/16 06:15:00 PM,1.31563,13.81
07/14/16 06:30:00 PM,1.31685,13.786
07/14/16 06:45:00 PM,1.30098,13.738
07/14/16 07:00:00 PM,1.28816,13.714
07/14/16 07:15:00 PM,1.2906,13.69
07/14/16 07:30:00 PM,1.28877,13.69
07/14/16 07:45:00 PM,1.28938,13.666
07/14/16 08:00:00 PM,1.28938,13.642
07/14/16 08:15:00 PM,1.27411,13.618
07/14/16 08:30:00 PM,1.31746,13.57
07/14/16 08:45:00 PM,1.28144,13.546
07/14/16 09:00:00 PM,1.28327,13.473
07/14/16 09:15:00 PM,1.28144,13.425
07/14/16 09:30:00 PM,1.27228,13.353
07/14/16 09:45:00 PM,1.28449,13.329
07/14/16 10:00:00 PM,1.26557,13.233
07/14/16 10:15:00 PM,1.25458,13.161
07/14/16 10:30:00 PM,1.26618,13.088
07/14/16 10:45:00 PM,1.25092,13.016
07/14/16 11:00:00 PM,1.24115,12.944
07/14/16 11:15:00 PM,1.25519,12.896
07/14/16 11:30:00 PM,1.23748,12.847
07/14/16 11:45:00 PM,1.24176,12.799
07/15/16 12:00:00 AM,1.25824,12.751
07/15/16 12:15:00 AM,1.22161,12.703
07/15/16 12:30:00 AM,1.22955,12.654
07/15/16 12:45:00 AM,1.22833,12.606
07/15/16 01:00:00 AM,1.21795,12.582
07/15/16 01:15:00 AM,1.22894,12.534
07/15/16 01:30:00 AM,1.23016,12.509
07/15/16 01:45:00 AM,1.22527,12.485
07/15/16 02:00:00 AM,1.23077,12.437
07/15/16 02:15:00 AM,1.22405,12.413
07/15/16 02:30:00 AM,1.21368,12.364
07/15/16 02:45:00 AM,1.24237,12.316
07/15/16 03:00:00 AM,1.23687,12.292
07/15/16 03:15:00 AM,1.18803,12.268
07/15/16 03:30:00 AM,1.15751,12.219
07/15/16 03:45:00 AM,1.15995,12.195
07/15/16 04:00:00 AM,1.15263,12.147
07/15/16 04:15:00 AM,1.14652,12.122
07/15/16 04:30:00 AM,1.1398,12.074
07/15/16 04:45:00 AM,1.15201,12.025
07/15/16 05:00:00 AM,1.15018,11.977
07/15/16 05:15:00 AM,1.16056,11.929
07/15/16 05:30:00 AM,1.17888,11.904
07/15/16 05:45:00 AM,1.19109,11.856
07/15/16 06:00:00 AM,1.15995,11.832
07/15/16 06:15:00 AM,1.19048,11.807
07/15/16 06:30:00 AM,1.19109,11.783
07/15/16 06:45:00 AM,1.20452,11.783
07/15/16 07:00:00 AM,1.20574,11.807
07/15/16 07:15:00 AM,1.20452,11.832
07/15/16 07:30:00 AM,1.21306,11.856
07/15/16 07:45:00 AM,1.2381,11.904
07/15/16 08:00:00 AM,1.24542,11.977
07/15/16 08:15:00 AM,1.22589,12.025
07/15/16 08:30:00 AM,1.25458,12.122
07/15/16 08:45:00 AM,1.23382,12.147
07/15/16 09:00:00 AM,1.29182,12.243
07/15/16 09:15:00 AM,1.30586,12.461
07/15/16 09:30:00 AM,1.3254,12.63
07/15/16 09:45:00 AM,1.33883,12.847
07/15/16 10:00:00 AM,1.35531,12.944
07/15/16 10:15:00 AM,1.40171,13.161
07/15/16 10:30:00 AM,1.3895,13.185
07/15/16 10:45:00 AM,1.39805,13.329
07/15/16 11:00:00 AM,1.41087,13.401
07/15/16 11:15:00 AM,1.41758,13.449
07/15/16 11:30:00 AM,1.41758,13.642
07/15/16 11:45:00 AM,1.42918,13.714
07/15/16 12:00:00 PM,1.43529,13.762
07/15/16 12:15:00 PM,1.44139,13.81
07/15/16 12:30:00 PM,1.43468,13.882
07/15/16 12:45:00 PM,1.44567,14.074
07/15/16 01:00:00 PM,1.4536,14.17
07/15/16 01:15:00 PM,1.45543,14.098
07/15/16 01:30:00 PM,1.41026,14.074
07/15/16 01:45:00 PM,1.44017,13.978
07/15/16 02:00:00 PM,1.40598,13.954
07/15/16 02:15:00 PM,1.40781,14.026
07/15/16 02:30:00 PM,1.3895,14.026
07/15/16 02:45:00 PM,1.40965,14.146
07/15/16 03:00:00 PM,1.40659,14.29
07/15/16 03:15:00 PM,1.43712,14.337
07/15/16 03:30:00 PM,1.33272,14.385
07/15/16 03:45:00 PM,1.31502,14.529
07/15/16 04:00:00 PM,1.33578,14.409
07/15/16 04:15:00 PM,1.32173,14.337
07/15/16 04:30:00 PM,1.34127,14.385
07/15/16 04:45:00 PM,1.35714,14.457
07/15/16 05:00:00 PM,1.39194,14.481
07/15/16 05:15:00 PM,1.35775,14.457
07/15/16 05:30:00 PM,1.35958,14.481
07/15/16 05:45:00 PM,1.37851,14.457
07/15/16 06:00:00 PM,1.33639,14.409
07/15/16 06:15:00 PM,1.37241,14.433
07/15/16 06:30:00 PM,1.37912,14.505
07/15/16 06:45:00 PM,1.34066,14.337
07/15/16 07:00:00 PM,1.3547,14.361
07/15/16 07:15:00 PM,1.34554,14.385
07/15/16 07:30:00 PM,1.35775,14.266
07/15/16 07:45:00 PM,1.34676,14.218
07/15/16 08:00:00 PM,1.3138,14.194
07/15/16 08:15:00 PM,1.34188,14.17
07/15/16 08:30:00 PM,1.33028,14.194
07/15/16 08:45:00 PM,1.32357,13.954
07/15/16 09:00:00 PM,1.30403,13.93
07/15/16 09:15:00 PM,1.2851,13.906
07/15/16 09:30:00 PM,1.28144,13.858
07/15/16 09:45:00 PM,1.30098,13.786
07/15/16 10:00:00 PM,1.18193,13.642
07/15/16 10:15:00 PM,1.21062,13.642
07/15/16 10:30:00 PM,1.23626,13.642
07/15/16 10:45:00 PM,1.22589,13.401
07/15/16 11:00:00 PM,1.21368,13.377
07/15/16 11:15:00 PM,1.22527,13.353
07/15/16 11:30:00 PM,1.20757,13.329
07/15/16 11:45:00 PM,1.23504,13.209
07/16/16 12:00:00 AM,1.21184,13.112
07/16/16 12:15:00 AM,1.22711,13.137
07/16/16 12:30:00 AM,1.26618,13.137
07/16/16 12:45:00 AM,1.17399,12.896
07/16/16 01:00:00 AM,1.20757,12.92
07/16/16 01:15:00 AM,1.22894,12.944
07/16/16 01:30:00 AM,1.221,12.847
07/16/16 01:45:00 AM,1.23077,12.775
07/16/16 02:00:00 AM,1.22772,12.775
07/16/16 02:15:00 AM,0.97741,12.823
07/16/16 02:30:00 AM,1.05006,12.823
07/16/16 02:45:00 AM,1.01587,12.678
07/16/16 03:00:00 AM,1.05983,12.751
07/16/16 03:15:00 AM,1.13187,12.823
07/16/16 03:30:00 AM,1.12393,12.606
07/16/16 03:45:00 AM,1.11355,12.654
07/16/16 04:00:00 AM,1.1453,12.703
07/16/16 04:15:00 AM,1.18803,12.678
07/16/16 04:30:00 AM,1.15568,12.606
07/16/16 04:45:00 AM,1.16056,12.63
07/16/16 05:00:00 AM,1.19292,12.678
07/16/16 05:15:00 AM,1.22161,12.703
07/16/16 05:30:00 AM,1.15446,12.558
07/16/16 05:45:00 AM,1.19902,12.63
07/16/16 06:00:00 AM,1.24237,12.703
07/16/16 06:15:00 AM,1.19048,12.534
07/16/16 06:30:00 AM,1.20635,12.582
07/16/16 06:45:00 AM,1.2326,12.654
07/16/16 07:00:00 AM,1.24359,12.678
07/16/16 07:15:00 AM,1.25397,12.606
07/16/16 07:30:00 AM,1.26313,12.63
07/16/16 07:45:00 AM,1.27839,12.727
07/16/16 08:00:00 AM,1.27167,12.775
07/16/16 08:15:00 AM,1.25702,12.63
07/16/16 08:30:00 AM,1.27839,12.703
07/16/16 08:45:00 AM,1.3083,12.775
07/16/16 09:00:00 AM,1.32967,12.775
07/16/16 09:15:00 AM,1.23932,12.799
07/16/16 09:30:00 AM,1.26252,12.871
07/16/16 09:45:00 AM,1.30281,12.992
07/16/16 10:00:00 AM,1.31197,13.064
07/16/16 10:15:00 AM,1.27839,13.016
07/16/16 10:30:00 AM,1.30342,13.137
07/16/16 10:45:00 AM,1.37363,13.257
07/16/16 11:00:00 AM,1.34615,13.281
07/16/16 11:15:00 AM,1.36935,13.401
07/16/16 11:30:00 AM,1.3779,13.473
07/16/16 11:45:00 AM,1.38095,13.546
07/16/16 12:00:00 PM,1.37118,13.546
07/16/16 12:15:00 PM,1.38217,13.618
07/16/16 12:30:00 PM,1.40049,13.738
07/16/16 12:45:00 PM,1.40232,13.882
07/16/16 01:00:00 PM,1.40842,13.882
07/16/16 01:15:00 PM,1.45604,14.074
07/16/16 01:30:00 PM,1.43834,14.242
07/16/16 01:45:00 PM,1.4707,14.361
07/16/16 02:00:00 PM,1.45177,14.361
07/16/16 02:15:00 PM,1.44139,14.457
07/16/16 02:30:00 PM,1.48535,14.481
07/16/16 02:45:00 PM,1.46886,14.529
07/16/16 03:00:00 PM,1.44139,14.457
07/16/16 03:15:00 PM,1.4359,14.505
07/16/16 03:30:00 PM,1.47314,14.601
07/16/16 03:45:00 PM,1.5,14.625
07/16/16 04:00:00 PM,1.44261,14.673
07/16/16 04:15:00 PM,1.442,14.721
07/16/16 04:30:00 PM,1.47741,14.864
07/16/16 04:45:00 PM,1.48596,14.888
07/16/16 05:00:00 PM,1.46581,14.888
07/16/16 05:15:00 PM,1.46764,14.936
07/16/16 05:30:00 PM,1.47802,15.008
07/16/16 05:45:00 PM,1.48474,14.912
07/16/16 06:00:00 PM,1.45604,14.912
07/16/16 06:15:00 PM,1.43712,14.96
07/16/16 06:30:00 PM,1.44811,14.984
07/16/16 06:45:00 PM,1.43101,14.984
07/16/16 07:00:00 PM,1.38278,14.888
07/16/16 07:15:00 PM,1.40598,14.912
07/16/16 07:30:00 PM,1.41819,14.984
07/16/16 07:45:00 PM,1.41941,14.864
07/16/16 08:00:00 PM,1.4011,14.84
07/16/16 08:15:00 PM,1.40293,14.84
07/16/16 08:30:00 PM,1.39316,14.768
07/16/16 08:45:00 PM,1.40598,14.649
07/16/16 09:00:00 PM,1.35348,14.553
07/16/16 09:15:00 PM,1.36813,14.505
07/16/16 09:30:00 PM,1.36508,14.481
07/16/16 09:45:00 PM,1.3431,14.337
07/16/16 10:00:00 PM,1.33944,14.218
07/16/16 10:15:00 PM,1.35958,14.266
07/16/16 10:30:00 PM,1.33272,14.074
07/16/16 10:45:00 PM,1.32601,14.074
07/16/16 11:00:00 PM,1.32967,14.098
07/16/16 11:15:00 PM,1.33028,14.026
07/16/16 11:30:00 PM,1.34005,14.05
07/16/16 11:45:00 PM,1.30525,13.834
07/17/16 12:00:00 AM,1.30281,13.762
07/17/16 12:15:00 AM,1.26862,13.93
07/17/16 12:30:00 AM,1.24481,13.954
07/17/16 12:45:00 AM,1.22833,13.738
07/17/16 01:00:00 AM,1.17521,13.69
07/17/16 01:15:00 AM,1.24786,13.666
07/17/16 01:30:00 AM,1.19719,13.546
07/17/16 01:45:00 AM,1.20818,13.546
07/17/16 02:00:00 AM,1.21978,13.473
07/17/16 02:15:00 AM,1.22772,13.522
07/17/16 02:30:00 AM,1.21306,13.401
07/17/16 02:45:00 AM,1.07937,13.305
07/17/16 03:00:00 AM,1.14896,13.401
07/17/16 03:15:00 AM,1.10195,13.257
07/17/16 03:30:00 AM,1.12637,13.353
07/17/16 03:45:00 AM,1.15934,13.209
07/17/16 04:00:00 AM,1.14042,13.257
07/17/16 04:15:00 AM,1.15079,13.137
07/17/16 04:30:00 AM,1.17155,13.064
07/17/16 04:45:00 AM,1.15934,13.137
07/17/16 05:00:00 AM,1.00244,13.016
07/17/16 05:15:00 AM,1.11722,13.088
07/17/16 05:30:00 AM,1.15812,12.944
07/17/16 05:45:00 AM,1.2094,13.088
07/17/16 06:00:00 AM,1.14286,12.968
07/17/16 06:15:00 AM,1.20024,12.992
07/17/16 06:30:00 AM,1.19902,12.944
07/17/16 06:45:00 AM,1.23748,13.04
07/17/16 07:00:00 AM,1.24969,12.944
07/17/16 07:15:00 AM,1.24359,12.896
07/17/16 07:30:00 AM,1.26801,13.04
07/17/16 07:45:00 AM,1.28816,12.992
07/17/16 08:00:00 AM,1.32112,13.137
07/17/16 08:15:00 AM,1.33211,13.112
07/17/16 08:30:00 AM,1.33822,13.233
07/17/16 08:45:00 AM,1.34066,13.305
07/17/16 09:00:00 AM,1.41331,13.449
07/17/16 09:15:00 AM,1.4127,13.497
07/17/16 09:30:00 AM,1.41697,13.69
07/17/16 09:45:00 AM,1.45421,13.738
07/17/16 10:00:00 AM,1.48413,13.954
07/17/16 10:15:00 AM,1.47558,13.954
07/17/16 10:30:00 AM,1.48107,14.194
07/17/16 10:45:00 AM,1.50977,14.266
07/17/16 11:00:00 AM,1.51221,14.457
07/17/16 11:15:00 AM,1.53053,14.529
07/17/16 11:30:00 AM,1.5348,14.721
07/17/16 11:45:00 AM,1.56899,14.864
07/17/16 12:00:00 PM,1.55006,14.912
07/17/16 12:15:00 PM,1.57509,15.103
07/17/16 12:30:00 PM,1.58791,15.151
07/17/16 12:45:00 PM,1.55922,15.318
07/17/16 01:00:00 PM,1.60195,15.366
07/17/16 01:15:00 PM,1.59035,15.485
07/17/16 01:30:00 PM,1.6044,15.581
07/17/16 01:45:00 PM,1.51343,15.652
07/17/16 02:00:00 PM,1.53541,15.748
07/17/16 02:15:00 PM,1.52198,15.796
07/17/16 02:30:00 PM,1.54762,15.891
07/17/16 02:45:00 PM,1.54212,15.843
07/17/16 03:00:00 PM,1.53541,15.819
07/17/16 03:15:00 PM,1.55433,15.796
07/17/16 03:30:00 PM,1.52686,15.891
07/17/16 03:45:00 PM,1.53419,15.867
07/17/16 04:00:00 PM,1.54518,15.939
07/17/16 04:15:00 PM,1.55617,15.963
07/17/16 04:30:00 PM,1.53114,16.01
07/17/16 04:45:00 PM,1.53358,15.963
07/17/16 05:00:00 PM,1.52015,16.01
07/17/16 05:15:00 PM,1.55495,15.986
07/17/16 05:30:00 PM,1.52625,15.986
07/17/16 05:45:00 PM,1.52991,15.986
07/17/16 06:00:00 PM,1.51221,15.986
07/17/16 06:15:00 PM,1.52564,16.01
07/17/16 06:30:00 PM,1.52076,15.939
07/17/16 06:45:00 PM,1.49451,15.891
07/17/16 07:00:00 PM,1.52991,15.963
07/17/16 07:15:00 PM,1.50672,15.843
07/17/16 07:30:00 PM,1.49939,15.915
07/17/16 07:45:00 PM,1.49634,15.748
07/17/16 08:00:00 PM,1.49023,15.748
07/17/16 08:15:00 PM,1.4768,15.581
07/17/16 08:30:00 PM,1.46154,15.581
07/17/16 08:45:00 PM,1.46337,15.509
07/17/16 09:00:00 PM,1.44994,15.39
07/17/16 09:15:00 PM,1.44017,15.342
07/17/16 09:30:00 PM,1.40842,15.199
07/17/16 09:45:00 PM,1.4304,15.175
07/17/16 10:00:00 PM,1.39805,14.96
07/17/16 10:15:00 PM,1.39683,15.031
07/17/16 10:30:00 PM,1.37546,14.768
07/17/16 10:45:00 PM,1.39988,14.792
07/17/16 11:00:00 PM,1.40659,14.577
07/17/16 11:15:00 PM,1.32479,14.649
07/17/16 11:30:00 PM,1.279,14.409
07/17/16 11:45:00 PM,1.26313,14.457
07/18/16 12:00:00 AM,1.29426,14.29
07/18/16 12:15:00 AM,1.26679,14.29
07/18/16 12:30:00 AM,1.27961,14.122
07/18/16 12:45:00 AM,1.27839,14.146
07/18/16 01:00:00 AM,1.31074,14.146
07/18/16 01:15:00 AM,1.27473,14.026
07/18/16 01:30:00 AM,1.28022,13.882
07/18/16 01:45:00 AM,1.2967,14.002
07/18/16 02:00:00 AM,1.28755,13.81
07/18/16 02:15:00 AM,1.32357,13.954
07/18/16 02:30:00 AM,1.3138,13.762
07/18/16 02:45:00 AM,1.09768,13.858
07/18/16 03:00:00 AM,1.06105,13.666
07/18/16 03:15:00 AM,1.10867,13.762
07/18/16 03:30:00 AM,1.116,13.666
07/18/16 03:45:00 AM,1.13309,13.546
07/18/16 04:00:00 AM,1.12882,13.594
07/18/16 04:15:00 AM,1.13309,13.497
07/18/16 04:30:00 AM,1.16056,13.522
07/18/16 04:45:00 AM,1.18681,13.449
07/18/16 05:00:00 AM,1.14774,13.449
07/18/16 05:15:00 AM,1.18376,13.329
07/18/16 05:30:00 AM,1.21062,13.497
07/18/16 05:45:00 AM,1.18559,13.305
07/18/16 06:00:00 AM,1.21306,13.425
07/18/16 06:15:00 AM,1.17766,13.281
07/18/16 06:30:00 AM,1.22894,13.353
07/18/16 06:45:00 AM,1.23565,13.329
07/18/16 07:00:00 AM,1.24054,13.233
07/18/16 07:15:00 AM,1.04212,13.353
07/18/16 07:30:00 AM,1.11233,13.329
07/18/16 07:45:00 AM,1.05128,13.425
07/18/16 08:00:00 AM,1.11783,13.425
07/18/16 08:15:00 AM,1.14042,13.57
07/18/16 08:30:00 AM,1.17582,13.762
07/18/16 08:45:00 AM,1.18315,13.714
07/18/16 09:00:00 AM,1.21368,13.882
07/18/16 09:15:00 AM,1.24176,13.93
07/18/16 09:30:00 AM,1.29121,14.146
07/18/16 09:45:00 AM,1.26618,14.146
07/18/16 10:00:00 AM,1.33089,14.409
07/18/16 10:15:00 AM,1.32723,14.433
07/18/16 10:30:00 AM,1.35226,14.673
07/18/16 10:45:00 AM,1.4127,14.768
07/18/16 11:00:00 AM,1.35836,14.912
07/18/16 11:15:00 AM,1.37851,15.008
07/18/16 11:30:00 AM,1.40904,15.127
07/18/16 11:45:00 AM,1.4359,15.318
07/18/16 12:00:00 PM,1.4359,15.342
07/18/16 12:15:00 PM,1.49695,15.557
07/18/16 12:30:00 PM,1.39133,15.581
07/18/16 12:45:00 PM,1.4475,15.676
07/18/16 01:00:00 PM,1.45055,15.819
07/18/16 01:15:00 PM,1.41697,15.819
07/18/16 01:30:00 PM,1.47192,15.867
07/18/16 01:45:00 PM,1.47009,15.986
07/18/16 02:00:00 PM,1.48291,16.058
07/18/16 02:15:00 PM,1.51587,16.106
07/18/16 02:30:00 PM,1.50977,16.225
07/18/16 02:45:00 PM,1.50122,16.177
07/18/16 03:00:00 PM,1.50794,16.153
07/18/16 03:15:00 PM,1.48291,16.201
07/18/16 03:30:00 PM,1.50611,16.153
07/18/16 03:45:00 PM,1.50977,16.225
07/18/16 04:00:00 PM,1.51404,16.201
07/18/16 04:15:00 PM,1.54335,16.296
07/18/16 04:30:00 PM,1.51893,16.225
07/18/16 04:45:00 PM,1.5293,16.344
07/18/16 05:00:00 PM,1.5232,16.272
07/18/16 05:15:00 PM,1.54579,16.344
07/18/16 05:30:00 PM,1.51648,16.296
07/18/16 05:45:00 PM,1.54884,16.249
07/18/16 06:00:00 PM,1.55556,16.296
07/18/16 06:15:00 PM,1.51648,16.225
07/18/16 06:30:00 PM,1.52991,16.296
07/18/16 06:45:00 PM,1.49512,16.201
07/18/16 07:00:00 PM,1.53114,16.249
07/18/16 07:15:00 PM,1.51099,16.129
07/18/16 07:30:00 PM,1.49817,16.129
07/18/16 07:45:00 PM,1.48474,16.01
07/18/16 08:00:00 PM,1.50427,16.034
07/18/16 08:15:00 PM,1.49084,15.891
07/18/16 08:30:00 PM,1.47741,15.772
07/18/16 08:45:00 PM,1.47863,15.772
07/18/16 09:00:00 PM,1.49206,15.748
07/18/16 09:15:00 PM,1.44139,15.533
07/18/16 09:30:00 PM,1.45177,15.485
07/18/16 09:45:00 PM,1.44689,15.294
07/18/16 10:00:00 PM,1.44811,15.294
07/18/16 10:15:00 PM,1.44811,15.103
07/18/16 10:30:00 PM,1.4127,15.127
07/18/16 10:45:00 PM,1.43223,15.103
07/18/16 11:00:00 PM,1.3663,14.84
07/18/16 11:15:00 PM,1.3895,14.697
07/18/16 11:30:00 PM,1.40598,14.768
07/18/16 11:45:00 PM,1.3779,14.577
07/19/16 12:00:00 AM,1.39072,14.601
07/19/16 12:15:00 AM,1.39866,14.529
07/19/16 12:30:00 AM,1.384,14.409
07/19/16 12:45:00 AM,1.36874,14.266
07/19/16 01:00:00 AM,1.38462,14.361
07/19/16 01:15:00 AM,1.3663,14.17
07/19/16 01:30:00 AM,1.37241,14.218
07/19/16 01:45:00 AM,1.35531,14.218
07/19/16 02:00:00 AM,1.37057,14.002
07/19/16 02:15:00 AM,1.35226,13.882
07/19/16 02:30:00 AM,1.37668,13.906
07/19/16 02:45:00 AM,1.384,13.858
07/19/16 03:00:00 AM,1.32723,13.738
07/19/16 03:15:00 AM,1.33211,13.786
07/19/16 03:30:00 AM,1.34005,13.642
07/19/16 03:45:00 AM,1.34493,13.762
07/19/16 04:00:00 AM,1.32051,13.618
07/19/16 04:15:00 AM,1.35958,13.666
07/19/16 04:30:00 AM,1.34066,13.546
07/19/16 04:45:00 AM,1.33883,13.473
07/19/16 05:00:00 AM,1.34737,13.546
07/19/16 05:15:00 AM,1.37607,13.401
07/19/16 05:30:00 AM,1.36081,13.473
07/19/16 05:45:00 AM,1.3486,13.329
07/19/16 06:00:00 AM,1.36996,13.401
07/19/16 06:15:00 AM,1.35531,13.329
07/19/16 06:30:00 AM,1.35775,13.449
07/19/16 06:45:00 AM,1.31624,13.329
07/19/16 07:00:00 AM,1.31685,13.281
07/19/16 07:15:00 AM,1.34249,13.425
07/19/16 07:30:00 AM,1.36508,13.522
07/19/16 07:45:00 AM,1.37241,13.497
07/19/16 08:00:00 AM,1.35897,13.497
07/19/16 08:15:00 AM,1.40476,13.738
07/19/16 08:30:00 AM,1.41514,13.762
07/19/16 08:45:00 AM,1.44322,13.978
07/19/16 09:00:00 AM,1.45849,14.098
07/19/16 09:15:00 AM,1.49389,14.361
07/19/16 09:30:00 AM,1.50305,14.409
07/19/16 09:45:00 AM,1.51465,14.601
07/19/16 10:00:00 AM,1.55067,14.673
07/19/16 10:15:00 AM,1.51404,14.816
07/19/16 10:30:00 AM,1.54274,14.936
07/19/16 10:45:00 AM,1.57265,15.127
07/19/16 11:00:00 AM,1.58303,15.318
07/19/16 11:15:00 AM,1.61233,15.509
07/19/16 11:30:00 AM,1.61355,15.605
07/19/16 11:45:00 AM,1.61661,15.676
07/19/16 12:00:00 PM,1.62515,15.891
07/19/16 12:15:00 PM,1.62271,15.963
07/19/16 12:30:00 PM,1.64286,16.106
07/19/16 12:45:00 PM,1.64469,16.177
07/19/16 01:00:00 PM,1.6453,16.249
07/19/16 01:15:00 PM,1.65324,16.392
07/19/16 01:30:00 PM,1.66911,16.463
07/19/16 01:45:00 PM,1.65934,16.534
07/19/16 02:00:00 PM,1.66484,16.582
07/19/16 02:15:00 PM,1.65629,16.606
07/19/16 02:30:00 PM,1.66117,16.63
07/19/16 02:45:00 PM,1.63004,16.677
07/19/16 03:00:00 PM,1.64286,16.677
07/19/16 03:15:00 PM,1.64835,16.725
07/19/16 03:30:00 PM,1.63187,16.725
07/19/16 03:45:00 PM,1.65629,16.773
07/19/16 04:00:00 PM,1.63309,16.796
07/19/16 04:15:00 PM,1.66056,16.773
07/19/16 04:30:00 PM,1.64286,16.796
07/19/16 04:45:00 PM,1.62393,16.796
07/19/16 05:00:00 PM,1.64103,16.82
07/19/16 05:15:00 PM,1.64286,16.82
07/19/16 05:30:00 PM,1.60012,16.82
07/19/16 05:45:00 PM,1.62332,16.844
07/19/16 06:00:00 PM,1.61661,16.796
07/19/16 06:15:00 PM,1.5989,16.82
07/19/16 06:30:00 PM,1.58974,16.749
07/19/16 06:45:00 PM,1.61294,16.749
07/19/16 07:00:00 PM,1.57387,16.725
07/19/16 07:15:00 PM,1.57814,16.654
07/19/16 07:30:00 PM,1.558,16.63
07/19/16 07:45:00 PM,1.56105,16.534
07/19/16 08:00:00 PM,1.56777,16.511
07/19/16 08:15:00 PM,1.52137,16.368
07/19/16 08:30:00 PM,1.53236,16.344
07/19/16 08:45:00 PM,1.51282,16.177
07/19/16 09:00:00 PM,1.47436,16.058
07/19/16 09:15:00 PM,1.50305,15.915
07/19/16 09:30:00 PM,1.50122,15.915
07/19/16 09:45:00 PM,1.46703,15.724
07/19/16 10:00:00 PM,1.45788,15.605
07/19/16 10:15:00 PM,1.44628,15.485
07/19/16 10:30:00 PM,1.43346,15.39
07/19/16 10:45:00 PM,1.42918,15.294
07/19/16 11:00:00 PM,1.44567,15.199
07/19/16 11:15:00 PM,1.43834,15.127
07/19/16 11:30:00 PM,1.41392,15.055
07/19/16 11:45:00 PM,1.41819,14.984
07/20/16 12:00:00 AM,1.39621,14.912
07/20/16 12:15:00 AM,1.4011,14.864
07/20/16 12:30:00 AM,1.42979,14.816
07/20/16 12:45:00 AM,1.40354,14.745
07/20/16 01:00:00 AM,1.42063,14.673
07/20/16 01:15:00 AM,1.40049,14.601
07/20/16 01:30:00 AM,1.40476,14.529
07/20/16 01:45:00 AM,1.36935,14.481
07/20/16 02:00:00 AM,1.39377,14.433
07/20/16 02:15:00 AM,1.40476,14.361
07/20/16 02:30:00 AM,1.39866,14.29
07/20/16 02:45:00 AM,1.40232,14.242
07/20/16 03:00:00 AM,1.39377,14.194
07/20/16 03:15:00 AM,1.39316,14.146
07/20/16 03:30:00 AM,1.38339,14.122
07/20/16 03:45:00 AM,1.39683,14.098
07/20/16 04:00:00 AM,1.40232,14.05
07/20/16 04:15:00 AM,1.38645,14.05
07/20/16 04:30:00 AM,1.39255,14.002
07/20/16 04:45:00 AM,1.39927,13.978
07/20/16 05:00:00 AM,1.37912,13.954
07/20/16 05:15:00 AM,1.384,13.93
07/20/16 05:30:00 AM,1.37546,13.906
07/20/16 05:45:00 AM,1.39377,13.882
07/20/16 06:00:00 AM,1.37912,13.858
07/20/16 06:15:00 AM,1.38339,13.834
07/20/16 06:30:00 AM,1.39133,13.81
07/20/16 06:45:00 AM,1.39011,13.81
07/20/16 07:00:00 AM,1.41209,13.834
07/20/16 07:15:00 AM,1.39377,13.858
07/20/16 07:30:00 AM,1.42735,13.906
07/20/16 07:45:00 AM,1.43956,13.93
07/20/16 08:00:00 AM,1.44139,14.002
07/20/16 08:15:00 AM,1.45421,14.074
07/20/16 08:30:00 AM,1.48596,14.17
07/20/16 08:45:00 AM,1.48535,14.337
07/20/16 09:00:00 AM,1.49695,14.361
07/20/16 09:15:00 AM,1.49451,14.553
07/20/16 09:30:00 AM,1.53114,14.697
07/20/16 09:45:00 AM,1.57082,14.912
07/20/16 10:00:00 AM,1.55495,14.912
07/20/16 10:15:00 AM,1.57143,15.127
07/20/16 10:30:00 AM,1.60073,15.223
07/20/16 10:45:00 AM,1.5757,15.318
07/20/16 11:00:00 AM,1.63187,15.509
07/20/16 11:15:00 AM,1.62759,15.581
07/20/16 11:30:00 AM,1.62576,15.724
07/20/16 11:45:00 AM,1.65263,15.819
07/20/16 12:00:00 PM,1.60623,15.7
07/20/16 12:15:00 PM,1.63065,15.7
07/20/16 12:30:00 PM,1.63797,15.557
07/20/16 12:45:00 PM,1.616,15.629
07/20/16 01:00:00 PM,1.62088,15.676
07/20/16 01:15:00 PM,1.57937,15.557
07/20/16 01:30:00 PM,1.59463,15.629
07/20/16 01:45:00 PM,1.59402,15.652
07/20/16 02:00:00 PM,1.55983,15.557
07/20/16 02:15:00 PM,1.57753,15.652
07/20/16 02:30:00 PM,1.58608,15.676
07/20/16 02:45:00 PM,1.58059,15.605
07/20/16 03:00:00 PM,1.56777,15.748
07/20/16 03:15:00 PM,1.59219,15.748
07/20/16 03:30:00 PM,1.5873,15.724
07/20/16 03:45:00 PM,1.58852,15.724
07/20/16 04:00:00 PM,1.57204,15.7
07/20/16 04:15:00 PM,1.57387,15.652
07/20/16 04:30:00 PM,1.58364,15.7
07/20/16 04:45:00 PM,1.56654,15.7
07/20/16 05:00:00 PM,1.56532,15.7
07/20/16 05:15:00 PM,1.56716,15.629
07/20/16 05:30:00 PM,1.56105,15.676
07/20/16 05:45:00 PM,1.56838,15.7
07/20/16 06:00:00 PM,1.5409,15.581
07/20/16 06:15:00 PM,1.55433,15.652
07/20/16 06:30:00 PM,1.5348,15.652
07/20/16 06:45:00 PM,1.51282,15.509
07/20/16 07:00:00 PM,1.52137,15.557
07/20/16 07:15:00 PM,1.52503,15.533
07/20/16 07:30:00 PM,1.49206,15.414
07/20/16 07:45:00 PM,1.50611,15.366
07/20/16 08:00:00 PM,1.49084,15.342
07/20/16 08:15:00 PM,1.47253,15.342
07/20/16 08:30:00 PM,1.47192,15.199
07/20/16 08:45:00 PM,1.45788,15.103
07/20/16 09:00:00 PM,1.45788,15.127
07/20/16 09:15:00 PM,1.42186,14.936
07/20/16 09:30:00 PM,1.46581,15.008
07/20/16 09:45:00 PM,1.47985,15.008
07/20/16 10:00:00 PM,1.44872,14.816
07/20/16 10:15:00 PM,1.44567,14.792
07/20/16 10:30:00 PM,1.42308,14.768
07/20/16 10:45:00 PM,1.44383,14.816
07/20/16 11:00:00 PM,1.42491,14.649
07/20/16 11:15:00 PM,1.42674,14.697
07/20/16 11:30:00 PM,1.43956,14.697
07/20/16 11:45:00 PM,1.42186,14.577
07/21/16 12:00:00 AM,1.4536,14.601
07/21/16 12:15:00 AM,1.35531,14.625
07/21/16 12:30:00 AM,1.337,14.529
07/21/16 12:45:00 AM,1.35409,14.481
07/21/16 01:00:00 AM,1.35287,14.433
07/21/16 01:15:00 AM,1.37973,14.481
07/21/16 01:30:00 AM,1.32845,14.314
07/21/16 01:45:00 AM,1.36142,14.361
07/21/16 02:00:00 AM,1.38462,14.361
07/21/16 02:15:00 AM,1.32601,14.218
07/21/16 02:30:00 AM,1.37057,14.218
07/21/16 02:45:00 AM,1.35287,14.194
07/21/16 03:00:00 AM,1.33944,14.194
07/21/16 03:15:00 AM,1.32479,14.05
07/21/16 03:30:00 AM,1.33272,14.146
07/21/16 03:45:00 AM,1.35348,14.17
07/21/16 04:00:00 AM,1.35104,14.05
07/21/16 04:15:00 AM,1.35836,14.098
07/21/16 04:30:00 AM,1.33211,13.954
07/21/16 04:45:00 AM,1.36264,14.026
07/21/16 05:00:00 AM,1.33272,13.906
07/21/16 05:15:00 AM,0.63614,13.954
07/21/16 05:30:00 AM,0.65385,13.978
07/21/16 05:45:00 AM,0.70879,13.81
07/21/16 06:00:00 AM,0.63675,13.882
07/21/16 06:15:00 AM,0.68926,13.906
07/21/16 06:30:00 AM,0.72039,13.786
07/21/16 06:45:00 AM,0.80098,13.882
07/21/16 07:00:00 AM,0.88889,13.858
07/21/16 07:15:00 AM,0.90537,13.81
07/21/16 07:30:00 AM,0.95788,13.858
07/21/16 07:45:00 AM,0.97558,13.882
07/21/16 08:00:00 AM,1.03053,14.002
07/21/16 08:15:00 AM,0.99756,13.906
07/21/16 08:30:00 AM,1.05311,14.05
07/21/16 08:45:00 AM,1.10256,14.146
07/21/16 09:00:00 AM,1.06471,14.098
07/21/16 09:15:00 AM,1.13858,14.29
07/21/16 09:30:00 AM,1.15751,14.385
07/21/16 09:45:00 AM,1.17033,14.361
07/21/16 10:00:00 AM,1.15629,14.481
07/21/16 10:15:00 AM,1.20208,14.553
07/21/16 10:30:00 AM,1.22405,14.625
07/21/16 10:45:00 AM,1.24542,14.673
07/21/16 11:00:00 AM,1.24054,14.768
07/21/16 11:15:00 AM,1.27289,14.84
07/21/16 11:30:00 AM,1.28632,14.816
07/21/16 11:45:00 AM,1.33211,14.912
07/21/16 12:00:00 PM,1.31074,15.031
07/21/16 12:15:00 PM,1.30586,15.103
07/21/16 12:30:00 PM,1.35104,15.294
07/21/16 12:45:00 PM,1.35958,15.485
07/21/16 01:00:00 PM,1.37057,15.533
07/21/16 01:15:00 PM,1.37912,15.652
07/21/16 01:30:00 PM,1.40354,15.748
07/21/16 01:45:00 PM,1.39744,15.7
07/21/16 02:00:00 PM,1.42369,15.772
07/21/16 02:15:00 PM,1.40415,15.772
07/21/16 02:30:00 PM,1.40904,15.676
07/21/16 02:45:00 PM,1.40781,15.724
07/21/16 03:00:00 PM,1.4243,15.748
07/21/16 03:15:00 PM,1.42857,15.652
07/21/16 03:30:00 PM,1.40842,15.676
07/21/16 03:45:00 PM,1.40904,15.724
07/21/16 04:00:00 PM,1.40598,15.724
07/21/16 04:15:00 PM,1.43895,15.724
07/21/16 04:30:00 PM,1.43651,15.819
07/21/16 04:45:00 PM,1.43223,15.772
07/21/16 05:00:00 PM,1.41392,15.796
07/21/16 05:15:00 PM,1.40476,15.772
07/21/16 05:30:00 PM,1.40659,15.676
07/21/16 05:45:00 PM,1.41392,15.652
07/21/16 06:00:00 PM,1.39805,15.676
07/21/16 06:15:00 PM,1.40476,15.557
07/21/16 06:30:00 PM,1.38034,15.509
07/21/16 06:45:00 PM,1.36569,15.39
07/21/16 07:00:00 PM,1.38339,15.438
07/21/16 07:15:00 PM,1.37424,15.294
07/21/16 07:30:00 PM,1.4011,15.366
07/21/16 07:45:00 PM,1.37729,15.366
07/21/16 08:00:00 PM,1.36142,15.223
07/21/16 08:15:00 PM,1.35592,15.127
07/21/16 08:30:00 PM,1.3779,15.175
07/21/16 08:45:00 PM,1.3779,15.055
07/21/16 09:00:00 PM,1.35348,15.055
07/21/16 09:15:00 PM,1.35653,14.912
07/21/16 09:30:00 PM,1.36081,14.96
07/21/16 09:45:00 PM,1.34737,14.816
07/21/16 10:00:00 PM,1.3431,14.864
07/21/16 10:15:00 PM,1.3431,14.792
07/21/16 10:30:00 PM,1.34676,14.745
07/21/16 10:45:00 PM,1.35287,14.649
07/21/16 11:00:00 PM,1.33822,14.649
07/21/16 11:15:00 PM,1.32906,14.529
07/21/16 11:30:00 PM,1.3431,14.481
07/21/16 11:45:00 PM,1.35348,14.529
07/22/16 12:00:00 AM,1.35714,14.481
07/22/16 12:15:00 AM,1.36325,14.553
07/22/16 12:30:00 AM,1.34921,14.385
07/22/16 12:45:00 AM,1.38523,14.457
07/22/16 01:00:00 AM,1.36447,14.457
07/22/16 01:15:00 AM,1.33516,14.266
07/22/16 01:30:00 AM,1.36386,14.146
07/22/16 01:45:00 AM,1.34066,14.218
07/22/16 02:00:00 AM,1.3254,14.074
07/22/16 02:15:00 AM,1.34371,14.17
07/22/16 02:30:00 AM,1.33761,14.026
07/22/16 02:45:00 AM,1.34676,13.93
07/22/16 03:00:00 AM,1.34921,14.026
07/22/16 03:15:00 AM,1.35958,14.098
07/22/16 03:30:00 AM,1.34493,13.906
07/22/16 03:45:00 AM,1.34799,13.81
07/22/16 04:00:00 AM,1.3663,13.906
07/22/16 04:15:00 AM,1.33761,13.762
07/22/16 04:30:00 AM,1.3602,13.81
07/22/16 04:45:00 AM,1.31868,13.738
07/22/16 05:00:00 AM,1.33639,13.618
07/22/16 05:15:00 AM,1.36264,13.762
07/22/16 05:30:00 AM,1.34676,13.618
07/22/16 05:45:00 AM,1.38217,13.738
07/22/16 06:00:00 AM,1.35592,13.594
07/22/16 06:15:00 AM,1.38889,13.714
07/22/16 06:30:00 AM,1.35348,13.618
07/22/16 06:45:00 AM,1.37057,13.642
07/22/16 07:00:00 AM,1.34249,13.642
07/22/16 07:15:00 AM,1.31868,13.594
07/22/16 07:30:00 AM,1.31441,13.738
07/22/16 07:45:00 AM,1.34921,13.666
07/22/16 08:00:00 AM,1.38828,13.834
07/22/16 08:15:00 AM,1.38645,13.738
07/22/16 08:30:00 AM,1.3779,13.882
07/22/16 08:45:00 AM,1.37912,13.81
07/22/16 09:00:00 AM,1.39072,13.954
07/22/16 09:15:00 AM,1.39927,13.858
07/22/16 09:30:00 AM,1.40476,13.858
07/22/16 09:45:00 AM,1.45177,14.026
07/22/16 10:00:00 AM,1.42308,14.026
07/22/16 10:15:00 AM,1.4243,14.026
07/22/16 10:30:00 AM,1.44261,14.074
07/22/16 10:45:00 AM,1.42735,14.026
07/22/16 11:00:00 AM,1.43162,14.122
07/22/16 11:15:00 AM,1.43284,14.05
07/22/16 11:30:00 AM,1.47131,14.17
07/22/16 11:45:00 AM,1.44567,14.218
07/22/16 12:00:00 PM,1.45482,14.29
07/22/16 12:15:00 PM,1.4707,14.266
07/22/16 12:30:00 PM,1.46276,14.409
07/22/16 12:45:00 PM,1.46642,14.433
07/22/16 01:00:00 PM,1.49512,14.601
07/22/16 01:15:00 PM,1.51709,14.601
07/22/16 01:30:00 PM,1.50305,14.768
07/22/16 01:45:00 PM,1.52625,14.745
07/22/16 02:00:00 PM,1.51343,14.888
07/22/16 02:15:00 PM,1.50427,14.84
07/22/16 02:30:00 PM,1.51587,14.912
07/22/16 02:45:00 PM,1.51648,14.888
07/22/16 03:00:00 PM,1.50977,14.888
07/22/16 03:15:00 PM,1.52991,14.936
07/22/16 03:30:00 PM,1.52442,14.888
07/22/16 03:45:00 PM,1.52137,14.984
07/22/16 04:00:00 PM,1.53114,14.936
07/22/16 04:15:00 PM,1.49695,14.984
07/22/16 04:30:00 PM,1.51954,14.912
07/22/16 04:45:00 PM,1.51282,14.96
07/22/16 05:00:00 PM,1.49695,14.96
07/22/16 05:15:00 PM,1.50488,15.031
07/22/16 05:30:00 PM,1.48352,14.936
07/22/16 05:45:00 PM,1.47253,14.888
07/22/16 06:00:00 PM,1.46398,14.936
07/22/16 06:15:00 PM,1.4884,14.84
07/22/16 06:30:00 PM,1.4536,14.912
07/22/16 06:45:00 PM,1.43895,14.792
07/22/16 07:00:00 PM,1.44078,14.84
07/22/16 07:15:00 PM,1.41331,14.697
07/22/16 07:30:00 PM,1.44994,14.768
07/22/16 07:45:00 PM,1.41148,14.673
07/22/16 08:00:00 PM,1.41697,14.673
07/22/16 08:15:00 PM,1.40415,14.649
07/22/16 08:30:00 PM,1.39316,14.649
07/22/16 08:45:00 PM,1.39316,14.505
07/22/16 09:00:00 PM,1.39988,14.529
07/22/16 09:15:00 PM,1.36203,14.457
07/22/16 09:30:00 PM,1.4072,14.505
07/22/16 09:45:00 PM,1.36569,14.361
07/22/16 10:00:00 PM,1.37607,14.385
07/22/16 10:15:00 PM,1.38217,14.314
07/22/16 10:30:00 PM,1.39988,14.385
07/22/16 10:45:00 PM,1.38034,14.218
07/22/16 11:00:00 PM,1.37912,14.17
07/22/16 11:15:00 PM,1.36813,14.194
07/22/16 11:30:00 PM,1.39744,14.218
07/22/16 11:45:00 PM,1.36508,14.098
07/23/16 12:00:00 AM,1.41453,14.05
07/23/16 12:15:00 AM,1.37302,14.098
07/23/16 12:30:00 AM,1.38095,14.026
07/23/16 12:45:00 AM,1.3779,14.05
07/23/16 01:00:00 AM,1.33578,13.978
07/23/16 01:15:00 AM,1.38095,14.074
07/23/16 01:30:00 AM,1.37363,13.978
07/23/16 01:45:00 AM,1.38462,14.026
07/23/16 02:00:00 AM,1.34371,13.906
07/23/16 02:15:00 AM,1.36935,13.906
07/23/16 02:30:00 AM,1.3663,13.882
07/23/16 02:45:00 AM,1.35714,13.954
07/23/16 03:00:00 AM,1.35409,13.81
07/23/16 03:15:00 AM,1.29915,13.714
07/23/16 03:30:00 AM,1.34676,13.786
07/23/16 03:45:00 AM,1.35775,13.762
07/23/16 04:00:00 AM,1.33211,13.834
07/23/16 04:15:00 AM,1.33516,13.714
07/23/16 04:30:00 AM,1.34615,13.666
07/23/16 04:45:00 AM,1.31502,13.714
07/23/16 05:00:00 AM,1.31563,13.618
07/23/16 05:15:00 AM,1.34615,13.714
07/23/16 05:30:00 AM,1.35165,13.618
07/23/16 05:45:00 AM,1.29915,13.546
07/23/16 06:00:00 AM,1.36264,13.666
07/23/16 06:15:00 AM,1.31868,13.546
07/23/16 06:30:00 AM,1.35287,13.666
07/23/16 06:45:00 AM,1.34982,13.57
07/23/16 07:00:00 AM,1.3431,13.522
07/23/16 07:15:00 AM,1.36447,13.642
07/23/16 07:30:00 AM,1.39133,13.666
07/23/16 07:45:00 AM,1.35287,13.666
07/23/16 08:00:00 AM,1.35226,13.594
07/23/16 08:15:00 AM,1.35958,13.714
07/23/16 08:30:00 AM,1.36142,13.642
07/23/16 08:45:00 AM,1.38217,13.786
07/23/16 09:00:00 AM,1.34554,13.69
07/23/16 09:15:00 AM,1.40232,13.738
07/23/16 09:30:00 AM,1.39072,13.786
07/23/16 09:45:00 AM,1.42979,13.858
07/23/16 10:00:00 AM,1.40537,13.834
07/23/16 10:15:00 AM,1.442,13.954
07/23/16 10:30:00 AM,1.4475,13.93
07/23/16 10:45:00 AM,1.47741,14.05
07/23/16 11:00:00 AM,1.47741,14.098
07/23/16 11:15:00 AM,1.47131,14.122
07/23/16 11:30:00 AM,1.49267,14.314
07/23/16 11:45:00 AM,1.53114,14.433
07/23/16 12:00:00 PM,1.54518,14.385
07/23/16 12:15:00 PM,1.53968,14.529
07/23/16 12:30:00 PM,1.52442,14.505
07/23/16 12:45:00 PM,1.57753,14.673
07/23/16 01:00:00 PM,1.56532,14.697
07/23/16 01:15:00 PM,1.60501,14.888
07/23/16 01:30:00 PM,1.61111,15.031
07/23/16 01:45:00 PM,1.63004,15.103
07/23/16 02:00:00 PM,1.61661,15.199
07/23/16 02:15:00 PM,1.64164,15.318
07/23/16 02:30:00 PM,1.62759,15.438
07/23/16 02:45:00 PM,1.63187,15.438
07/23/16 03:00:00 PM,1.64103,15.438
07/23/16 03:15:00 PM,1.62332,15.485
07/23/16 03:30:00 PM,1.63187,15.461
07/23/16 03:45:00 PM,1.62698,15.509
07/23/16 04:00:00 PM,1.6337,15.485
07/23/16 04:15:00 PM,1.62393,15.581
07/23/16 04:30:00 PM,1.6221,15.581
07/23/16 04:45:00 PM,1.62149,15.629
07/23/16 05:00:00 PM,1.59829,15.605
07/23/16 05:15:00 PM,1.62454,15.676
07/23/16 05:30:00 PM,1.62149,15.629
07/23/16 05:45:00 PM,1.61844,15.581
07/23/16 06:00:00 PM,1.58791,15.629
07/23/16 06:15:00 PM,1.60684,15.581
07/23/16 06:30:00 PM,1.60134,15.629
07/23/16 06:45:00 PM,1.60501,15.629
07/23/16 07:00:00 PM,1.59829,15.557
07/23/16 07:15:00 PM,1.56471,15.485
07/23/16 07:30:00 PM,1.59524,15.533
07/23/16 07:45:00 PM,1.56227,15.461
07/23/16 08:00:00 PM,1.60012,15.438
07/23/16 08:15:00 PM,1.56349,15.318
07/23/16 08:30:00 PM,1.54518,15.318
07/23/16 08:45:00 PM,1.59768,15.199
07/23/16 09:00:00 PM,1.54151,15.175
07/23/16 09:15:00 PM,1.54945,15.031
07/23/16 09:30:00 PM,1.51221,15.055
07/23/16 09:45:00 PM,1.51221,14.888
07/23/16 10:00:00 PM,1.50366,14.912
07/23/16 10:15:00 PM,1.5,14.768
07/23/16 10:30:00 PM,1.51709,14.768
07/23/16 10:45:00 PM,1.52259,14.697
07/23/16 11:00:00 PM,1.50183,14.697
07/23/16 11:15:00 PM,1.47497,14.529
07/23/16 11:30:00 PM,1.54518,14.601
07/23/16 11:45:00 PM,1.60867,14.529
07/24/16 12:00:00 AM,1.53785,14.481
07/24/16 12:15:00 AM,1.51404,14.337
07/24/16 12:30:00 AM,1.5,14.29
07/24/16 12:45:00 AM,1.51404,14.314
07/24/16 01:00:00 AM,1.49939,14.314
07/24/16 01:15:00 AM,1.44689,14.146
07/24/16 01:30:00 AM,1.45726,14.05
07/24/16 01:45:00 AM,1.44933,14.074
07/24/16 02:00:00 AM,1.44261,13.906
07/24/16 02:15:00 AM,1.46825,14.026
07/24/16 02:30:00 AM,1.43223,13.834
07/24/16 02:45:00 AM,1.43895,13.738
07/24/16 03:00:00 AM,1.4304,13.786
07/24/16 03:15:00 AM,1.44994,13.834
07/24/16 03:30:00 AM,1.42552,13.642
07/24/16 03:45:00 AM,1.43223,13.497
07/24/16 04:00:00 AM,1.42491,13.425
07/24/16 04:15:00 AM,1.43346,13.522
07/24/16 04:30:00 AM,1.42186,13.377
07/24/16 04:45:00 AM,1.41819,13.473
07/24/16 05:00:00 AM,1.44017,13.305
07/24/16 05:15:00 AM,1.40171,13.401
07/24/16 05:30:00 AM,1.39255,13.257
07/24/16 05:45:00 AM,1.42125,13.137
07/24/16 06:00:00 AM,1.44261,13.281
07/24/16 06:15:00 AM,1.42002,13.137
07/24/16 06:30:00 AM,1.40781,13.064
07/24/16 06:45:00 AM,1.45543,13.257
07/24/16 07:00:00 AM,1.42369,13.257
07/24/16 07:15:00 AM,1.44017,13.185
07/24/16 07:30:00 AM,1.46398,13.112
07/24/16 07:45:00 AM,1.53785,13.257
07/24/16 08:00:00 AM,1.49878,13.305
07/24/16 08:15:00 AM,1.5293,13.425
07/24/16 08:30:00 AM,1.51954,13.449
07/24/16 08:45:00 AM,1.52747,13.425
07/24/16 09:00:00 AM,1.55678,13.642
07/24/16 09:15:00 AM,1.56288,13.618
07/24/16 09:30:00 AM,1.56166,13.906
07/24/16 09:45:00 AM,1.58608,13.906
07/24/16 10:00:00 AM,1.63065,14.074
07/24/16 10:15:00 AM,1.65568,14.17
07/24/16 10:30:00 AM,1.61905,14.337
07/24/16 10:45:00 AM,1.63553,14.385
07/24/16 11:00:00 AM,1.64591,14.601
07/24/16 11:15:00 AM,1.68193,14.625
07/24/16 11:30:00 AM,1.67277,14.816
07/24/16 11:45:00 AM,1.65812,14.84
07/24/16 12:00:00 PM,1.67582,15.008
07/24/16 12:15:00 PM,1.6746,15.055
07/24/16 12:30:00 PM,1.67399,15.223
07/24/16 12:45:00 PM,1.69719,15.199
07/24/16 01:00:00 PM,1.73504,15.318
07/24/16 01:15:00 PM,1.67827,15.366
07/24/16 01:30:00 PM,1.68864,15.509
07/24/16 01:45:00 PM,1.71368,15.509
07/24/16 02:00:00 PM,1.74115,15.676
07/24/16 02:15:00 PM,1.72161,15.629
07/24/16 02:30:00 PM,1.70513,15.7
07/24/16 02:45:00 PM,1.7326,15.676
07/24/16 03:00:00 PM,1.71123,15.724
07/24/16 03:15:00 PM,1.69536,15.724
07/24/16 03:30:00 PM,1.73016,15.796
07/24/16 03:45:00 PM,1.68437,15.724
07/24/16 04:00:00 PM,1.7094,15.724
07/24/16 04:15:00 PM,1.69719,15.748
07/24/16 04:30:00 PM,1.7094,15.843
07/24/16 04:45:00 PM,1.69597,15.796
07/24/16 05:00:00 PM,1.71306,15.819
07/24/16 05:15:00 PM,1.69658,15.819
07/24/16 05:30:00 PM,1.70757,15.891
07/24/16 05:45:00 PM,1.71245,15.796
07/24/16 06:00:00 PM,1.70208,15.724
07/24/16 06:15:00 PM,1.66911,15.772
07/24/16 06:30:00 PM,1.67705,15.796
07/24/16 06:45:00 PM,1.64408,15.748
07/24/16 07:00:00 PM,1.66178,15.676
07/24/16 07:15:00 PM,1.64774,15.676
07/24/16 07:30:00 PM,1.64408,15.652
07/24/16 07:45:00 PM,1.63309,15.605
07/24/16 08:00:00 PM,1.61538,15.461
07/24/16 08:15:00 PM,1.62821,15.461
07/24/16 08:30:00 PM,1.59707,15.39
07/24/16 08:45:00 PM,1.57753,15.366
07/24/16 09:00:00 PM,1.58913,15.199
07/24/16 09:15:00 PM,1.56593,15.223
07/24/16 09:30:00 PM,1.58974,15.079
07/24/16 09:45:00 PM,1.56899,15.031
07/24/16 10:00:00 PM,1.55495,14.864
07/24/16 10:15:00 PM,1.55861,14.864
07/24/16 10:30:00 PM,1.54212,14.721
07/24/16 10:45:00 PM,1.5348,14.745
07/24/16 11:00:00 PM,1.51465,14.553
07/24/16 11:15:00 PM,1.53541,14.649
07/24/16 11:30:00 PM,1.50366,14.481
07/24/16 11:45:00 PM,1.53541,14.505
07/25/16 12:00:00 AM,1.49939,14.337
07/25/16 12:15:00 AM,1.51954,14.433
07/25/16 12:30:00 AM,1.49817,14.242
07/25/16 12:45:00 AM,1.50611,14.314
07/25/16 01:00:00 AM,1.49451,14.122
07/25/16 01:15:00 AM,1.51221,14.194
07/25/16 01:30:00 AM,1.50427,14.05
07/25/16 01:45:00 AM,1.46764,13.93
07/25/16 02:00:00 AM,1.49084,14.05
07/25/16 02:15:00 AM,1.50733,13.882
07/25/16 02:30:00 AM,1.50183,13.954
07/25/16 02:45:00 AM,1.52076,13.906
07/25/16 03:00:00 AM,1.5,13.882
07/25/16 03:15:00 AM,1.52503,13.738
07/25/16 03:30:00 AM,1.5,13.666
07/25/16 03:45:00 AM,1.50305,13.81
07/25/16 04:00:00 AM,1.49756,13.666
07/25/16 04:15:00 AM,1.52442,13.714
07/25/16 04:30:00 AM,1.5,13.714
07/25/16 04:45:00 AM,1.50733,13.594
07/25/16 05:00:00 AM,1.5409,13.714
07/25/16 05:15:00 AM,1.51648,13.57
07/25/16 05:30:00 AM,1.52442,13.666
07/25/16 05:45:00 AM,1.51832,13.546
07/25/16 06:00:00 AM,1.53114,13.594
07/25/16 06:15:00 AM,1.51709,13.57
07/25/16 06:30:00 AM,1.53541,13.69
07/25/16 06:45:00 AM,1.50672,13.522
07/25/16 07:00:00 AM,1.51404,13.449
07/25/16 07:15:00 AM,1.54579,13.642
07/25/16 07:30:00 AM,1.52991,13.546
07/25/16 07:45:00 AM,1.54823,13.666
07/25/16 08:00:00 AM,1.5348,13.546
07/25/16 08:15:00 AM,1.54457,13.69
07/25/16 08:30:00 AM,1.56105,13.642
07/25/16 08:45:00 AM,1.59829,13.738
07/25/16 09:00:00 AM,1.57753,13.666
07/25/16 09:15:00 AM,1.57753,13.714
07/25/16 09:30:00 AM,1.60623,13.762
07/25/16 09:45:00 AM,1.616,13.762
07/25/16 10:00:00 AM,1.60195,13.834
07/25/16 10:15:00 AM,1.61966,13.762
07/25/16 10:30:00 AM,1.62393,13.93
07/25/16 10:45:00 AM,1.63919,14.002
07/25/16 11:00:00 AM,1.64652,14.026
07/25/16 11:15:00 AM,1.63126,14.026
07/25/16 11:30:00 AM,1.68742,14.218
07/25/16 11:45:00 AM,1.68681,14.266
07/25/16 12:00:00 PM,1.663,14.433
07/25/16 12:15:00 PM,1.6917,14.433
07/25/16 12:30:00 PM,1.7326,14.673
07/25/16 12:45:00 PM,1.7265,14.721
07/25/16 01:00:00 PM,1.74359,14.864
07/25/16 01:15:00 PM,1.72466,14.816
07/25/16 01:30:00 PM,1.72344,14.936
07/25/16 01:45:00 PM,1.74298,14.912
07/25/16 02:00:00 PM,1.74115,15.008
07/25/16 02:15:00 PM,1.72527,14.96
07/25/16 02:30:00 PM,1.73993,15.103
07/25/16 02:45:00 PM,1.76007,15.055
07/25/16 03:00:00 PM,1.75763,15.151
07/25/16 03:15:00 PM,1.75885,15.127
07/25/16 03:30:00 PM,1.75519,15.27
07/25/16 03:45:00 PM,1.75946,15.27
07/25/16 04:00:00 PM,1.6569,15.438
07/25/16 04:15:00 PM,1.67582,15.366
07/25/16 04:30:00 PM,1.68987,15.509
07/25/16 04:45:00 PM,1.70757,15.509
07/25/16 05:00:00 PM,1.72161,15.605
07/25/16 05:15:00 PM,1.67827,15.509
07/25/16 05:30:00 PM,1.69414,15.509
07/25/16 05:45:00 PM,1.65812,15.485
07/25/16 06:00:00 PM,1.66789,15.533
07/25/16 06:15:00 PM,1.67033,15.414
07/25/16 06:30:00 PM,1.69719,15.414
07/25/16 06:45:00 PM,1.64591,15.438
07/25/16 07:00:00 PM,1.68559,15.461
07/25/16 07:15:00 PM,1.66972,15.39
07/25/16 07:30:00 PM,1.64164,15.318
07/25/16 07:45:00 PM,1.61905,15.318
07/25/16 08:00:00 PM,1.663,15.318
07/25/16 08:15:00 PM,1.64164,15.247
07/25/16 08:30:00 PM,1.61233,15.151
07/25/16 08:45:00 PM,1.60684,15.151
07/25/16 09:00:00 PM,1.59707,15.151
07/25/16 09:15:00 PM,1.59035,15.031
07/25/16 09:30:00 PM,1.56838,14.888
07/25/16 09:45:00 PM,1.58059,14.912
07/25/16 10:00:00 PM,1.57387,14.864
07/25/16 10:15:00 PM,1.5757,14.792
07/25/16 10:30:00 PM,1.5641,14.649
07/25/16 10:45:00 PM,1.56166,14.697
07/25/16 11:00:00 PM,1.57753,14.553
07/25/16 11:15:00 PM,1.55311,14.625
07/25/16 11:30:00 PM,1.55983,14.505
07/25/16 11:45:00 PM,1.55617,14.601
07/26/16 12:00:00 AM,1.55983,14.457
07/26/16 12:15:00 AM,1.53968,14.553
07/26/16 12:30:00 AM,1.53175,14.385
07/26/16 12:45:00 AM,1.53236,14.457
07/26/16 01:00:00 AM,1.55189,14.361
07/26/16 01:15:00 AM,1.56777,14.385
07/26/16 01:30:00 AM,1.74908,14.242
07/26/16 01:45:00 AM,1.7149,14.314
07/26/16 02:00:00 AM,1.67277,14.146
07/26/16 02:15:00 AM,1.65934,14.218
07/26/16 02:30:00 AM,1.64164,14.05
07/26/16 02:45:00 AM,1.65079,14.026
07/26/16 03:00:00 AM,1.6398,13.978
07/26/16 03:15:00 AM,1.62149,13.93
07/26/16 03:30:00 AM,1.57021,13.858
07/26/16 03:45:00 AM,1.61294,13.81
07/26/16 04:00:00 AM,1.57448,13.762
07/26/16 04:15:00 AM,1.59951,13.618
07/26/16 04:30:00 AM,1.62576,13.738
07/26/16 04:45:00 AM,1.59463,13.57
07/26/16 05:00:00 AM,1.58364,13.473
07/26/16 05:15:00 AM,1.62882,13.546
07/26/16 05:30:00 AM,1.65018,13.618
07/26/16 05:45:00 AM,1.60684,13.449
07/26/16 06:00:00 AM,1.57387,13.305
07/26/16 06:15:00 AM,1.58608,13.353
07/26/16 06:30:00 AM,1.58486,13.377
07/26/16 06:45:00 AM,1.58608,13.281
07/26/16 07:00:00 AM,1.60806,13.353
07/26/16 07:15:00 AM,1.59158,13.257
07/26/16 07:30:00 AM,1.57753,13.329
07/26/16 07:45:00 AM,1.5928,13.401
07/26/16 08:00:00 AM,1.62882,13.449
07/26/16 08:15:00 AM,1.60989,13.473
07/26/16 08:30:00 AM,1.58974,13.473
07/26/16 08:45:00 AM,1.62759,13.642
07/26/16 09:00:00 AM,1.63126,13.666
07/26/16 09:15:00 AM,1.63309,13.786
07/26/16 09:30:00 AM,1.63736,13.762
07/26/16 09:45:00 AM,1.64652,13.954
07/26/16 10:00:00 AM,1.66239,14.026
07/26/16 10:15:00 AM,1.67033,14.146
07/26/16 10:30:00 AM,1.69048,14.242
07/26/16 10:45:00 AM,1.67582,14.242
07/26/16 11:00:00 AM,1.6801,14.385
07/26/16 11:15:00 AM,1.68254,14.337
07/26/16 11:30:00 AM,1.71306,14.601
07/26/16 11:45:00 AM,1.7094,14.553
07/26/16 12:00:00 PM,1.73932,14.84
07/26/16 12:15:00 PM,1.73077,14.768
07/26/16 12:30:00 PM,1.75336,15.055
07/26/16 12:45:00 PM,1.72466,14.888
07/26/16 01:00:00 PM,1.72955,14.721
07/26/16 01:15:00 PM,1.75702,14.96
07/26/16 01:30:00 PM,1.73504,14.888
07/26/16 01:45:00 PM,1.76435,15.151
07/26/16 02:00:00 PM,1.78938,15.366
07/26/16 02:15:00 PM,1.78266,15.318
07/26/16 02:30:00 PM,1.78632,15.318
07/26/16 02:45:00 PM,1.7619,15.294
07/26/16 03:00:00 PM,1.75946,15.318
07/26/16 03:15:00 PM,1.7326,15.079
07/26/16 03:30:00 PM,1.71856,14.96
07/26/16 03:45:00 PM,1.72711,15.103
07/26/16 04:00:00 PM,1.73321,15.079
07/26/16 04:15:00 PM,1.74664,15.127
07/26/16 04:30:00 PM,1.76007,15.127
07/26/16 04:45:00 PM,1.75031,15.103
07/26/16 05:00:00 PM,1.72466,15.031
07/26/16 05:15:00 PM,1.7326,15.199
07/26/16 05:30:00 PM,1.72344,15.127
07/26/16 05:45:00 PM,1.72833,15.294
07/26/16 06:00:00 PM,1.70147,15.127
07/26/16 06:15:00 PM,1.67705,15.175
07/26/16 06:30:00 PM,1.66728,15.008
07/26/16 06:45:00 PM,1.69292,15.127
07/26/16 07:00:00 PM,1.68987,15.103
07/26/16 07:15:00 PM,1.65568,15.031
07/26/16 07:30:00 PM,1.64408,14.912
07/26/16 07:45:00 PM,1.65873,15.031
07/26/16 08:00:00 PM,1.63675,14.84
07/26/16 08:15:00 PM,1.63004,15.008
07/26/16 08:30:00 PM,1.5989,14.768
07/26/16 08:45:00 PM,1.64774,14.816
07/26/16 09:00:00 PM,1.58913,14.673
07/26/16 09:15:00 PM,1.60256,14.697
07/26/16 09:30:00 PM,1.58547,14.457
07/26/16 09:45:00 PM,1.5812,14.314
07/26/16 10:00:00 PM,1.55739,14.409
07/26/16 10:15:00 PM,1.5757,14.314
07/26/16 10:30:00 PM,1.5696,14.218
07/26/16 10:45:00 PM,1.57753,14.074
07/26/16 11:00:00 PM,1.53846,14.098
07/26/16 11:15:00 PM,1.53175,13.906
07/26/16 11:30:00 PM,1.55678,14.026
07/26/16 11:45:00 PM,1.54029,13.81
07/27/16 12:00:00 AM,1.54518,13.93
07/27/16 12:15:00 AM,1.54029,13.738
07/27/16 12:30:00 AM,1.55495,13.762
07/27/16 12:45:00 AM,1.54518,13.57
07/27/16 01:00:00 AM,1.58669,13.738
07/27/16 01:15:00 AM,1.55678,13.497
07/27/16 01:30:00 AM,1.55678,13.69
07/27/16 01:45:00 AM,1.53358,13.425
07/27/16 02:00:00 AM,1.55006,13.497
07/27/16 02:15:00 AM,1.50061,13.281
07/27/16 02:30:00 AM,1.53236,13.473
07/27/16 02:45:00 AM,1.54518,13.233
07/27/16 03:00:00 AM,1.55495,13.281
07/27/16 03:15:00 AM,1.50427,13.185
07/27/16 03:30:00 AM,1.52198,13.233
07/27/16 03:45:00 AM,1.51587,13.04
07/27/16 04:00:00 AM,1.49939,12.944
07/27/16 04:15:00 AM,1.51221,13.137
07/27/16 04:30:00 AM,1.50672,12.944
07/27/16 04:45:00 AM,1.50122,13.064
07/27/16 05:00:00 AM,1.49267,12.871
07/27/16 05:15:00 AM,1.53846,13.04
07/27/16 05:30:00 AM,1.49512,12.823
07/27/16 05:45:00 AM,1.54823,12.944
07/27/16 06:00:00 AM,1.5,12.799
07/27/16 06:15:00 AM,1.50305,12.678
07/27/16 06:30:00 AM,1.55617,12.896
07/27/16 06:45:00 AM,1.53297,12.727
07/27/16 07:00:00 AM,1.51648,12.847
07/27/16 07:15:00 AM,1.51221,12.727
07/27/16 07:30:00 AM,1.55006,12.896
07/27/16 07:45:00 AM,1.558,12.847
07/27/16 08:00:00 AM,1.55189,12.92
07/27/16 08:15:00 AM,1.50916,12.847
07/27/16 08:30:00 AM,1.56044,13.088
07/27/16 08:45:00 AM,1.55739,12.968
07/27/16 09:00:00 AM,1.57631,13.209
07/27/16 09:15:00 AM,1.58486,13.112
07/27/16 09:30:00 AM,1.61538,13.281
07/27/16 09:45:00 AM,1.59585,13.257
07/27/16 10:00:00 AM,1.63309,13.522
07/27/16 10:15:00 AM,1.63492,13.425
07/27/16 10:30:00 AM,1.67705,13.666
07/27/16 10:45:00 AM,1.66422,13.738
07/27/16 11:00:00 AM,1.68132,13.906
07/27/16 11:15:00 AM,1.67094,13.858
07/27/16 11:30:00 AM,1.71245,14.074
07/27/16 11:45:00 AM,1.68376,14.05
07/27/16 12:00:00 PM,1.69902,14.242
07/27/16 12:15:00 PM,1.67582,14.122
07/27/16 12:30:00 PM,1.7033,14.218
07/27/16 12:45:00 PM,1.68315,14.122
07/27/16 01:00:00 PM,1.71062,14.266
07/27/16 01:15:00 PM,1.70452,14.266
07/27/16 01:30:00 PM,1.68926,14.361
07/27/16 01:45:00 PM,1.72711,14.409
07/27/16 02:00:00 PM,1.7326,14.601
07/27/16 02:15:00 PM,1.76374,14.553
07/27/16 02:30:00 PM,1.7442,14.553
07/27/16 02:45:00 PM,1.76618,14.697
07/27/16 03:00:00 PM,1.73687,14.649
07/27/16 03:15:00 PM,1.75519,14.84
07/27/16 03:30:00 PM,1.74359,14.792
07/27/16 03:45:00 PM,1.77228,14.912
07/27/16 04:00:00 PM,1.76313,14.84
07/27/16 04:15:00 PM,1.77167,14.912
07/27/16 04:30:00 PM,1.74237,14.84
07/27/16 04:45:00 PM,1.74176,14.912
07/27/16 05:00:00 PM,1.73504,14.816
07/27/16 05:15:00 PM,1.74969,15.008
07/27/16 05:30:00 PM,1.74481,14.888
07/27/16 05:45:00 PM,1.75214,14.96
07/27/16 06:00:00 PM,1.73321,14.84
07/27/16 06:15:00 PM,1.73932,14.936
07/27/16 06:30:00 PM,1.70879,14.792
07/27/16 06:45:00 PM,1.71978,14.888
07/27/16 07:00:00 PM,1.67949,14.768
07/27/16 07:15:00 PM,1.70147,14.84
07/27/16 07:30:00 PM,1.67766,14.721
07/27/16 07:45:00 PM,1.70818,14.792
07/27/16 08:00:00 PM,1.69658,14.792
07/27/16 08:15:00 PM,1.67094,14.673
07/27/16 08:30:00 PM,1.6862,14.577
07/27/16 08:45:00 PM,1.65263,14.577
07/27/16 09:00:00 PM,1.65751,14.529
07/27/16 09:15:00 PM,1.64835,14.529
07/27/16 09:30:00 PM,1.6569,14.409
07/27/16 09:45:00 PM,1.6569,14.433
07/27/16 10:00:00 PM,1.62759,14.242
07/27/16 10:15:00 PM,1.63919,14.314
07/27/16 10:30:00 PM,1.62332,14.146
07/27/16 10:45:00 PM,1.64286,14.242
07/27/16 11:00:00 PM,1.62943,14.146
07/27/16 11:15:00 PM,1.60317,14.098
07/27/16 11:30:00 PM,1.60195,13.978
07/27/16 11:45:00 PM,1.5873,14.098
07/28/16 12:00:00 AM,1.6105,13.906
07/28/16 12:15:00 AM,1.59341,14.002
07/28/16 12:30:00 AM,1.58974,13.858
07/28/16 12:45:00 AM,1.58425,13.858
07/28/16 01:00:00 AM,1.54457,13.69
07/28/16 01:15:00 AM,1.57326,13.786
07/28/16 01:30:00 AM,1.56166,13.618
07/28/16 01:45:00 AM,1.57265,13.738
07/28/16 02:00:00 AM,1.60012,13.666
07/28/16 02:15:00 AM,1.56044,13.594
07/28/16 02:30:00 AM,1.54823,13.449
07/28/16 02:45:00 AM,1.57021,13.57
07/28/16 03:00:00 AM,1.60195,13.425
07/28/16 03:15:00 AM,1.61233,13.522
07/28/16 03:30:00 AM,1.59524,13.377
07/28/16 03:45:00 AM,1.58669,13.473
07/28/16 04:00:00 AM,1.56044,13.305
07/28/16 04:15:00 AM,1.57265,13.473
07/28/16 04:30:00 AM,1.54762,13.281
07/28/16 04:45:00 AM,1.59158,13.425
07/28/16 05:00:00 AM,1.57448,13.281
07/28/16 05:15:00 AM,1.56227,13.353
07/28/16 05:30:00 AM,1.56349,13.209
07/28/16 05:45:00 AM,1.59524,13.377
07/28/16 06:00:00 AM,1.57448,13.281
07/28/16 06:15:00 AM,1.61111,13.425
07/28/16 06:30:00 AM,1.56532,13.281
07/28/16 06:45:00 AM,1.60501,13.449
07/28/16 07:00:00 AM,1.57326,13.353
07/28/16 07:15:00 AM,1.59096,13.449
07/28/16 07:30:00 AM,1.59096,13.329
07/28/16 07:45:00 AM,1.58791,13.353
07/28/16 08:00:00 AM,1.59035,13.401
07/28/16 08:15:00 AM,1.60928,13.546
07/28/16 08:30:00 AM,1.58791,13.425
07/28/16 08:45:00 AM,1.60623,13.57
07/28/16 09:00:00 AM,1.61233,13.642
07/28/16 09:15:00 AM,1.60501,13.618
07/28/16 09:30:00 AM,1.61844,13.666
07/28/16 09:45:00 AM,1.6044,13.714
07/28/16 10:00:00 AM,1.62454,13.738
07/28/16 10:15:00 AM,1.62576,13.762
07/28/16 10:30:00 AM,1.62576,13.786
07/28/16 10:45:00 AM,1.62882,13.834
07/28/16 11:00:00 AM,1.61355,13.81
07/28/16 11:15:00 AM,1.60867,13.858
07/28/16 11:30:00 AM,1.64042,14.05
07/28/16 11:45:00 AM,1.67888,14.194
07/28/16 12:00:00 PM,1.64957,14.242
07/28/16 12:15:00 PM,1.66056,14.29
07/28/16 12:30:00 PM,1.66606,14.218
07/28/16 12:45:00 PM,1.65873,14.242
07/28/16 01:00:00 PM,1.67094,14.29
07/28/16 01:15:00 PM,1.69231,14.361
07/28/16 01:30:00 PM,1.7149,14.529
07/28/16 01:45:00 PM,1.7149,14.697
07/28/16 02:00:00 PM,1.72405,14.768
07/28/16 02:15:00 PM,1.73138,14.888
07/28/16 02:30:00 PM,1.74237,15.008
07/28/16 02:45:00 PM,1.73565,15.055
07/28/16 03:00:00 PM,1.76557,15.127
07/28/16 03:15:00 PM,1.75214,15.175
07/28/16 03:30:00 PM,1.74847,15.175
07/28/16 03:45:00 PM,1.7442,15.223
07/28/16 04:00:00 PM,1.74481,15.247
07/28/16 04:15:00 PM,1.72955,15.223
07/28/16 04:30:00 PM,1.74725,15.199
07/28/16 04:45:00 PM,1.73138,15.247
07/28/16 05:00:00 PM,1.74786,15.199
07/28/16 05:15:00 PM,1.73504,15.223
07/28/16 05:30:00 PM,1.74481,15.27
07/28/16 05:45:00 PM,1.73016,15.199
07/28/16 06:00:00 PM,1.74176,15.175
07/28/16 06:15:00 PM,1.71551,15.151
07/28/16 06:30:00 PM,1.68803,15.055
07/28/16 06:45:00 PM,1.69963,15.055
07/28/16 07:00:00 PM,1.71184,15.055
07/28/16 07:15:00 PM,1.69597,15.031
07/28/16 07:30:00 PM,1.69292,15.031
07/28/16 07:45:00 PM,1.67949,15.008
07/28/16 08:00:00 PM,1.67094,14.936
07/28/16 08:15:00 PM,1.65812,14.912
07/28/16 08:30:00 PM,1.64225,14.84
07/28/16 08:45:00 PM,1.63553,14.768
07/28/16 09:00:00 PM,1.63736,14.745
07/28/16 09:15:00 PM,1.61477,14.673
07/28/16 09:30:00 PM,1.61844,14.625
07/28/16 09:45:00 PM,1.62943,14.625
07/28/16 10:00:00 PM,1.62027,14.529
07/28/16 10:15:00 PM,1.59768,14.457
07/28/16 10:30:00 PM,1.59463,14.433
07/28/16 10:45:00 PM,1.59341,14.361
07/28/16 11:00:00 PM,1.59341,14.29
07/28/16 11:15:00 PM,1.58913,14.29
07/28/16 11:30:00 PM,1.58425,14.242
07/28/16 11:45:00 PM,1.57204,14.17
07/29/16 12:00:00 AM,1.56471,14.194
07/29/16 12:15:00 AM,1.5641,14.122
07/29/16 12:30:00 AM,1.56044,14.074
07/29/16 12:45:00 AM,1.54884,14.098
07/29/16 01:00:00 AM,1.54701,14.026
07/29/16 01:15:00 AM,1.54701,13.954
07/29/16 01:30:00 AM,1.558,14.002
07/29/16 01:45:00 AM,1.53663,13.906
07/29/16 02:00:00 AM,1.54212,13.858
07/29/16 02:15:00 AM,1.5293,13.906
07/29/16 02:30:00 AM,1.5464,13.81
07/29/16 02:45:00 AM,1.54579,13.786
07/29/16 03:00:00 AM,1.55617,13.834
07/29/16 03:15:00 AM,1.53724,13.738
07/29/16 03:30:00 AM,1.53419,13.714
07/29/16 03:45:00 AM,1.53846,13.762
07/29/16 04:00:00 AM,1.55433,13.69
07/29/16 04:15:00 AM,1.53236,13.642
07/29/16 04:30:00 AM,1.54945,13.69
07/29/16 04:45:00 AM,1.5293,13.618
07/29/16 05:00:00 AM,1.53358,13.57
07/29/16 05:15:00 AM,1.5464,13.642
07/29/16 05:30:00 AM,1.54212,13.57
07/29/16 05:45:00 AM,1.53236,13.497
07/29/16 06:00:00 AM,1.56716,13.522
07/29/16 06:15:00 AM,1.53419,13.594
07/29/16 06:30:00 AM,1.53053,13.546
07/29/16 06:45:00 AM,1.54579,13.57
07/29/16 07:00:00 AM,1.5409,13.546
07/29/16 07:15:00 AM,1.56105,13.618
07/29/16 07:30:00 AM,1.55861,13.594
07/29/16 07:45:00 AM,1.58242,13.642
07/29/16 08:00:00 AM,1.60256,13.714
07/29/16 08:15:00 AM,1.59219,13.738
07/29/16 08:30:00 AM,1.6105,13.762
07/29/16 08:45:00 AM,1.60867,13.906
07/29/16 09:00:00 AM,1.60745,13.906
07/29/16 09:15:00 AM,1.60684,13.954
07/29/16 09:30:00 AM,1.62027,14.026
07/29/16 09:45:00 AM,1.61966,14.05
07/29/16 10:00:00 AM,1.64164,14.074
07/29/16 10:15:00 AM,1.62882,14.146
07/29/16 10:30:00 AM,1.61844,14.29
07/29/16 10:45:00 AM,1.66178,14.314
07/29/16 11:00:00 AM,1.63797,14.409
07/29/16 11:15:00 AM,1.61844,14.481
07/29/16 11:30:00 AM,1.61844,14.481
07/29/16 11:45:00 AM,1.61661,14.553
07/29/16 12:00:00 PM,1.61538,14.649
07/29/16 12:15:00 PM,1.59585,14.649
07/29/16 12:30:00 PM,1.616,14.721
07/29/16 12:45:00 PM,1.61233,14.888
07/29/16 01:00:00 PM,1.61477,14.984
07/29/16 01:15:00 PM,1.61661,15.151
07/29/16 01:30:00 PM,1.61294,15.294
07/29/16 01:45:00 PM,1.64286,15.318
07/29/16 02:00:00 PM,1.62882,15.366
07/29/16 02:15:00 PM,1.6221,15.366
07/29/16 02:30:00 PM,1.61722,15.414
07/29/16 02:45:00 PM,1.62759,15.485
07/29/16 03:00:00 PM,1.63126,15.629
07/29/16 03:15:00 PM,1.61905,15.748
07/29/16 03:30:00 PM,1.64164,15.772
07/29/16 03:45:00 PM,1.63736,15.819
07/29/16 04:00:00 PM,1.63858,15.963
07/29/16 04:15:00 PM,1.63309,15.986
07/29/16 04:30:00 PM,1.63248,15.939
07/29/16 04:45:00 PM,1.63797,15.939
07/29/16 05:00:00 PM,1.66117,15.963
07/29/16 05:15:00 PM,1.62943,16.01
07/29/16 05:30:00 PM,1.64835,15.963
07/29/16 05:45:00 PM,1.64469,15.891
07/29/16 06:00:00 PM,1.65018,15.867
07/29/16 06:15:00 PM,1.65201,15.867
07/29/16 06:30:00 PM,1.64957,15.748
07/29/16 06:45:00 PM,1.64408,15.676
07/29/16 07:00:00 PM,1.62637,15.605
07/29/16 07:15:00 PM,1.65324,15.557
07/29/16 07:30:00 PM,1.66422,15.485
07/29/16 07:45:00 PM,1.64774,15.438
07/29/16 08:00:00 PM,1.65201,15.414
07/29/16 08:15:00 PM,1.65018,15.318
07/29/16 08:30:00 PM,1.64042,15.247
07/29/16 08:45:00 PM,1.65446,15.223
07/29/16 09:00:00 PM,1.64835,15.103
07/29/16 09:15:00 PM,1.65079,15.008
07/29/16 09:30:00 PM,1.64713,14.888
07/29/16 09:45:00 PM,1.65812,14.816
07/29/16 10:00:00 PM,1.64713,14.721
07/29/16 10:15:00 PM,1.64774,14.625
07/29/16 10:30:00 PM,1.64652,14.625
07/29/16 10:45:00 PM,1.64713,14.529
07/29/16 11:00:00 PM,1.64896,14.457
07/29/16 11:15:00 PM,1.65201,14.457
07/29/16 11:30:00 PM,1.66239,14.385
07/29/16 11:45:00 PM,1.66117,14.314
07/30/16 12:00:00 AM,1.69292,14.266
07/30/16 12:15:00 AM,1.68559,14.266
07/30/16 12:30:00 AM,1.70024,14.194
07/30/16 12:45:00 AM,1.71245,14.146
07/30/16 01:00:00 AM,1.71062,14.17
07/30/16 01:15:00 AM,1.72589,14.074
07/30/16 01:30:00 AM,1.71306,13.978
07/30/16 01:45:00 AM,1.72527,13.978
07/30/16 02:00:00 AM,1.73321,13.978
07/30/16 02:15:00 AM,1.73138,13.906
07/30/16 02:30:00 AM,1.74969,13.834
07/30/16 02:45:00 AM,1.74481,13.786
07/30/16 03:00:00 AM,1.76618,13.786
07/30/16 03:15:00 AM,1.75702,13.69
07/30/16 03:30:00 AM,1.77778,13.594
07/30/16 03:45:00 AM,1.78449,13.594
07/30/16 04:00:00 AM,1.77595,13.618
07/30/16 04:15:00 AM,1.76252,13.546
07/30/16 04:30:00 AM,1.80769,13.497
07/30/16 04:45:00 AM,1.78999,13.425
07/30/16 05:00:00 AM,1.8022,13.353
07/30/16 05:15:00 AM,1.80098,13.353
07/30/16 05:30:00 AM,1.7851,13.281
07/30/16 05:45:00 AM,1.79915,13.233
07/30/16 06:00:00 AM,1.81258,13.257
07/30/16 06:15:00 AM,1.81441,13.185
07/30/16 06:30:00 AM,1.80159,13.185
07/30/16 06:45:00 AM,1.80952,13.137
07/30/16 07:00:00 AM,1.82234,13.185
07/30/16 07:15:00 AM,1.82723,13.161
07/30/16 07:30:00 AM,1.82479,13.209
07/30/16 07:45:00 AM,1.82479,13.185
07/30/16 08:00:00 AM,1.84737,13.257
07/30/16 08:15:00 AM,1.83272,13.305
07/30/16 08:30:00 AM,1.82784,13.329
07/30/16 08:45:00 AM,1.84921,13.425
07/30/16 09:00:00 AM,1.84249,13.594
07/30/16 09:15:00 AM,1.85287,13.642
07/30/16 09:30:00 AM,1.84921,13.762
07/30/16 09:45:00 AM,1.85226,13.906
07/30/16 10:00:00 AM,1.86996,13.93
07/30/16 10:15:00 AM,1.86264,13.978
07/30/16 10:30:00 AM,1.88278,14.122
07/30/16 10:45:00 AM,1.87668,14.194
07/30/16 11:00:00 AM,1.87424,14.242
07/30/16 11:15:00 AM,1.88706,14.314
07/30/16 11:30:00 AM,1.89072,14.457
07/30/16 11:45:00 AM,1.89377,14.505
07/30/16 12:00:00 PM,1.91514,14.577
07/30/16 12:15:00 PM,1.89316,14.721
07/30/16 12:30:00 PM,1.90171,14.673
07/30/16 12:45:00 PM,1.90232,14.745
07/30/16 01:00:00 PM,1.9011,14.792
07/30/16 01:15:00 PM,1.90598,14.864
07/30/16 01:30:00 PM,1.92369,15.055
07/30/16 01:45:00 PM,1.90476,15.199
07/30/16 02:00:00 PM,1.92247,15.342
07/30/16 02:15:00 PM,1.92247,15.39
07/30/16 02:30:00 PM,1.94567,15.438
07/30/16 02:45:00 PM,1.92857,15.509
07/30/16 03:00:00 PM,1.9304,15.485
07/30/16 03:15:00 PM,1.93895,15.485
07/30/16 03:30:00 PM,1.9475,15.461
07/30/16 03:45:00 PM,1.94872,15.39
07/30/16 04:00:00 PM,1.942,15.294
07/30/16 04:15:00 PM,1.96093,15.294
07/30/16 04:30:00 PM,1.95482,15.342
07/30/16 04:45:00 PM,1.97314,15.27
07/30/16 05:00:00 PM,1.96215,15.247
07/30/16 05:15:00 PM,1.97741,15.294
07/30/16 05:30:00 PM,1.98046,15.247
07/30/16 05:45:00 PM,1.98474,15.199
07/30/16 06:00:00 PM,1.97558,15.199
07/30/16 06:15:00 PM,1.99756,15.175
07/30/16 06:30:00 PM,1.99145,15.127
07/30/16 06:45:00 PM,2.00183,15.103
07/30/16 07:00:00 PM,2.00183,15.103
07/30/16 07:15:00 PM,2.00244,15.008
07/30/16 07:30:00 PM,2.00366,14.936
07/30/16 07:45:00 PM,1.99817,14.912
07/30/16 08:00:00 PM,2.01343,14.792
07/30/16 08:15:00 PM,2.01526,14.745
07/30/16 08:30:00 PM,2.01099,14.721
07/30/16 08:45:00 PM,2.01648,14.625
07/30/16 09:00:00 PM,2.0177,14.529
07/30/16 09:15:00 PM,2.01038,14.553
07/30/16 09:30:00 PM,2.01404,14.433
07/30/16 09:45:00 PM,2.03419,14.361
07/30/16 10:00:00 PM,2.01709,14.29
07/30/16 10:15:00 PM,2.03541,14.266
07/30/16 10:30:00 PM,2.02747,14.146
07/30/16 10:45:00 PM,2.02808,14.098
07/30/16 11:00:00 PM,2.03846,14.098
07/30/16 11:15:00 PM,2.03053,14.026
07/30/16 11:30:00 PM,2.04029,13.954
07/30/16 11:45:00 PM,2.03541,13.93
07/31/16 12:00:00 AM,2.04335,13.93
07/31/16 12:15:00 AM,2.03907,13.81
07/31/16 12:30:00 AM,2.05006,13.762
07/31/16 12:45:00 AM,2.05311,13.714
07/31/16 01:00:00 AM,2.05006,13.642
07/31/16 01:15:00 AM,2.05067,13.522
07/31/16 01:30:00 AM,2.06716,13.473
07/31/16 01:45:00 AM,2.0696,13.497
07/31/16 02:00:00 AM,2.06654,13.377
07/31/16 02:15:00 AM,2.07082,13.305
07/31/16 02:30:00 AM,2.0928,13.353
07/31/16 02:45:00 AM,2.07204,13.305
07/31/16 03:00:00 AM,2.08852,13.209
07/31/16 03:15:00 AM,2.09768,13.233
07/31/16 03:30:00 AM,2.10562,13.233
07/31/16 03:45:00 AM,2.0928,13.137
07/31/16 04:00:00 AM,2.10195,13.088
07/31/16 04:15:00 AM,2.09096,13.112
07/31/16 04:30:00 AM,2.0873,13.161
07/31/16 04:45:00 AM,2.08669,13.088
07/31/16 05:00:00 AM,2.1105,13.064
07/31/16 05:15:00 AM,2.11905,13.04
07/31/16 05:30:00 AM,2.10073,13.016
07/31/16 05:45:00 AM,2.11477,13.04
07/31/16 06:00:00 AM,2.10684,12.992
07/31/16 06:15:00 AM,2.12698,12.992
07/31/16 06:30:00 AM,2.10501,13.04
07/31/16 06:45:00 AM,2.13126,13.016
07/31/16 07:00:00 AM,2.13126,12.968
07/31/16 07:15:00 AM,2.12271,13.016
07/31/16 07:30:00 AM,2.14103,12.992
07/31/16 07:45:00 AM,2.13614,13.088
07/31/16 08:00:00 AM,2.13614,13.088
07/31/16 08:15:00 AM,2.15385,13.185
07/31/16 08:30:00 AM,2.13858,13.257
07/31/16 08:45:00 AM,2.15385,13.353
07/31/16 09:00:00 AM,2.15873,13.353
07/31/16 09:15:00 AM,2.15446,13.425
07/31/16 09:30:00 AM,2.16239,13.546
07/31/16 09:45:00 AM,2.14652,13.594
07/31/16 10:00:00 AM,2.15507,13.618
07/31/16 10:15:00 AM,2.20269,13.762
07/31/16 10:30:00 AM,2.1746,13.954
07/31/16 10:45:00 AM,2.18437,14.002
07/31/16 11:00:00 AM,2.1746,14.074
07/31/16 11:15:00 AM,2.18559,14.194
07/31/16 11:30:00 AM,2.20391,14.29
07/31/16 11:45:00 AM,2.18559,14.361
07/31/16 12:00:00 PM,2.19414,14.409
07/31/16 12:15:00 PM,2.19414,14.505
07/31/16 12:30:00 PM,2.18864,14.457
07/31/16 12:45:00 PM,2.2033,14.457
07/31/16 01:00:00 PM,2.2149,14.553
07/31/16 01:15:00 PM,2.22161,14.745
07/31/16 01:30:00 PM,2.22283,14.84
07/31/16 01:45:00 PM,2.2265,14.936
07/31/16 02:00:00 PM,2.22833,15.031
07/31/16 02:15:00 PM,2.21917,14.912
07/31/16 02:30:00 PM,2.22283,14.888
07/31/16 02:45:00 PM,2.21612,14.96
07/31/16 03:00:00 PM,2.23077,14.984
07/31/16 03:15:00 PM,2.23382,14.96
07/31/16 03:30:00 PM,2.24908,15.151
07/31/16 03:45:00 PM,2.26435,15.151
07/31/16 04:00:00 PM,2.25458,15.151
07/31/16 04:15:00 PM,2.25397,15.103
07/31/16 04:30:00 PM,2.23748,15.055
07/31/16 04:45:00 PM,2.26068,15.055
07/31/16 05:00:00 PM,2.26862,14.984
07/31/16 05:15:00 PM,2.28449,14.936
07/31/16 05:30:00 PM,2.27045,14.96
07/31/16 05:45:00 PM,2.29243,14.96
07/31/16 06:00:00 PM,2.2906,14.912
07/31/16 06:15:00 PM,2.28999,14.936
07/31/16 06:30:00 PM,2.30525,14.912
07/31/16 06:45:00 PM,2.30891,14.888
07/31/16 07:00:00 PM,2.31624,14.864
07/31/16 07:15:00 PM,2.31502,14.864
07/31/16 07:30:00 PM,2.30708,14.745
07/31/16 07:45:00 PM,2.31074,14.697
07/31/16 08:00:00 PM,2.30891,14.649
07/31/16 08:15:00 PM,2.32601,14.529
07/31/16 08:30:00 PM,2.33578,14.409
07/31/16 08:45:00 PM,2.34066,14.361
07/31/16 09:00:00 PM,2.32357,14.29
07/31/16 09:15:00 PM,2.33822,14.17
07/31/16 09:30:00 PM,2.33211,14.098
07/31/16 09:45:00 PM,2.34676,14.074
07/31/16 10:00:00 PM,2.34737,13.93
07/31/16 10:15:00 PM,2.36142,13.834
07/31/16 10:30:00 PM,2.36813,13.858
07/31/16 10:45:00 PM,2.36569,13.738
07/31/16 11:00:00 PM,2.3602,13.642
07/31/16 11:15:00 PM,2.36813,13.642
07/31/16 11:30:00 PM,2.35287,13.546
07/31/16 11:45:00 PM,2.37363,13.425
08/01/16 12:00:00 AM,2.38278,13.401
08/01/16 12:15:00 AM,2.38339,13.377
08/01/16 12:30:00 AM,2.40415,13.257
08/01/16 12:45:00 AM,2.38706,13.233
08/01/16 01:00:00 AM,2.3663,13.257
08/01/16 01:15:00 AM,2.38034,13.137
08/01/16 01:30:00 AM,2.40049,13.112
08/01/16 01:45:00 AM,2.4072,13.137
08/01/16 02:00:00 AM,2.39805,13.064
08/01/16 02:15:00 AM,2.40476,12.944
08/01/16 02:30:00 AM,2.41026,13.016
08/01/16 02:45:00 AM,2.40232,12.896
08/01/16 03:00:00 AM,2.41941,12.823
08/01/16 03:15:00 AM,2.40842,12.871
08/01/16 03:30:00 AM,2.41758,12.775
08/01/16 03:45:00 AM,2.42735,12.703
08/01/16 04:00:00 AM,2.42979,12.727
08/01/16 04:15:00 AM,2.42369,12.654
08/01/16 04:30:00 AM,2.43346,12.534
08/01/16 04:45:00 AM,2.42918,12.582
08/01/16 05:00:00 AM,2.44139,12.534
08/01/16 05:15:00 AM,2.43773,12.413
08/01/16 05:30:00 AM,2.45726,12.437
08/01/16 05:45:00 AM,2.45665,12.413
08/01/16 06:00:00 AM,2.45421,12.316
08/01/16 06:15:00 AM,2.45116,12.292
08/01/16 06:30:00 AM,2.45543,12.243
08/01/16 06:45:00 AM,2.45238,12.316
08/01/16 07:00:00 AM,2.45971,12.268
08/01/16 07:15:00 AM,2.45543,12.292
08/01/16 07:30:00 AM,2.44322,12.437
08/01/16 07:45:00 AM,2.45971,12.413
08/01/16 08:00:00 AM,2.4652,12.437
08/01/16 08:15:00 AM,2.47131,12.534
08/01/16 08:30:00 AM,2.46581,12.654
08/01/16 08:45:00 AM,2.46276,12.703
08/01/16 09:00:00 AM,2.47619,12.799
08/01/16 09:15:00 AM,2.46642,12.968
08/01/16 09:30:00 AM,2.45971,13.064
08/01/16 09:45:00 AM,2.4768,13.161
08/01/16 10:00:00 AM,2.47314,13.353
08/01/16 10:15:00 AM,2.46886,13.497
08/01/16 10:30:00 AM,2.48474,13.618
08/01/16 10:45:00 AM,2.47558,13.738
08/01/16 11:00:00 AM,2.46276,13.906
08/01/16 11:15:00 AM,2.46947,14.026
08/01/16 11:30:00 AM,2.45726,14.194
08/01/16 11:45:00 AM,2.45421,14.409
08/01/16 12:00:00 PM,2.46764,14.529
08/01/16 12:15:00 PM,2.46886,14.673
08/01/16 12:30:00 PM,2.46886,14.816
08/01/16 12:45:00 PM,2.47009,14.912
08/01/16 01:00:00 PM,2.46337,14.96
08/01/16 01:15:00 PM,2.45971,14.96
08/01/16 01:30:00 PM,2.47192,15.079
08/01/16 01:45:00 PM,2.46337,15.103
08/01/16 02:00:00 PM,2.46642,15.127
08/01/16 02:15:00 PM,2.46581,15.175
08/01/16 02:30:00 PM,2.46703,15.247
08/01/16 02:45:00 PM,2.46886,15.366
08/01/16 03:00:00 PM,2.47314,15.294
08/01/16 03:15:00 PM,2.48657,15.27
08/01/16 03:30:00 PM,2.46947,15.318
08/01/16 03:45:00 PM,2.4823,15.247
08/01/16 04:00:00 PM,2.46947,15.366
08/01/16 04:15:00 PM,2.49512,15.247
08/01/16 04:30:00 PM,2.48718,15.247
08/01/16 04:45:00 PM,2.49817,15.175
08/01/16 05:00:00 PM,2.48901,15.27
08/01/16 05:15:00 PM,2.48107,15.151
08/01/16 05:30:00 PM,2.4823,15.031
08/01/16 05:45:00 PM,2.49451,15.079
08/01/16 06:00:00 PM,2.48657,15.055
08/01/16 06:15:00 PM,2.49939,15.151
08/01/16 06:30:00 PM,2.49939,14.984
08/01/16 06:45:00 PM,2.49939,14.912
08/01/16 07:00:00 PM,2.49939,14.984
08/01/16 07:15:00 PM,2.49939,14.84
08/01/16 07:30:00 PM,2.49023,14.888
08/01/16 07:45:00 PM,2.49939,14.745
08/01/16 08:00:00 PM,2.49939,14.649
08/01/16 08:15:00 PM,2.49939,14.721
08/01/16 08:30:00 PM,2.49939,14.577
08/01/16 08:45:00 PM,2.49939,14.625
08/01/16 09:00:00 PM,2.49939,14.433
08/01/16 09:15:00 PM,2.49939,14.481
08/01/16 09:30:00 PM,2.49939,14.385
08/01/16 09:45:00 PM,2.49939,14.242
08/01/16 10:00:00 PM,2.49939,14.266
08/01/16 10:15:00 PM,2.49939,14.098
08/01/16 10:30:00 PM,2.49939,14.194
08/01/16 10:45:00 PM,2.49939,14.002
08/01/16 11:00:00 PM,2.49939,14.098
08/01/16 11:15:00 PM,2.49939,13.906
08/01/16 11:30:00 PM,2.49939,13.81
08/01/16 11:45:00 PM,2.49939,13.906
08/02/16 12:00:00 AM,2.49939,13.762
08/02/16 12:15:00 AM,2.49939,13.906
08/02/16 12:30:00 AM,2.49939,13.714
08/02/16 12:45:00 AM,2.49939,13.642
08/02/16 01:00:00 AM,2.49939,13.714
08/02/16 01:15:00 AM,2.49939,13.666
08/02/16 01:30:00 AM,2.49939,13.594
08/02/16 01:45:00 AM,2.49939,13.449
08/02/16 02:00:00 AM,2.49939,13.618
08/02/16 02:15:00 AM,2.49939,13.425
08/02/16 02:30:00 AM,2.49939,13.329
08/02/16 02:45:00 AM,2.49939,13.449
08/02/16 03:00:00 AM,2.49939,13.305
08/02/16 03:15:00 AM,2.49939,13.233
08/02/16 03:30:00 AM,2.49939,13.185
08/02/16 03:45:00 AM,2.49939,13.329
08/02/16 04:00:00 AM,2.49939,13.281
08/02/16 04:15:00 AM,2.49939,13.281
08/02/16 04:30:00 AM,2.49939,13.137
08/02/16 04:45:00 AM,2.49939,13.305
08/02/16 05:00:00 AM,2.49939,13.161
08/02/16 05:15:00 AM,2.49939,13.064
08/02/16 05:30:00 AM,2.49939,13.04
08/02/16 05:45:00 AM,2.49939,13.161
08/02/16 06:00:00 AM,2.49939,13.04
08/02/16 06:15:00 AM,2.49939,13.088
08/02/16 06:30:00 AM,2.49939,13.137
08/02/16 06:45:00 AM,2.49939,13.088
08/02/16 07:00:00 AM,2.49939,13.137
08/02/16 07:15:00 AM,2.49939,13.064
08/02/16 07:30:00 AM,2.49939,13.209
08/02/16 07:45:00 AM,2.49939,13.088
08/02/16 08:00:00 AM,2.49939,13.233
08/02/16 08:15:00 AM,2.49939,13.137
08/02/16 08:30:00 AM,2.49939,13.281
08/02/16 08:45:00 AM,2.49939,13.209
08/02/16 09:00:00 AM,2.49939,13.353
08/02/16 09:15:00 AM,2.49939,13.233
08/02/16 09:30:00 AM,2.49939,13.305
08/02/16 09:45:00 AM,2.49939,13.353
08/02/16 10:00:00 AM,2.49939,13.497
08/02/16 10:15:00 AM,2.49939,13.401
08/02/16 10:30:00 AM,2.49939,13.377
08/02/16 10:45:00 AM,2.49939,13.57
08/02/16 11:00:00 AM,2.49939,13.522
08/02/16 11:15:00 AM,2.49939,13.666
08/02/16 11:30:00 AM,2.49939,13.594
08/02/16 11:45:00 AM,2.49939,13.594
08/02/16 12:00:00 PM,2.49939,13.714
08/02/16 12:15:00 PM,2.49939,13.642
08/02/16 12:30:00 PM,2.49939,13.858
08/02/16 12:45:00 PM,2.49939,13.762
08/02/16 01:00:00 PM,2.49939,13.738
08/02/16 01:15:00 PM,2.49939,13.906
08/02/16 01:30:00 PM,2.49939,14.026
08/02/16 01:45:00 PM,2.49939,14.002
08/02/16 02:00:00 PM,2.49939,14.002
08/02/16 02:15:00 PM,2.49939,14.194
08/02/16 02:30:00 PM,2.49939,14.194
08/02/16 02:45:00 PM,2.49939,14.337
08/02/16 03:00:00 PM,2.49939,14.29
08/02/16 03:15:00 PM,2.49939,14.433
08/02/16 03:30:00 PM,2.49939,14.433
08/02/16 03:45:00 PM,2.49939,14.433
08/02/16 04:00:00 PM,2.49939,14.481
08/02/16 04:15:00 PM,2.49939,14.457
08/02/16 04:30:00 PM,2.49939,14.457
08/02/16 04:45:00 PM,2.49939,14.529
08/02/16 05:00:00 PM,2.49939,14.481
08/02/16 05:15:00 PM,2.49939,14.457
08/02/16 05:30:00 PM,2.49939,14.457
08/02/16 05:45:00 PM,2.49939,14.481
08/02/16 06:00:00 PM,2.49939,14.505
08/02/16 06:15:00 PM,2.49939,14.505
08/02/16 06:30:00 PM,2.49939,14.505
08/02/16 06:45:00 PM,2.49939,14.433
08/02/16 07:00:00 PM,2.49939,14.409
08/02/16 07:15:00 PM,2.49939,14.385
08/02/16 07:30:00 PM,2.49939,14.314
08/02/16 07:45:00 PM,2.49939,14.29
08/02/16 08:00:00 PM,2.49939,14.242
08/02/16 08:15:00 PM,2.49939,14.17
08/02/16 08:30:00 PM,2.49939,14.098
08/02/16 08:45:00 PM,2.49939,14.122
08/02/16 09:00:00 PM,2.49939,14.098
08/02/16 09:15:00 PM,2.49939,14.074
08/02/16 09:30:00 PM,2.49939,14.074
08/02/16 09:45:00 PM,2.49939,14.05
08/02/16 10:00:00 PM,2.49939,13.978
08/02/16 10:15:00 PM,2.49939,14.002
08/02/16 10:30:00 PM,2.49939,14.026
08/02/16 10:45:00 PM,2.49939,13.978
08/02/16 11:00:00 PM,2.49939,14.002
08/02/16 11:15:00 PM,2.49939,14.002
08/02/16 11:30:00 PM,2.49939,13.93
08/02/16 11:45:00 PM,2.49939,13.93
08/03/16 12:00:00 AM,2.49939,13.906
08/03/16 12:15:00 AM,2.49939,13.834
08/03/16 12:30:00 AM,2.49939,13.81
08/03/16 12:45:00 AM,2.49939,13.858
08/03/16 01:00:00 AM,2.49939,13.762
08/03/16 01:15:00 AM,2.49939,13.762
08/03/16 01:30:00 AM,2.49939,13.738
08/03/16 01:45:00 AM,2.49939,13.714
08/03/16 02:00:00 AM,2.49939,13.714
08/03/16 02:15:00 AM,2.49939,13.666
08/03/16 02:30:00 AM,2.49939,13.666
08/03/16 02:45:00 AM,2.49939,13.594
08/03/16 03:00:00 AM,2.49939,13.618
08/03/16 03:15:00 AM,2.49939,13.594
08/03/16 03:30:00 AM,2.49939,13.57
08/03/16 03:45:00 AM,2.49939,13.57
08/03/16 04:00:00 AM,2.49939,13.546
08/03/16 04:15:00 AM,2.49939,13.594
08/03/16 04:30:00 AM,2.49939,13.522
08/03/16 04:45:00 AM,2.49939,13.522
08/03/16 05:00:00 AM,2.49939,13.522
08/03/16 05:15:00 AM,2.49939,13.473
08/03/16 05:30:00 AM,2.49939,13.497
08/03/16 05:45:00 AM,2.49939,13.473
08/03/16 06:00:00 AM,2.49939,13.497
08/03/16 06:15:00 AM,2.49939,13.449
08/03/16 06:30:00 AM,2.49939,13.473
08/03/16 06:45:00 AM,2.49939,13.473
08/03/16 07:00:00 AM,2.49939,13.497
08/03/16 07:15:00 AM,2.49939,13.522
08/03/16 07:30:00 AM,2.49939,13.546
08/03/16 07:45:00 AM,2.49939,13.594
08/03/16 08:00:00 AM,2.49939,13.594
08/03/16 08:15:00 AM,2.49939,13.642
08/03/16 08:30:00 AM,2.49939,13.69
08/03/16 08:45:00 AM,2.49939,13.786
08/03/16 09:00:00 AM,2.49939,13.834
08/03/16 09:15:00 AM,2.49939,14.002
08/03/16 09:30:00 AM,2.49939,14.146
08/03/16 09:45:00 AM,2.49939,14.194
08/03/16 10:00:00 AM,2.49939,14.266
08/03/16 10:15:00 AM,2.49939,14.314
08/03/16 10:30:00 AM,2.49939,14.314
08/03/16 10:45:00 AM,2.49939,17.558
08/03/16 11:00:00 AM,2.49939,18.129
08/03/16 11:06:59 AM,,
08/03/16 11:09:23 AM,,
