dates_parsed,dH,temperature_stream_C
2016-06-27 12:45:00,-0.009873479225569973,13.939
2016-06-27 13:00:00,-0.00918884645759465,13.967
2016-06-27 13:15:00,-0.0069006116260225845,13.985
2016-06-27 13:30:00,-0.005825008632508098,14.021
2016-06-27 13:45:00,-0.005106760706874135,14.062
2016-06-27 14:00:00,-0.004629055142068757,14.095
2016-06-27 14:15:00,-0.005161085678925413,14.137
2016-06-27 14:30:00,-0.005148121532039316,14.177
2016-06-27 14:45:00,-0.005168772542812012,14.204
2016-06-27 15:00:00,-0.004621030499249585,14.259
2016-06-27 15:15:00,-0.004382997548709437,14.312
2016-06-27 15:30:00,-0.004501094362715785,14.378
2016-06-27 15:45:00,-0.004642589547314655,14.414
2016-06-27 16:00:00,-0.0042319556648055855,14.489
2016-06-27 16:15:00,-0.0045620983319601,14.521
2016-06-27 16:30:00,-0.004664939025432525,14.575
2016-06-27 16:45:00,-0.004435107128571371,14.647
2016-06-27 17:00:00,-0.004966267918864665,14.717
2016-06-27 17:15:00,-0.004656044636049994,14.767
2016-06-27 17:30:00,-0.004679857367033726,14.818
2016-06-27 17:45:00,-0.00422547085631061,14.855
2016-06-27 18:00:00,-0.004282325751540954,14.88
2016-06-27 18:15:00,-0.004170038188164737,14.91
2016-06-27 18:30:00,-0.004611598672132108,14.94
2016-06-27 18:45:00,-0.004491900485129845,14.957
2016-06-27 19:00:00,-0.004757915753558021,14.978
2016-06-27 19:15:00,-0.004761294910409824,14.995
2016-06-27 19:30:00,-0.004507650282564935,15.016
2016-06-27 19:45:00,-0.004726019576135177,15.03
2016-06-27 20:00:00,-0.00422463940047657,15.039
2016-06-27 20:15:00,-0.004351530774464114,15.042
2016-06-27 20:30:00,-0.004604305655745791,15.049
2016-06-27 20:45:00,-0.004391113815773709,15.057
2016-06-27 21:00:00,-0.004353684627981588,15.067
2016-06-27 21:15:00,-0.00426256226517001,15.076
2016-06-27 21:30:00,-0.004299991452962132,15.066
2016-06-27 21:45:00,-0.004970514087227598,15.052
2016-06-27 22:00:00,-0.0038531741988860396,15.048
2016-06-27 22:15:00,-0.0046477820436992825,15.033
2016-06-27 22:30:00,-0.004356431987801568,15.01
2016-06-27 22:45:00,-0.004396015029111164,15.025
2016-06-27 23:00:00,-0.004536146790245358,15.042
2016-06-27 23:15:00,-0.0043899678289497975,15.031
2016-06-27 23:30:00,-0.0043725578548985495,14.994
2016-06-27 23:45:00,-0.00438012711154557,14.939
2016-06-28 00:00:00,-0.0048445922892042985,14.892
2016-06-28 00:15:00,-0.004931762501752043,14.853
2016-06-28 00:30:00,-0.0048938396370586,14.816
2016-06-28 00:45:00,-0.00496992331597702,14.788
2016-06-28 01:00:00,-0.005311666706552801,14.761
2016-06-28 01:15:00,-0.005758998150420986,14.731
2016-06-28 01:30:00,-0.004859533878748196,14.694
2016-06-28 01:45:00,-0.004909927213426265,14.644
2016-06-28 02:00:00,-0.004647805291641981,14.592
2016-06-28 02:15:00,-0.005294870751694831,14.547
2016-06-28 02:30:00,-0.0050560678839926595,14.499
2016-06-28 02:45:00,-0.00527380538053123,14.439
2016-06-28 03:00:00,-0.004865504497451233,14.376
2016-06-28 03:15:00,-0.0053643752628213985,14.322
2016-06-28 03:30:00,-0.005745563574576272,14.283
2016-06-28 03:45:00,-0.0055061083969516565,14.256
2016-06-28 04:00:00,-0.005316097490931487,14.241
2016-06-28 04:15:00,-0.005933934816871058,14.225
2016-06-28 04:30:00,-0.005483303532661636,14.204
2016-06-28 04:45:00,-0.006447271272722198,14.177
2016-06-28 05:00:00,-0.005797558282250405,14.15
2016-06-28 05:15:00,-0.006036737219614316,14.123
2016-06-28 05:30:00,-0.005462238161497881,14.096
2016-06-28 05:45:00,-0.006058772166742463,14.074
2016-06-28 06:00:00,-0.005531919083483966,14.054
2016-06-28 06:15:00,-0.0055959083620798,14.038
2016-06-28 06:30:00,-0.006498910423625367,14.024
2016-06-28 06:45:00,-0.005749004270099941,14.015
2016-06-28 07:00:00,-0.005447358110625999,14.009
2016-06-28 07:15:00,-0.00523639944068181,14.008
2016-06-28 07:30:00,-0.005423031189850175,14.006
2016-06-28 07:45:00,-0.005737562179699647,14.006
2016-06-28 08:00:00,-0.006332436008328223,14.006
2016-06-28 08:15:00,-0.005937651752655432,14.011
2016-06-28 08:30:00,-0.006403401037268425,14.017
2016-06-28 08:45:00,-0.006109165501420532,14.024
2016-06-28 09:00:00,-0.005604979162321853,14.029
2016-06-28 09:15:00,-0.0057561974570852215,14.035
2016-06-28 09:30:00,-0.005589861161918434,14.044
2016-06-28 09:45:00,-0.005593022882129471,14.068
2016-06-28 10:00:00,-0.006007232845240482,14.098
2016-06-28 10:15:00,-0.00627526384705578,14.117
2016-06-28 10:30:00,-0.006069482630709747,14.138
2016-06-28 10:45:00,-0.005313667397153458,14.162
2016-06-28 11:00:00,-0.005861823801106943,14.188
2016-06-28 11:15:00,-0.0052437690385266095,14.211
2016-06-28 11:30:00,-0.005458106865322604,14.229
2016-06-28 11:45:00,-0.005437949531451376,14.249
2016-06-28 12:00:00,-0.006355555403608115,14.268
2016-06-28 12:15:00,-0.005697047853154975,14.304
2016-06-28 12:30:00,-0.005964209108407215,14.351
2016-06-28 12:45:00,-0.005808445157077359,14.397
2016-06-28 13:00:00,-0.005593731260619625,14.454
2016-06-28 13:15:00,-0.005496482381136267,14.503
2016-06-28 13:30:00,-0.00592831975493929,14.563
2016-06-28 13:45:00,-0.005421386056020636,14.625
2016-06-28 14:00:00,-0.006358417635615746,14.679
2016-06-28 14:15:00,-0.0061028953945140895,14.729
2016-06-28 14:30:00,-0.005903299498459775,14.771
2016-06-28 14:45:00,-0.005857945497249515,14.816
2016-06-28 15:00:00,-0.00559961709270794,14.862
2016-06-28 15:15:00,-0.005929542323221538,14.901
2016-06-28 15:30:00,-0.0059939459622084315,14.966
2016-06-28 15:45:00,-0.006131192243392292,15.013
2016-06-28 16:00:00,-0.006131685920293611,15.06
2016-06-28 16:15:00,-0.006292251255559736,15.111
2016-06-28 16:30:00,-0.005988430729677698,15.175
2016-06-28 16:45:00,-0.005904284117210638,15.211
2016-06-28 17:00:00,-0.005714766888091938,15.243
2016-06-28 17:15:00,-0.005658326353252503,15.299
2016-06-28 17:30:00,-0.006162136622689288,15.369
2016-06-28 17:45:00,-0.006181917886898623,15.424
2016-06-28 18:00:00,-0.006380920276650433,15.464
2016-06-28 18:15:00,-0.006593380490189657,15.511
2016-06-28 18:30:00,-0.006334044218954518,15.558
2016-06-28 18:45:00,-0.006101702911804772,15.585
2016-06-28 19:00:00,-0.006375128803859149,15.619
2016-06-28 19:15:00,-0.0068653431293781665,15.655
2016-06-28 19:30:00,-0.0071100550771113534,15.67
2016-06-28 19:45:00,-0.007141437064742107,15.666
2016-06-28 20:00:00,-0.006902120007247844,15.666
2016-06-28 20:15:00,-0.0069011121405542835,15.667
2016-06-28 20:30:00,-0.006576146926997929,15.657
2016-06-28 20:45:00,-0.006856134209005761,15.637
2016-06-28 21:00:00,-0.006769695622891024,15.621
2016-06-28 21:15:00,-0.006572847086656691,15.606
2016-06-28 21:30:00,-0.007169381091901119,15.584
2016-06-28 21:45:00,-0.007041343731089661,15.555
2016-06-28 22:00:00,-0.0071721284517211,15.527
2016-06-28 22:15:00,-0.006474552049750605,15.5
2016-06-28 22:30:00,-0.007284277894967112,15.47
2016-06-28 22:45:00,-0.007110392856043927,15.439
2016-06-28 23:00:00,-0.007164165347573794,15.406
2016-06-28 23:15:00,-0.006908228746081079,15.375
2016-06-28 23:30:00,-0.0070265635096188155,15.339
2016-06-28 23:45:00,-0.007165411163798741,15.303
2016-06-29 00:00:00,-0.007361983459772524,15.264
2016-06-29 00:15:00,-0.007430656515064894,15.223
2016-06-29 00:30:00,-0.007260012512863156,15.182
2016-06-29 00:45:00,-0.007354020355625066,15.143
2016-06-29 01:00:00,-0.007206695407505591,15.106
2016-06-29 01:15:00,-0.007011507047887262,15.069
2016-06-29 01:30:00,-0.007439550904447428,15.031
2016-06-29 01:45:00,-0.007116463304147995,14.992
2016-06-29 02:00:00,-0.00694178783517201,14.955
2016-06-29 02:15:00,-0.007350326667783393,14.916
2016-06-29 02:30:00,-0.006915821250670955,14.879
2016-06-29 02:45:00,-0.007214957999856302,14.84
2016-06-29 03:00:00,-0.007070656651817509,14.8
2016-06-29 03:15:00,-0.007222389136373122,14.758
2016-06-29 03:30:00,-0.007783371567082198,14.717
2016-06-29 03:45:00,-0.006911475252906837,14.673
2016-06-29 04:00:00,-0.007375940430565563,14.626
2016-06-29 04:15:00,-0.007663635089350619,14.578
2016-06-29 04:30:00,-0.007629961128072189,14.53
2016-06-29 04:45:00,-0.007576782142844826,14.481
2016-06-29 05:00:00,-0.007522595290924052,14.433
2016-06-29 05:15:00,-0.007936390893644004,14.382
2016-06-29 05:30:00,-0.00755040119795271,14.324
2016-06-29 05:45:00,-0.007600794532630779,14.274
2016-06-29 06:00:00,-0.007644132800453915,14.231
2016-06-29 06:15:00,-0.00756057969428951,14.185
2016-06-29 06:30:00,-0.007886059097637807,14.147
2016-06-29 06:45:00,-0.008103934714306727,14.114
2016-06-29 07:00:00,-0.007300987695684441,14.083
2016-06-29 07:15:00,-0.00750979251211116,14.059
2016-06-29 07:30:00,-0.007606171645031156,14.038
2016-06-29 07:45:00,-0.007469063483977648,14.018
2016-06-29 08:00:00,-0.007485189351074629,14.002
2016-06-29 08:15:00,-0.0075570241265781905,13.985
2016-06-29 08:30:00,-0.008037100981541806,13.97
2016-06-29 08:45:00,-0.00802969035791576,13.957
2016-06-29 09:00:00,-0.007639155005658128,13.951
2016-06-29 09:15:00,-0.007844066475440952,13.958
2016-06-29 09:30:00,-0.008455994721349357,13.975
2016-06-29 09:45:00,-0.007624175125384908,13.993
2016-06-29 10:00:00,-0.008267485358924217,14.006
2016-06-29 10:15:00,-0.008309301570261702,14.012
2016-06-29 10:30:00,-0.008095101863596061,14.021
2016-06-29 10:45:00,-0.008200828037018815,14.045
2016-06-29 11:00:00,-0.007553762576965967,14.09
2016-06-29 11:15:00,-0.007699071791698321,14.129
2016-06-29 11:30:00,-0.007505523095805377,14.165
2016-06-29 11:45:00,-0.00800919524511196,14.208
2016-06-29 12:00:00,-0.007894674511707705,14.247
2016-06-29 12:15:00,-0.008043362883291858,14.303
2016-06-29 12:30:00,-0.007994115535437706,14.379
2016-06-29 12:45:00,-0.008107173015976096,14.45
2016-06-29 13:00:00,-0.007972850505471734,14.529
2016-06-29 13:15:00,-0.007950953678474088,14.605
2016-06-29 13:30:00,-0.007824694101518214,14.676
2016-06-29 13:45:00,-0.007998717260571754,14.734
2016-06-29 14:00:00,-0.008340222701615996,14.809
2016-06-29 14:15:00,-0.00828089668682623,14.895
2016-06-29 14:30:00,-0.00821236175166406,14.963
2016-06-29 14:45:00,-0.008706231474295582,15.07
2016-06-29 15:00:00,-0.008125447266486396,15.151
2016-06-29 15:15:00,-0.008134062680556145,15.251
2016-06-29 15:30:00,-0.008341483560627562,15.303
2016-06-29 15:45:00,-0.008129931384380715,15.384
2016-06-29 16:00:00,-0.008515268770149565,15.463
2016-06-29 16:15:00,-0.008139040475351932,15.531
2016-06-29 16:30:00,-0.008517184674135654,15.59
2016-06-29 16:45:00,-0.008049834016526444,15.667
2016-06-29 17:00:00,-0.00728105463608421,15.731
2016-06-29 17:15:00,-0.00832065066889119,15.785
2016-06-29 17:30:00,-0.00813933449345118,15.836
2016-06-29 17:45:00,-0.008186248841876263,15.898
2016-06-29 18:00:00,-0.008451611800382147,15.94
2016-06-29 18:15:00,-0.008127140263727411,15.977
2016-06-29 18:30:00,-0.008463112694402376,16.01
2016-06-29 18:45:00,-0.00830497745291428,16.038
2016-06-29 19:00:00,-0.008389400305642046,16.056
2016-06-29 19:15:00,-0.008505205146000415,16.07
2016-06-29 19:30:00,-0.008631088653294547,16.074
2016-06-29 19:45:00,-0.008631088653294547,16.074
2016-06-29 20:00:00,-0.008634112253375232,16.071
2016-06-29 20:15:00,-0.00866851784108652,16.064
2016-06-29 20:30:00,-0.008706954895572204,16.053
2016-06-29 20:45:00,-0.009054093176386908,16.041
2016-06-29 21:00:00,-0.008759502083767747,16.028
2016-06-29 21:15:00,-0.008227609667041594,16.013
2016-06-29 21:30:00,-0.008686383201310072,15.992
2016-06-29 21:45:00,-0.008708556268568418,15.97
2016-06-29 22:00:00,-0.008716263645345794,15.942
2016-06-29 22:15:00,-0.009133220968276786,15.915
2016-06-29 22:30:00,-0.008775727780265915,15.883
2016-06-29 22:45:00,-0.008522814778853884,15.849
2016-06-29 23:00:00,-0.00871737134144039,15.812
2016-06-29 23:15:00,-0.008831892074844645,15.773
2016-06-29 23:30:00,-0.008660240205949342,15.733
2016-06-29 23:45:00,-0.008467067579718136,15.694
2016-06-30 00:00:00,-0.008536748501704224,15.652
2016-06-30 00:15:00,-0.008395470753746116,15.609
2016-06-30 00:30:00,-0.008495525796669396,15.564
2016-06-30 00:45:00,-0.008876931545065032,15.518
2016-06-30 01:00:00,-0.008485685079265167,15.472
2016-06-30 01:15:00,-0.008249905811643681,15.421
2016-06-30 01:30:00,-0.008188881329508742,15.373
2016-06-30 01:45:00,-0.008450233334131,15.324
2016-06-30 02:00:00,-0.008344369040577894,15.273
2016-06-30 02:15:00,-0.008452487017049511,15.22
2016-06-30 02:30:00,-0.008034107467034052,15.167
2016-06-30 02:45:00,-0.008473237857223393,15.118
2016-06-30 03:00:00,-0.008524639058595022,15.067
2016-06-30 03:15:00,-0.008574024526579528,15.018
2016-06-30 03:30:00,-0.008415257488059762,14.972
2016-06-30 03:45:00,-0.008593550063418933,14.924
2016-06-30 04:00:00,-0.008323365208086159,14.88
2016-06-30 04:15:00,-0.00862350982396522,14.84
2016-06-30 04:30:00,-0.008590626292739436,14.798
2016-06-30 04:45:00,-0.0085478815312188,14.759
2016-06-30 05:00:00,-0.008641889373980709,14.72
2016-06-30 05:15:00,-0.008807079682323585,14.685
2016-06-30 05:30:00,-0.008815004495741874,14.65
2016-06-30 05:45:00,-0.008820913575772889,14.617
2016-06-30 06:00:00,-0.008824806922416783,14.586
2016-06-30 06:15:00,-0.008911759698323765,14.554
2016-06-30 06:30:00,-0.008914645178274097,14.524
2016-06-30 06:45:00,-0.009284746956399794,14.496
2016-06-30 07:00:00,-0.00888881671390324,14.475
2016-06-30 07:15:00,-0.008858304472835695,14.451
2016-06-30 07:30:00,-0.009248701704962973,14.43
2016-06-30 07:45:00,-0.009028534114646528,14.411
2016-06-30 08:00:00,-0.00912268007753864,14.399
2016-06-30 08:15:00,-0.00889142595359302,14.391
2016-06-30 08:30:00,-0.00937229323860928,14.382
2016-06-30 08:45:00,-0.009347966317833455,14.379
2016-06-30 09:00:00,-0.009222082810539474,14.375
2016-06-30 09:15:00,-0.00933069446391271,14.369
2016-06-30 09:30:00,-0.009225106410620156,14.372
2016-06-30 09:45:00,-0.009015946037422323,14.376
2016-06-30 10:00:00,-0.009215027743684543,14.382
2016-06-30 10:15:00,-0.009312552863428606,14.387
2016-06-30 10:30:00,-0.009071002635906456,14.396
2016-06-30 10:45:00,-0.009113609277296587,14.408
2016-06-30 11:00:00,-0.009242516384671405,14.409
2016-06-30 11:15:00,-0.009413022266742793,14.423
2016-06-30 11:30:00,-0.009884166441594556,14.444
2016-06-30 11:45:00,-0.00970271214602435,14.468
2016-06-30 12:00:00,-0.009629869503827377,14.486
2016-06-30 12:15:00,-0.009661389611588333,14.509
2016-06-30 12:30:00,-0.009588546969391362,14.527
2016-06-30 12:45:00,-0.009749982051220695,14.55
2016-06-30 13:00:00,-0.009962086707988652,14.577
2016-06-30 13:15:00,-0.00975025829148125,14.604
2016-06-30 13:30:00,-0.009413554234373428,14.626
2016-06-30 13:45:00,-0.00973527841120818,14.646
2016-06-30 14:00:00,-0.009589237570042972,14.662
2016-06-30 14:15:00,-0.009371361953374204,14.695
2016-06-30 14:30:00,-0.009171766057319739,14.737
2016-06-30 14:45:00,-0.009675438206626323,14.78
2016-06-30 15:00:00,-0.00935815985695672,14.837
2016-06-30 15:15:00,-0.009612218845192512,14.897
2016-06-30 15:30:00,-0.009657196776741034,14.927
2016-06-30 15:45:00,-0.009524534442852676,14.984
2016-06-30 16:00:00,-0.009192493649550921,15.076
2016-06-30 16:15:00,-0.008683682337375494,15.167
2016-06-30 16:30:00,-0.009470503488900798,15.214
2016-06-30 16:45:00,-0.00955103299498452,15.263
2016-06-30 17:00:00,-0.009393173993757128,15.345
2016-06-30 17:15:00,-0.009464494579468597,15.376
2016-06-30 17:30:00,-0.009374300766840168,15.418
2016-06-30 17:45:00,-0.009367739376886708,15.472
2016-06-30 18:00:00,-0.009502831804553094,15.494
2016-06-30 18:15:00,-0.009196778108643019,15.567
2016-06-30 18:30:00,-0.009991662193716814,15.606
2016-06-30 18:45:00,-0.009819416818519007,15.648
2016-06-30 19:00:00,-0.010096518620576358,15.658
2016-06-30 19:15:00,-0.01005318035275322,15.701
2016-06-30 19:30:00,-0.009932829855828513,15.739
2016-06-30 19:45:00,-0.010018043138608927,15.763
2016-06-30 20:00:00,-0.009762600214017834,15.779
2016-06-30 20:15:00,-0.010006304295057307,15.795
2016-06-30 20:30:00,-0.009946346483235717,15.807
2016-06-30 20:45:00,-0.009728332746436747,15.813
2016-06-30 21:00:00,-0.010016521082123272,15.812
2016-06-30 21:15:00,-0.009925043162540729,15.801
2016-06-30 21:30:00,-0.009909787042006958,15.789
2016-06-30 21:45:00,-0.009947216229799079,15.779
2016-06-30 22:00:00,-0.009774694614340568,15.767
2016-06-30 22:15:00,-0.009951109576442971,15.748
2016-06-30 22:30:00,-0.00974584254988903,15.721
2016-06-30 22:45:00,-0.009716338175515047,15.696
2016-06-30 23:00:00,-0.009746574176321885,15.666
2016-06-30 23:15:00,-0.00928349293501846,15.637
2016-06-30 23:30:00,-0.00959587007135061,15.612
2016-06-30 23:45:00,-0.009696280671045004,15.587
2016-07-01 00:00:00,-0.009332740282872766,15.561
2016-07-01 00:15:00,-0.00962280623181606,15.531
2016-07-01 00:30:00,-0.009736101661885991,15.5
2016-07-01 00:45:00,-0.009786850553335173,15.47
2016-07-01 01:00:00,-0.009688179446767349,15.439
2016-07-01 01:15:00,-0.009307367204674212,15.403
2016-07-01 01:30:00,-0.009713890303898473,15.366
2016-07-01 01:45:00,-0.009754204971640926,15.326
2016-07-01 02:00:00,-0.009378432063015597,15.285
2016-07-01 02:15:00,-0.009438251754706835,15.246
2016-07-01 02:30:00,-0.009505916943305798,15.206
2016-07-01 02:45:00,-0.00964879606425997,15.166
2016-07-01 03:00:00,-0.009513348079822466,15.124
2016-07-01 03:15:00,-0.009630892413307404,15.082
2016-07-01 03:30:00,-0.009466078174626117,15.042
2016-07-01 03:45:00,-0.00970950601540519,15.004
2016-07-01 04:00:00,-0.009953724286236755,14.972
2016-07-01 04:15:00,-0.00951518740235007,14.939
2016-07-01 04:30:00,-0.01004759400886831,14.906
2016-07-01 04:45:00,-0.009503469071689075,14.876
2016-07-01 05:00:00,-0.009763160899695327,14.849
2016-07-01 05:15:00,-0.009921296141183273,14.821
2016-07-01 05:30:00,-0.009557755753011033,14.795
2016-07-01 05:45:00,-0.00976656056943775,14.771
2016-07-01 06:00:00,-0.009894321689988654,14.746
2016-07-01 06:15:00,-0.009709567554077056,14.719
2016-07-01 06:30:00,-0.009709429433946704,14.692
2016-07-01 06:45:00,-0.009847051784792307,14.664
2016-07-01 07:00:00,-0.00990060683968141,14.638
2016-07-01 07:15:00,-0.00984576767783819,14.611
2016-07-01 07:30:00,-0.0099530159077466,14.586
2016-07-01 07:45:00,-0.009765238171754318,14.562
2016-07-01 08:00:00,-0.009916318346387485,14.541
2016-07-01 08:15:00,-0.010295846481526354,14.524
2016-07-01 08:30:00,-0.009758914731332396,14.514
2016-07-01 08:45:00,-0.009479797195887771,14.506
2016-07-01 09:00:00,-0.010300530258223042,14.499
2016-07-01 09:15:00,-0.009638070557506068,14.505
2016-07-01 09:30:00,-0.009918195959644254,14.512
2016-07-01 09:45:00,-0.009839958427208209,14.515
2016-07-01 10:00:00,-0.01005127265392352,14.536
2016-07-01 10:15:00,-0.010042201853681468,14.545
2016-07-01 10:30:00,-0.010018013053035993,14.569
2016-07-01 10:45:00,-0.009972520931695383,14.587
2016-07-01 11:00:00,-0.010067812881411557,14.601
2016-07-01 11:15:00,-0.010031391560312998,14.61
2016-07-01 11:30:00,-0.00993422199734005,14.625
2016-07-01 11:45:00,-0.009616449970769131,14.635
2016-07-01 12:00:00,-0.009707927890351672,14.646
2016-07-01 12:15:00,-0.010013388079959246,14.655
2016-07-01 12:30:00,-0.00989491519629116,14.664
2016-07-01 12:45:00,-0.009865331505406763,14.673
2016-07-01 13:00:00,-0.010112059186527073,14.686
2016-07-01 13:15:00,-0.010326397013323064,14.704
2016-07-01 13:30:00,-0.010060005675232998,14.758
2016-07-01 13:45:00,-0.01027412606538823,14.783
2016-07-01 14:00:00,-0.010300962396452647,14.831
2016-07-01 14:15:00,-0.01019248886320976,14.864
2016-07-01 14:30:00,-0.010596620159385159,14.904
2016-07-01 14:45:00,-0.010071406739852046,14.957
2016-07-01 15:00:00,-0.010256160875763642,14.984
2016-07-01 15:15:00,-0.010081109337125919,15.022
2016-07-01 15:30:00,-0.009898429738221233,15.054
2016-07-01 15:45:00,-0.010183950030598344,15.076
2016-07-01 16:00:00,-0.009803414028765915,15.094
2016-07-01 16:15:00,-0.009743673653585088,15.099
2016-07-01 16:30:00,-0.010201360004649593,15.113
2016-07-01 16:45:00,-0.010081661817647178,15.13
2016-07-01 17:00:00,-0.010196458791311987,15.145
2016-07-01 17:15:00,-0.010419867418350031,15.154
2016-07-01 17:30:00,-0.01044016287235161,15.161
2016-07-01 17:45:00,-0.010243452456247628,15.173
2016-07-01 18:00:00,-0.010848325635301257,15.197
2016-07-01 18:15:00,-0.01008948680166428,15.224
2016-07-01 18:30:00,-0.009852323597687495,15.249
2016-07-01 18:45:00,-0.009288179446767228,15.266
2016-07-01 19:00:00,-0.009563403635567961,15.305
2016-07-01 19:15:00,-0.009516903647533785,15.324
2016-07-01 19:30:00,-0.009633716354585715,15.337
2016-07-01 19:45:00,-0.00957678214284481,15.346
2016-07-01 20:00:00,-0.009724976837527648,15.355
2016-07-01 20:15:00,-0.009537337221665719,15.358
2016-07-01 20:30:00,-0.010066067918180833,15.349
2016-07-01 20:45:00,-0.010161221747766657,15.336
2016-07-01 21:00:00,-0.010378445054512981,15.324
2016-07-01 21:15:00,-0.010025121453406557,15.315
2016-07-01 21:30:00,-0.010502174708289487,15.303
2016-07-01 21:45:00,-0.010727243511943542,15.29
2016-07-01 22:00:00,-0.010109268065873617,15.279
2016-07-01 22:15:00,-0.01010185744224757,15.266
2016-07-01 22:30:00,-0.010821251354705451,15.251
2016-07-01 22:45:00,-0.010079408134728667,15.234
2016-07-01 23:00:00,-0.009963603294370148,15.22
2016-07-01 23:15:00,-0.010293252284623192,15.205
2016-07-01 23:30:00,-0.010718272541102674,15.17
2016-07-01 23:45:00,-0.010126501629065348,15.133
2016-07-02 00:00:00,-0.010513737140981591,15.088
2016-07-02 00:15:00,-0.010534764221416026,15.04
2016-07-02 00:30:00,-0.010331374808119005,14.984
2016-07-02 00:45:00,-0.010415165863814798,14.928
2016-07-02 01:00:00,-0.010700054359160088,14.876
2016-07-02 01:15:00,-0.010528046933493667,14.816
2016-07-02 01:30:00,-0.010619900922738101,14.752
2016-07-02 01:45:00,-0.009973073412216793,14.695
2016-07-02 02:00:00,-0.010421274602648184,14.637
2016-07-02 02:15:00,-0.010450364616631111,14.581
2016-07-02 02:30:00,-0.010504789418083424,14.527
2016-07-02 02:45:00,-0.010397917257836755,14.477
2016-07-02 03:00:00,-0.010001848895209848,14.429
2016-07-02 03:15:00,-0.01033942269888103,14.379
2016-07-02 03:30:00,-0.010569392715872535,14.334
2016-07-02 03:45:00,-0.01042811496791443,14.291
2016-07-02 04:00:00,-0.011775424873247339,14.25
2016-07-02 04:15:00,-0.010854657280879563,14.207
2016-07-02 04:30:00,-0.010395824942991147,14.167
2016-07-02 04:45:00,-0.01033155942413476,14.129
2016-07-02 05:00:00,-0.01047343067839537,14.09
2016-07-02 05:15:00,-0.010564414921076596,14.054
2016-07-02 05:30:00,-0.010655399163757823,14.018
2016-07-02 05:45:00,-0.010425014786375262,13.982
2016-07-02 06:00:00,-0.010305830789165091,13.951
2016-07-02 06:15:00,-0.01015649010765849,13.916
2016-07-02 06:30:00,-0.010894025620600326,13.883
2016-07-02 06:45:00,-0.010537540299283015,13.85
2016-07-02 07:00:00,-0.01045635848327685,13.822
2016-07-02 07:15:00,-0.010222733069172837,13.796
2016-07-02 07:30:00,-0.01045687267306894,13.774
2016-07-02 07:45:00,-0.010967323648969747,13.756
2016-07-02 08:00:00,-0.010822152554367597,13.744
2016-07-02 08:15:00,-0.01099957538316371,13.724
2016-07-02 08:30:00,-0.010721465714412648,13.715
2016-07-02 08:45:00,-0.010120544685622856,13.721
2016-07-02 09:00:00,-0.010824820597677164,13.721
2016-07-02 09:15:00,-0.010893987329871156,13.727
2016-07-02 09:30:00,-0.010561176619407227,13.718
2016-07-02 09:45:00,-0.011015701250260693,13.708
2016-07-02 10:00:00,-0.010550742395700497,13.708
2016-07-02 10:15:00,-0.010624948461362147,13.709
2016-07-02 10:30:00,-0.010259530459933136,13.712
2016-07-02 10:45:00,-0.011006768570148841,13.744
2016-07-02 11:00:00,-0.012504920700583535,13.784
2016-07-02 11:15:00,-0.010816381594466932,13.804
2016-07-02 11:30:00,-0.010831637715000706,13.816
2016-07-02 11:45:00,-0.010652199152817622,13.838
2016-07-02 12:00:00,-0.010925269488100724,13.852
2016-07-02 12:15:00,-0.010619077672060297,13.898
2016-07-02 12:30:00,-0.011046389902187608,13.915
2016-07-02 12:45:00,-0.011054946512637566,13.954
2016-07-02 13:00:00,-0.010928193258780375,13.978
2016-07-02 13:15:00,-0.010698085121658518,13.996
2016-07-02 13:30:00,-0.011314044834341315,14.009
2016-07-02 13:45:00,-0.010855626856843959,14.05
2016-07-02 14:00:00,-0.011115594925110765,14.077
2016-07-02 14:15:00,-0.013499615383300329,14.12
2016-07-02 14:30:00,-0.011135514309450605,14.159
2016-07-02 14:45:00,-0.011275784190715153,14.203
2016-07-02 15:00:00,-0.011364238510217011,14.217
2016-07-02 15:15:00,-0.011570513403464515,14.243
2016-07-02 15:30:00,-0.011186222175118544,14.319
2016-07-02 15:45:00,-0.011799375724361426,14.328
2016-07-02 16:00:00,-0.011302165135607266,14.36
2016-07-02 16:15:00,-0.011117687239956374,14.387
2016-07-02 16:30:00,-0.011364908597978,14.447
2016-07-02 16:45:00,-0.01162487666624496,14.474
2016-07-02 17:00:00,-0.011147823411362027,14.486
2016-07-02 17:15:00,-0.010978957193016026,14.545
2016-07-02 17:30:00,-0.013731201816074514,14.589
2016-07-02 17:45:00,-0.014013836628501294,14.641
2016-07-02 18:00:00,-0.013896154174886002,14.656
2016-07-02 18:15:00,-0.014207799684785145,14.686
2016-07-02 18:30:00,-0.013777601974707504,14.699
2016-07-02 18:45:00,-0.014158414216800638,14.735
2016-07-02 19:00:00,-0.01335495300838626,14.752
2016-07-02 19:15:00,-0.01376902485136692,14.755
2016-07-02 19:30:00,-0.013753906850963503,14.77
2016-07-02 19:45:00,-0.013825879746597413,14.78
2016-07-02 20:00:00,-0.014206415748429842,14.762
2016-07-02 20:15:00,-0.013752760864139587,14.744
2016-07-02 20:30:00,-0.013856985493967465,14.722
2016-07-02 20:45:00,-0.01398071514774397,14.701
2016-07-02 21:00:00,-0.014344769725708452,14.679
2016-07-02 21:15:00,-0.014377377016673534,14.667
2016-07-02 21:30:00,-0.014349670939045907,14.647
2016-07-02 21:45:00,-0.01404205689592101,14.613
2016-07-02 22:00:00,-0.013944393656046595,14.581
2016-07-02 22:15:00,-0.01405703677619408,14.571
2016-07-02 22:30:00,-0.013644980666600541,14.566
2016-07-02 22:45:00,-0.013636562176280934,14.554
2016-07-02 23:00:00,-0.0128237539273638,14.526
2016-07-02 23:15:00,-0.01320897370589292,14.483
2016-07-02 23:30:00,-0.013342426469834075,14.432
2016-07-02 23:45:00,-0.013339126629492687,14.381
2016-07-03 00:00:00,-0.013487045083914817,14.336
2016-07-03 00:15:00,-0.013265514070133542,14.298
2016-07-03 00:30:00,-0.01340536959100703,14.261
2016-07-03 00:45:00,-0.013682985582856624,14.223
2016-07-03 01:00:00,-0.013511333713961323,14.183
2016-07-03 01:15:00,-0.01336602449922897,14.144
2016-07-03 01:30:00,-0.013355452155391889,14.107
2016-07-03 01:45:00,-0.01323446986143536,14.071
2016-07-03 02:00:00,-0.01301092311426696,14.035
2016-07-03 02:15:00,-0.012934780631728602,14.002
2016-07-03 02:30:00,-0.012970055966003249,13.967
2016-07-03 02:45:00,-0.012297023921449192,13.936
2016-07-03 03:00:00,-0.012728881808142838,13.901
2016-07-03 03:15:00,-0.011975813934406528,13.868
2016-07-03 03:30:00,-0.012396802724111766,13.837
2016-07-03 03:45:00,-0.012249260339351524,13.807
2016-07-03 04:00:00,-0.012591003729927155,13.78
2016-07-03 04:15:00,-0.01235154855230269,13.753
2016-07-03 04:30:00,-0.018409550801883064,13.726
2016-07-03 04:45:00,-0.018616557321563424,13.697
2016-07-03 05:00:00,-0.018152468213566433,13.669
2016-07-03 05:15:00,-0.018412160041572694,13.642
2016-07-03 05:30:00,-0.018440380308992407,13.614
2016-07-03 05:45:00,-0.01862183460456262,13.59
2016-07-03 06:00:00,-0.01885496634176516,13.569
2016-07-03 06:15:00,-0.018689499793161576,13.55
2016-07-03 06:30:00,-0.019124736836707026,13.532
2016-07-03 06:45:00,-0.019269769811178825,13.517
2016-07-03 07:00:00,-0.01909926392910744,13.503
2016-07-03 07:15:00,-0.019006778142831183,13.493
2016-07-03 07:30:00,-0.01935974618716634,13.482
2016-07-03 07:45:00,-0.019442015186376633,13.475
2016-07-03 08:00:00,-0.019526299918974043,13.466
2016-07-03 08:15:00,-0.019668091856724242,13.461
2016-07-03 08:30:00,-0.019641749202561294,13.46
2016-07-03 08:45:00,-0.01982255118820906,13.457
2016-07-03 09:00:00,-0.01951485782857375,13.457
2016-07-03 09:15:00,-0.020085187299785586,13.461
2016-07-03 09:30:00,-0.019713939534835974,13.463
2016-07-03 09:45:00,-0.01967751821373741,13.472
2016-07-03 10:00:00,-0.01998600200342552,13.478
2016-07-03 10:15:00,-0.020236761151320073,13.487
2016-07-03 10:30:00,-0.019885591403731275,13.503
2016-07-03 10:45:00,-0.020175143162882474,13.521
2016-07-03 11:00:00,-0.019877666590313134,13.538
2016-07-03 11:15:00,-0.0202301204448562,13.575
2016-07-03 11:30:00,-0.020281145576565938,13.599
2016-07-03 11:45:00,-0.020226582654983425,13.626
2016-07-03 12:00:00,-0.02007046314688245,13.652
2016-07-03 12:15:00,-0.02041967596470407,13.699
2016-07-03 12:30:00,-0.020047558453191245,13.729
2016-07-03 12:45:00,-0.0203726617868778,13.766
2016-07-03 13:00:00,-0.02022474333245582,13.811
2016-07-03 13:15:00,-0.020463408080027487,13.832
2016-07-03 13:30:00,-0.02043619567930133,13.859
2016-07-03 13:45:00,-0.02054796905288561,13.877
2016-07-03 14:00:00,-0.02034297826659237,13.904
2016-07-03 14:15:00,-0.02043761790638595,13.939
2016-07-03 14:30:00,-0.020597254691468926,13.957
2016-07-03 14:45:00,-0.020630790532617155,13.978
2016-07-03 15:00:00,-0.020930203522063207,13.993
2016-07-03 15:15:00,-0.020535774823161684,14.018
2016-07-03 15:30:00,-0.020841373132899608,14.054
2016-07-03 15:45:00,-0.020853743773482897,14.096
2016-07-03 16:00:00,-0.020636006276944483,14.156
2016-07-03 16:15:00,-0.02104855606343949,14.208
2016-07-03 16:30:00,-0.02115125863678156,14.235
2016-07-03 16:45:00,-0.020913877996164006,14.267
2016-07-03 17:00:00,-0.021012549102731985,14.298
2016-07-03 17:15:00,-0.020917177836505395,14.318
2016-07-03 17:30:00,-0.020902059836101976,14.333
2016-07-03 17:45:00,-0.020516701937442504,14.349
2016-07-03 18:00:00,-0.0203666296295029,14.369
2016-07-03 18:15:00,-0.020383901483423793,14.379
2016-07-03 18:30:00,-0.02000559865161925,14.388
2016-07-03 18:45:00,-0.02023685277556502,14.396
2016-07-03 19:00:00,-0.020335385762002497,14.4
2016-07-03 19:15:00,-0.020490635523540263,14.402
2016-07-03 19:30:00,-0.020387063203634828,14.403
2016-07-03 19:45:00,-0.020411390124410653,14.406
2016-07-03 20:00:00,-0.02027262178674114,14.408
2016-07-03 20:15:00,-0.020252108896098794,14.408
2016-07-03 20:30:00,-0.019985441317748022,14.408
2016-07-03 20:45:00,-0.02017005733352927,14.408
2016-07-03 21:00:00,-0.020255132496179478,14.405
2016-07-03 21:15:00,-0.019789383211566487,14.399
2016-07-03 21:30:00,-0.020029925572395076,14.391
2016-07-03 21:45:00,-0.02003597277255644,14.385
2016-07-03 22:00:00,-0.020040004239330687,14.381
2016-07-03 22:15:00,-0.019737350213163037,14.376
2016-07-03 22:30:00,-0.020003227361461012,14.37
2016-07-03 22:45:00,-0.020114862614914932,14.361
2016-07-03 23:00:00,-0.019966667920232096,14.352
2016-07-03 23:15:00,-0.020236576535304317,14.342
2016-07-03 23:30:00,-0.02001820724173408,14.328
2016-07-03 23:45:00,-0.019975600600343795,14.316
2016-07-04 00:00:00,-0.019958328746423053,14.306
2016-07-04 00:15:00,-0.01984050817267741,14.294
2016-07-04 00:30:00,-0.019567437837394307,14.28
2016-07-04 00:45:00,-0.019739821332722462,14.265
2016-07-04 01:00:00,-0.01965237487991401,14.25
2016-07-04 01:15:00,-0.019508211652005572,14.237
2016-07-04 01:30:00,-0.0195506801732655,14.222
2016-07-04 01:45:00,-0.01966836262688064,14.207
2016-07-04 02:00:00,-0.01968348062728406,14.192
2016-07-04 02:15:00,-0.01962338469533227,14.177
2016-07-04 02:30:00,-0.019663837483205077,14.164
2016-07-04 02:45:00,-0.019518666388602925,14.152
2016-07-04 03:00:00,-0.019917482111049965,14.143
2016-07-04 03:15:00,-0.019841477748641805,14.137
2016-07-04 03:30:00,-0.019774326749834936,14.129
2016-07-04 03:45:00,-0.019653482576008758,14.12
2016-07-04 04:00:00,-0.01986869014936796,14.11
2016-07-04 04:15:00,-0.019445191949374132,14.096
2016-07-04 04:30:00,-0.01976598757602589,14.083
2016-07-04 04:45:00,-0.019442030229163097,14.072
2016-07-04 05:00:00,-0.019790176376671364,14.059
2016-07-04 05:15:00,-0.019855963952013403,14.048
2016-07-04 05:30:00,-0.019837684231398946,14.039
2016-07-04 05:45:00,-0.01964162612521741,14.03
2016-07-04 06:00:00,-0.019783635499608525,14.018
2016-07-04 06:15:00,-0.019892247152981612,14.012
2016-07-04 06:30:00,-0.019896278619755858,14.008
2016-07-04 06:45:00,-0.01990534941999791,13.999
2016-07-04 07:00:00,-0.019807824300253997,13.994
2016-07-04 07:15:00,-0.01973181993784584,13.988
2016-07-04 07:30:00,-0.019635302684795488,13.982
2016-07-04 07:45:00,-0.019740890738087893,13.979
2016-07-04 08:00:00,-0.019865766378688463,13.984
2016-07-04 08:15:00,-0.020020008273532515,13.987
2016-07-04 08:30:00,-0.020120339556716348,13.996
2016-07-04 08:45:00,-0.02020980174291192,14.009
2016-07-04 09:00:00,-0.02003540251419664,14.026
2016-07-04 09:15:00,-0.019940248684610817,14.039
2016-07-04 09:30:00,-0.020168479208475906,14.05
2016-07-04 09:45:00,-0.01962283221481086,14.069
2016-07-04 10:00:00,-0.020100814019876942,14.09
2016-07-04 10:15:00,-0.020110022940249345,14.108
2016-07-04 10:30:00,-0.019843493482028927,14.135
2016-07-04 10:45:00,-0.01998880269676128,14.174
2016-07-04 11:00:00,-0.019922797684778323,14.192
2016-07-04 11:15:00,-0.020032910881746593,14.232
2016-07-04 11:30:00,-0.019888016027405146,14.274
2016-07-04 11:45:00,-0.019958328746423053,14.306
2016-07-04 12:00:00,-0.020233691055353983,14.372
2016-07-04 12:15:00,-0.020332500282052163,14.43
2016-07-04 12:30:00,-0.020169463827226765,14.49
2016-07-04 12:45:00,-0.020029094116561032,14.575
2016-07-04 13:00:00,-0.020026346756741056,14.632
2016-07-04 13:15:00,-0.02024937931411721,14.716
2016-07-04 13:30:00,-0.019941171764689656,14.764
2016-07-04 13:45:00,-0.020343287327477932,14.806
2016-07-04 14:00:00,-0.02026050413847555,14.861
2016-07-04 14:15:00,-0.020229536511235855,14.946
2016-07-04 14:30:00,-0.020462292178776657,15.0
2016-07-04 14:45:00,-0.02028285361659357,15.022
2016-07-04 15:00:00,-0.020320420924515893,15.039
2016-07-04 15:15:00,-0.020252755735916932,15.079
2016-07-04 15:30:00,-0.020157878146591965,15.146
2016-07-04 15:45:00,-0.02044936632261988,15.196
2016-07-04 16:00:00,-0.02051161610808914,15.236
2016-07-04 16:15:00,-0.020392925787780444,15.252
2016-07-04 16:30:00,-0.020272575290855587,15.29
2016-07-04 16:45:00,-0.020552838813124124,15.324
2016-07-04 17:00:00,-0.020509500545300985,15.367
2016-07-04 17:15:00,-0.020737078759243632,15.399
2016-07-04 17:30:00,-0.020542522196656973,15.436
2016-07-04 17:45:00,-0.020411737476025534,15.464
2016-07-04 18:00:00,-0.02057216469116131,15.488
2016-07-04 18:15:00,-0.020979537024058154,15.518
2016-07-04 18:30:00,-0.020855807370281497,15.539
2016-07-04 18:45:00,-0.020662910984310997,15.554
2016-07-04 19:00:00,-0.02058704474203319,15.575
2016-07-04 19:15:00,-0.020517225699916906,15.59
2016-07-04 19:30:00,-0.020346857937975717,15.603
2016-07-04 19:45:00,-0.020496060499352115,15.611
2016-07-04 20:00:00,-0.020734369690152667,15.612
2016-07-04 20:15:00,-0.020324329313946253,15.605
2016-07-04 20:30:00,-0.02038327925907428,15.594
2016-07-04 20:45:00,-0.0201659178321976,15.579
2016-07-04 21:00:00,-0.020604178475823732,15.558
2016-07-04 21:15:00,-0.02023862235426437,15.534
2016-07-04 21:30:00,-0.020561078157532133,15.499
2016-07-04 21:45:00,-0.020616866382449126,15.464
2016-07-04 22:00:00,-0.020578943517755532,15.427
2016-07-04 22:15:00,-0.02043363430302318,15.388
2016-07-04 22:30:00,-0.02057629598733659,15.355
2016-07-04 22:45:00,-0.02040464411844144,15.315
2016-07-04 23:00:00,-0.020662972522982864,15.269
2016-07-04 23:15:00,-0.021169253911979075,15.228
2016-07-04 23:30:00,-0.020508316267747906,15.185
2016-07-04 23:45:00,-0.020506814724152875,15.139
2016-07-05 00:00:00,-0.020494444083569433,15.097
2016-07-05 00:15:00,-0.0207254219672545,15.051
2016-07-05 00:30:00,-0.020564856631988374,15.0
2016-07-05 00:45:00,-0.020383778406079908,14.949
2016-07-05 01:00:00,-0.020413876286756547,14.892
2016-07-05 01:15:00,-0.020472332554983104,14.834
2016-07-05 01:30:00,-0.0204555748908543,14.776
2016-07-05 01:45:00,-0.02001891562022423,14.714
2016-07-05 02:00:00,-0.02029336989186279,14.652
2016-07-05 02:15:00,-0.02039868170489464,14.595
2016-07-05 02:30:00,-0.020328230865746533,14.536
2016-07-05 02:45:00,-0.020184581827630183,14.475
2016-07-05 03:00:00,-0.020112115255094803,14.418
2016-07-05 03:15:00,-0.020006250961541693,14.367
2016-07-05 03:30:00,-0.01963249378630349,14.324
2016-07-05 03:45:00,-0.019851594706306586,14.283
2016-07-05 04:00:00,-0.01999828785739439,14.246
2016-07-05 04:15:00,-0.020036586791749723,14.208
2016-07-05 04:30:00,-0.020275983165754397,14.174
2016-07-05 04:45:00,-0.020282900112478974,14.14
2016-07-05 05:00:00,-0.020239937914317576,14.108
2016-07-05 05:15:00,-0.020475302821548004,14.078
2016-07-05 05:30:00,-0.02050352308896772,14.05
2016-07-05 05:45:00,-0.020093127155990192,14.023
2016-07-05 06:00:00,-0.020267743821346388,13.999
2016-07-05 06:15:00,-0.02047554077107954,13.976
2016-07-05 06:30:00,-0.02033742474333232,13.957
2016-07-05 06:45:00,-0.020407243785448757,13.942
2016-07-05 07:00:00,-0.020467201597270345,13.93
2016-07-05 07:15:00,-0.02090322907086859,13.918
2016-07-05 07:30:00,-0.020628143002198212,13.906
2016-07-05 07:45:00,-0.020813984321313782,13.898
2016-07-05 08:00:00,-0.020744817589119943,13.892
2016-07-05 08:15:00,-0.021107211990468267,13.892
2016-07-05 08:30:00,-0.020972257682932233,13.897
2016-07-05 08:45:00,-0.020911292004417083,13.91
2016-07-05 09:00:00,-0.020869831349850716,13.924
2016-07-05 09:15:00,-0.02108013770987246,13.946
2016-07-05 09:30:00,-0.02062057374555119,13.961
2016-07-05 09:45:00,-0.020691538774491543,13.972
2016-07-05 10:00:00,-0.0214032253101719,13.985
2016-07-05 10:15:00,-0.021343405618480662,14.024
2016-07-05 10:30:00,-0.020983520627420926,14.069
2016-07-05 10:45:00,-0.020947237426452717,14.105
2016-07-05 11:00:00,-0.021031798399310686,14.15
2016-07-05 11:15:00,-0.021028043172797144,14.208
2016-07-05 11:30:00,-0.021258783106950674,14.264
2016-07-05 11:45:00,-0.021290658771482895,14.307
2016-07-05 12:00:00,-0.021310084478921267,14.342
2016-07-05 12:15:00,-0.021512466025524882,14.399
2016-07-05 12:30:00,-0.02160825165214237,14.46
2016-07-05 12:45:00,-0.021447448367344704,14.511
2016-07-05 13:00:00,-0.021425413420216713,14.56
2016-07-05 13:15:00,-0.021210699523758977,14.617
2016-07-05 13:30:00,-0.021384367126041404,14.655
2016-07-05 13:45:00,-0.021749053501037553,14.707
2016-07-05 14:00:00,-0.02157076092567838,14.755
2016-07-05 14:15:00,-0.02170822464350301,14.795
2016-07-05 14:30:00,-0.021526908468063155,14.846
2016-07-05 14:45:00,-0.021852802231802505,14.889
2016-07-05 15:00:00,-0.021771026909493684,14.943
2016-07-05 15:15:00,-0.021770295283060674,14.998
2016-07-05 15:30:00,-0.02176057217289633,15.028
2016-07-05 15:45:00,-0.021939417228776764,15.088
2016-07-05 16:00:00,-0.021900110427727867,15.127
2016-07-05 16:15:00,-0.02177398897090235,15.225
2016-07-05 16:30:00,-0.02212442709205844,15.264
2016-07-05 16:45:00,-0.022154939333125838,15.288
2016-07-05 17:00:00,-0.022321413748422975,15.306
2016-07-05 17:15:00,-0.022085396531270104,15.357
2016-07-05 17:30:00,-0.022717106041388147,15.429
2016-07-05 17:45:00,-0.022569543143737134,15.494
2016-07-05 18:00:00,-0.022391112448247607,15.515
2016-07-05 18:15:00,-0.022551677783513732,15.566
2016-07-05 18:30:00,-0.022468756474380996,15.594
2016-07-05 18:45:00,-0.022336825766925646,15.596
2016-07-05 19:00:00,-0.022511363115771277,15.606
2016-07-05 19:15:00,-0.02266358927722821,15.611
2016-07-05 19:30:00,-0.022690939798084717,15.611
2016-07-05 19:45:00,-0.022584561314739515,15.608
2016-07-05 20:00:00,-0.023104873520935022,15.587
2016-07-05 20:15:00,-0.022696848878115735,15.578
2016-07-05 20:30:00,-0.022524327262657223,15.566
2016-07-05 20:45:00,-0.02270275795814675,15.545
2016-07-05 21:00:00,-0.02276941528005215,15.506
2016-07-05 21:15:00,-0.022567033733448538,15.449
2016-07-05 21:30:00,-0.022697680333949775,15.394
2016-07-05 21:45:00,-0.022680922669820972,15.336
2016-07-05 22:00:00,-0.022424847948198056,15.278
2016-07-05 22:15:00,-0.022615234923879967,15.218
2016-07-05 22:30:00,-0.02254377621803829,15.16
2016-07-05 22:45:00,-0.022530042153990175,15.099
2016-07-05 23:00:00,-0.022613042779633323,15.037
2016-07-05 23:15:00,-0.022448090420821836,14.97
2016-07-05 23:30:00,-0.02238771824860934,14.901
2016-07-05 23:45:00,-0.022485619438015143,14.831
2016-07-06 00:00:00,-0.02266478175993752,14.755
2016-07-06 00:15:00,-0.0224298722388794,14.676
2016-07-06 00:30:00,-0.022457598829397643,14.601
2016-07-06 00:45:00,-0.022613442097237913,14.521
2016-07-06 01:00:00,-0.022697095032803503,14.438
2016-07-06 01:15:00,-0.022388987312777144,14.357
2016-07-06 01:30:00,-0.022596508022249592,14.28
2016-07-06 01:45:00,-0.022679153091121625,14.198
2016-07-06 02:00:00,-0.022523271532552187,14.122
2016-07-06 02:15:00,-0.022441596039644553,14.047
2016-07-06 02:30:00,-0.022432110879011445,13.975
2016-07-06 02:45:00,-0.022380809507040994,13.897
2016-07-06 03:00:00,-0.022459423109138784,13.819
2016-07-06 03:15:00,-0.02222048212130626,13.744
2016-07-06 03:30:00,-0.022277574966068144,13.667
2016-07-06 03:45:00,-0.02224577861804648,13.59
2016-07-06 04:00:00,-0.022189437912608228,13.517
2016-07-06 04:15:00,-0.022347079477194706,13.442
2016-07-06 04:30:00,-0.022415614412356878,13.374
2016-07-06 04:45:00,-0.022568434080116464,13.297
2016-07-06 05:00:00,-0.02245436873288451,13.227
2016-07-06 05:15:00,-0.022501382910710778,13.16
2016-07-06 05:30:00,-0.02264311604484119,13.094
2016-07-06 05:45:00,-0.022476147952642578,13.029
2016-07-06 06:00:00,-0.02257944403228715,12.974
2016-07-06 06:15:00,-0.02271390466292187,12.922
2016-07-06 06:30:00,-0.022756235064051444,12.88
2016-07-06 06:45:00,-0.022837358076437823,12.847
2016-07-06 07:00:00,-0.02301679663862091,12.825
2016-07-06 07:15:00,-0.022931365919199736,12.808
2016-07-06 07:30:00,-0.022912078331891714,12.8
2016-07-06 07:45:00,-0.022912078331891714,12.8
2016-07-06 08:00:00,-0.022825777865907178,12.811
2016-07-06 08:15:00,-0.022750919490322933,12.831
2016-07-06 08:30:00,-0.02264849315724157,12.858
2016-07-06 08:45:00,-0.022884134304732552,12.882
2016-07-06 09:00:00,-0.022802220862293526,12.909
2016-07-06 09:15:00,-0.022696770929131325,12.939
2016-07-06 09:30:00,-0.02272044553998471,12.963
2016-07-06 09:45:00,-0.022480041299286473,12.998
2016-07-06 10:00:00,-0.022650902738128975,13.032
2016-07-06 10:15:00,-0.022659241911938167,13.078
2016-07-06 10:30:00,-0.022665565352360095,13.126
2016-07-06 10:45:00,-0.022794966136636223,13.174
2016-07-06 11:00:00,-0.022804313177138984,13.219
2016-07-06 11:15:00,-0.022698210934054334,13.27
2016-07-06 11:30:00,-0.022828402148383425,13.324
2016-07-06 11:45:00,-0.022778008813705355,13.374
2016-07-06 12:00:00,-0.02286371577338724,13.445
2016-07-06 12:15:00,-0.0229655486001661,13.5
2016-07-06 12:30:00,-0.02260983319601081,13.568
2016-07-06 12:45:00,-0.022817254076082226,13.62
2016-07-06 13:00:00,-0.022878634114988434,13.688
2016-07-06 13:15:00,-0.02310231898228704,13.751
2016-07-06 13:30:00,-0.022910054393348356,13.84
2016-07-06 13:45:00,-0.023076014618853405,13.906
2016-07-06 14:00:00,-0.02302475153761198,13.984
2016-07-06 14:15:00,-0.023029552921548402,14.081
2016-07-06 14:30:00,-0.02297196639988505,14.111
2016-07-06 14:45:00,-0.023284757896608107,14.167
2016-07-06 15:00:00,-0.023165553386507314,14.231
2016-07-06 15:15:00,-0.023301929921127815,14.306
2016-07-06 15:30:00,-0.023712463974235695,14.36
2016-07-06 15:45:00,-0.023539348852474683,14.43
2016-07-06 16:00:00,-0.02321299970256303,14.496
2016-07-06 16:15:00,-0.023217662966369092,14.566
2016-07-06 16:30:00,-0.023231041473645943,14.607
2016-07-06 16:45:00,-0.023204105313180495,14.688
2016-07-06 17:00:00,-0.023352931804894998,14.771
2016-07-06 17:15:00,-0.023299652990266602,14.851
2016-07-06 17:30:00,-0.023615823643841457,14.924
2016-07-06 17:45:00,-0.023571615629455114,14.995
2016-07-06 18:00:00,-0.023533316695099782,15.033
2016-07-06 18:15:00,-0.02365443710918666,15.096
2016-07-06 18:30:00,-0.023683151053507847,15.115
2016-07-06 18:45:00,-0.023718840748173403,15.161
2016-07-06 19:00:00,-0.02382606846519134,15.231
2016-07-06 19:15:00,-0.024172257682932123,15.281
2016-07-06 19:30:00,-0.023966970143487556,15.349
2016-07-06 19:45:00,-0.023763125344018234,15.402
2016-07-06 20:00:00,-0.02360499010253014,15.43
2016-07-06 20:15:00,-0.02364378271378694,15.439
2016-07-06 20:30:00,-0.023597935035675206,15.437
2016-07-06 20:45:00,-0.02370856242243557,15.429
2016-07-06 21:00:00,-0.023489402698812535,15.409
2016-07-06 21:15:00,-0.02378126694450234,15.384
2016-07-06 21:30:00,-0.023886716877664544,15.354
2016-07-06 21:45:00,-0.02365813079702834,15.323
2016-07-06 22:00:00,-0.023611354568733457,15.288
2016-07-06 22:15:00,-0.023788421840758304,15.248
2016-07-06 22:30:00,-0.023777059066868573,15.205
2016-07-06 22:45:00,-0.02374237723889643,15.158
2016-07-06 23:00:00,-0.023639319108783245,15.111
2016-07-06 23:15:00,-0.023559007039340284,15.055
2016-07-06 23:30:00,-0.02374716084499431,15.004
2016-07-06 23:45:00,-0.02322520897507342,14.952
2016-07-07 00:00:00,-0.023304178133942314,14.894
2016-07-07 00:15:00,-0.023184856016601644,14.836
2016-07-07 00:30:00,-0.02335091607150788,14.773
2016-07-07 00:45:00,-0.02313025480428981,14.707
2016-07-07 01:00:00,-0.022834379604716536,14.641
2016-07-07 01:15:00,-0.02290493027326583,14.571
2016-07-07 01:30:00,-0.02317960198154515,14.502
2016-07-07 01:45:00,-0.022833057207033103,14.432
2016-07-07 02:00:00,-0.02290562360896952,14.36
2016-07-07 02:15:00,-0.023108104984974315,14.288
2016-07-07 02:30:00,-0.02308012266708598,14.214
2016-07-07 02:45:00,-0.02302378196164773,14.141
2016-07-07 03:00:00,-0.022525011025678603,14.066
2016-07-07 03:15:00,-0.022625935815165088,13.993
2016-07-07 03:30:00,-0.02285778344541337,13.919
2016-07-07 03:45:00,-0.022745733831568544,13.847
2016-07-07 04:00:00,-0.02320804515570994,13.775
2016-07-07 04:15:00,-0.022891874502134934,13.702
2016-07-07 04:30:00,-0.02316755407710797,13.632
2016-07-07 04:45:00,-0.02344704768221418,13.565
2016-07-07 05:00:00,-0.023331974468288667,13.496
2016-07-07 05:15:00,-0.023220715284496637,13.43
2016-07-07 05:30:00,-0.023125937524572704,13.368
2016-07-07 05:45:00,-0.023290989712785228,13.306
2016-07-07 06:00:00,-0.0233464223809311,13.251
2016-07-07 06:15:00,-0.023266900741540943,13.201
2016-07-07 06:30:00,-0.023383437208332317,13.16
2016-07-07 06:45:00,-0.023338459276783796,13.13
2016-07-07 07:00:00,-0.02338395139812441,13.112
2016-07-07 07:15:00,-0.023341344756734123,13.1
2016-07-07 07:30:00,-0.0233473919568955,13.094
2016-07-07 07:45:00,-0.023289667315101945,13.097
2016-07-07 08:00:00,-0.023462188930560453,13.109
2016-07-07 08:15:00,-0.023280734634990096,13.133
2016-07-07 08:30:00,-0.02340574839572102,13.165
2016-07-07 08:45:00,-0.023239550220684434,13.201
2016-07-07 09:00:00,-0.023071336312260868,13.239
2016-07-07 09:15:00,-0.023553705140872166,13.276
2016-07-07 09:30:00,-0.02372737274315459,13.314
2016-07-07 09:45:00,-0.023949911623629427,13.351
2016-07-07 10:00:00,-0.023560660378326062,13.398
2016-07-07 10:15:00,-0.023435053111292632,13.448
2016-07-07 10:30:00,-0.023483192763052187,13.502
2016-07-07 10:45:00,-0.023681542842881403,13.563
2016-07-07 11:00:00,-0.0233197802385649,13.637
2016-07-07 11:15:00,-0.023093979808477987,13.705
2016-07-07 11:30:00,-0.02288847483239251,13.78
2016-07-07 11:45:00,-0.02322897240674319,13.856
2016-07-07 12:00:00,-0.02317468572542123,13.937
2016-07-07 12:15:00,-0.023150773165036463,14.015
2016-07-07 12:30:00,-0.02303976970861436,14.098
2016-07-07 12:45:00,-0.023275687096366054,14.176
2016-07-07 13:00:00,-0.023167707240024635,14.256
2016-07-07 13:15:00,-0.023213969278527424,14.339
2016-07-07 13:30:00,-0.023100950088718198,14.424
2016-07-07 13:45:00,-0.023063935261317135,14.515
2016-07-07 14:00:00,-0.023306255406001307,14.607
2016-07-07 14:15:00,-0.02365898550080508,14.698
2016-07-07 14:30:00,-0.02357130109846524,14.785
2016-07-07 14:45:00,-0.02374243877756845,14.873
2016-07-07 15:00:00,-0.023654754375228612,14.96
2016-07-07 15:15:00,-0.023906935750207636,15.049
2016-07-07 15:30:00,-0.02371063969449456,15.142
2016-07-07 15:45:00,-0.023918198694696326,15.221
2016-07-07 16:00:00,-0.023932070878874803,15.309
2016-07-07 16:15:00,-0.024131566945527927,15.396
2016-07-07 16:30:00,-0.02413838406285147,15.491
2016-07-07 16:45:00,-0.02395418240746113,15.572
2016-07-07 17:00:00,-0.02422990027316333,15.658
2016-07-07 17:15:00,-0.024094352459324644,15.745
2016-07-07 17:30:00,-0.024108224643502964,15.833
2016-07-07 17:45:00,-0.02430671284346268,15.921
2016-07-07 18:00:00,-0.024290863216626254,15.991
2016-07-07 18:15:00,-0.024158556439509163,16.068
2016-07-07 18:30:00,-0.024142706812672728,16.138
2016-07-07 18:45:00,-0.024626221628108094,16.201
2016-07-07 19:00:00,-0.024198533328319043,16.259
2016-07-07 19:15:00,-0.02412460350291795,16.312
2016-07-07 19:30:00,-0.024491305611301226,16.362
2016-07-07 19:45:00,-0.02439528203515219,16.403
2016-07-07 20:00:00,-0.02443118916645866,16.442
2016-07-07 20:15:00,-0.024055692498093886,16.455
2016-07-07 20:30:00,-0.024391526808638653,16.461
2016-07-07 20:45:00,-0.02428313259190618,16.46
2016-07-07 21:00:00,-0.02432459324647254,16.446
2016-07-07 21:15:00,-0.024374116834587404,16.424
2016-07-07 21:30:00,-0.02425011094055019,16.391
2016-07-07 21:45:00,-0.024448698969910938,16.35
2016-07-07 22:00:00,-0.024438344062714622,16.306
2016-07-07 22:15:00,-0.024174996837596014,16.262
2016-07-07 22:30:00,-0.024039766289799275,16.213
2016-07-07 22:45:00,-0.024326670518531688,16.159
2016-07-07 23:00:00,-0.023989334664391893,16.107
2016-07-07 23:15:00,-0.024202032827462652,16.052
2016-07-07 23:30:00,-0.024177429666426123,15.995
2016-07-07 23:45:00,-0.024216380910703897,15.936
2016-07-08 00:00:00,-0.02406992570914763,15.871
2016-07-08 00:15:00,-0.02406223884526088,15.804
2016-07-08 00:30:00,-0.023946157764641804,15.736
2016-07-08 00:45:00,-0.02396402312486536,15.664
2016-07-08 01:00:00,-0.02406293218096472,15.593
2016-07-08 01:15:00,-0.02376907271477842,15.525
2016-07-08 01:30:00,-0.024127811719014385,15.454
2016-07-08 01:45:00,-0.0243009268407754,15.384
2016-07-08 02:00:00,-0.02431072926745046,15.32
2016-07-08 02:15:00,-0.02393582610538834,15.251
2016-07-08 02:30:00,-0.024353297618111426,15.176
2016-07-08 02:45:00,-0.023747930762156328,15.105
2016-07-08 03:00:00,-0.02351201337440464,15.027
2016-07-08 03:15:00,-0.02380259351314018,14.949
2016-07-08 03:30:00,-0.023763742098263593,14.879
2016-07-08 03:45:00,-0.02355517523136826,14.801
2016-07-08 04:00:00,-0.02368848987517906,14.723
2016-07-08 04:15:00,-0.023607822248964835,14.647
2016-07-08 04:30:00,-0.024104539160817524,14.568
2016-07-08 04:45:00,-0.02408058830970359,14.49
2016-07-08 05:00:00,-0.023921683151053467,14.417
2016-07-08 05:15:00,-0.02381164927059577,14.343
2016-07-08 05:30:00,-0.02398375652566322,14.274
2016-07-08 05:45:00,-0.024075610514907655,14.21
2016-07-08 06:00:00,-0.024137090383214894,14.149
2016-07-08 06:15:00,-0.024031226089661784,14.098
2016-07-08 06:30:00,-0.024309059518152144,14.053
2016-07-08 06:45:00,-0.023668417327922405,14.017
2016-07-08 07:00:00,-0.023879237877736242,13.991
2016-07-08 07:15:00,-0.02389536374483323,13.975
2016-07-08 07:30:00,-0.024115610651660232,13.96
2016-07-08 07:45:00,-0.024046443919466396,13.954
2016-07-08 08:00:00,-0.024254596425970668,13.951
2016-07-08 08:15:00,-0.023885146957767257,13.958
2016-07-08 08:30:00,-0.02394221928963852,13.976
2016-07-08 08:45:00,-0.024677007442760367,14.0
2016-07-08 09:00:00,-0.024644755708566404,14.032
2016-07-08 09:15:00,-0.024669220749472583,14.062
2016-07-08 09:30:00,-0.024243192626299537,14.098
2016-07-08 09:45:00,-0.02414918478353763,14.137
2016-07-08 10:00:00,-0.024003282062502775,14.18
2016-07-08 10:15:00,-0.024045374514100815,14.24
2016-07-08 10:30:00,-0.02411683321994263,14.298
2016-07-08 10:45:00,-0.024709097808881277,14.382
2016-07-08 11:00:00,-0.024549223074266917,14.466
2016-07-08 11:15:00,-0.02450940208342593,14.553
2016-07-08 11:30:00,-0.024237892095357497,14.646
2016-07-08 11:45:00,-0.024072325717352877,14.756
2016-07-08 12:00:00,-0.024075111367902025,14.855
2016-07-08 12:15:00,-0.024670537677051862,14.963
2016-07-08 12:30:00,-0.024520227419580865,15.085
2016-07-08 12:45:00,-0.024613265686378383,15.203
2016-07-08 13:00:00,-0.024845289727486182,15.312
2016-07-08 13:15:00,-0.025215509112851607,15.406
2016-07-08 13:30:00,-0.025157329084885754,15.518
2016-07-08 13:45:00,-0.025418936816877947,15.618
2016-07-08 14:00:00,-0.02533354438818594,15.757
2016-07-08 14:15:00,-0.025373897346657556,15.873
2016-07-08 14:30:00,-0.025257992676898003,15.988
2016-07-08 14:45:00,-0.02531144790238592,16.091
2016-07-08 15:00:00,-0.025372827941291975,16.159
2016-07-08 15:15:00,-0.02583013822269474,16.248
2016-07-08 15:30:00,-0.02556677048468536,16.299
2016-07-08 15:45:00,-0.025811758672679094,16.368
2016-07-08 16:00:00,-0.026445898276575168,16.519
2016-07-08 16:15:00,-0.026332740966635744,16.577
2016-07-08 16:30:00,-0.02651611116619189,16.68
2016-07-08 16:45:00,-0.02613707670795449,16.744
2016-07-08 17:00:00,-0.026132807291648855,16.85
2016-07-08 17:15:00,-0.026703551123251602,16.935
2016-07-08 17:30:00,-0.026719300920686837,16.994
2016-07-08 17:45:00,-0.026718431174123633,17.022
2016-07-08 18:00:00,-0.02670647489393125,17.061
2016-07-08 18:15:00,-0.0266357861052516,17.104
2016-07-08 18:30:00,-0.02637846556740359,17.149
2016-07-08 18:45:00,-0.026449568716474137,17.187
2016-07-08 19:00:00,-0.026492530914635534,17.219
2016-07-08 19:15:00,-0.026307045152291084,17.247
2016-07-08 19:30:00,-0.02644314544665103,17.268
2016-07-08 20:15:00,-0.026732341649031273,17.266
2016-07-08 20:30:00,-0.026466326380602943,17.245
2016-07-08 20:45:00,-0.02626206722074256,17.217
2016-07-08 21:00:00,-0.026794691263901722,17.177
2016-07-08 21:15:00,-0.026401646501355496,17.126
2016-07-08 21:30:00,-0.02687215887917559,17.073
2016-07-08 21:45:00,-0.026970060068581395,17.003
2016-07-08 22:00:00,-0.026989723725551154,16.936
2016-07-08 22:15:00,-0.02704918786047127,16.877
2016-07-08 22:30:00,-0.026880421471526306,16.807
2016-07-08 22:45:00,-0.02666278380438907,16.738
2016-07-08 23:00:00,-0.026567788607824223,16.683
2016-07-08 23:15:00,-0.02656852023425708,16.628
2016-07-08 23:30:00,-0.02652038058249767,16.574
2016-07-08 23:45:00,-0.02656976605048218,16.525
2016-07-09 00:00:00,-0.02602953445994683,16.464
2016-07-09 00:15:00,-0.026091014328254072,16.403
2016-07-09 00:30:00,-0.026128167275785492,16.339
2016-07-09 00:45:00,-0.0261379697024604,16.275
2016-07-09 01:00:00,-0.025638981329850655,16.207
2016-07-09 01:15:00,-0.02592373170506559,16.128
2016-07-09 01:30:00,-0.02564095877250861,16.049
2016-07-09 01:45:00,-0.025719572374606398,15.971
2016-07-09 02:00:00,-0.02590578976338371,15.888
2016-07-09 02:15:00,-0.025675919575793387,15.804
2016-07-09 02:30:00,-0.025944188527140224,15.721
2016-07-09 02:45:00,-0.025935711233200674,15.648
2016-07-09 03:00:00,-0.025878362661068865,15.576
2016-07-09 03:15:00,-0.02584030167624492,15.512
2016-07-09 03:30:00,-0.02575358684986948,15.442
2016-07-09 03:45:00,-0.025699261877818354,15.367
2016-07-09 04:00:00,-0.025872376999579363,15.297
2016-07-09 04:15:00,-0.025973301789065848,15.224
2016-07-09 04:30:00,-0.025814396630415733,15.151
2016-07-09 04:45:00,-0.025912297819821534,15.081
2016-07-09 05:00:00,-0.025612608590114775,15.012
2016-07-09 05:15:00,-0.025758155754378516,14.949
2016-07-09 05:30:00,-0.026058162250127224,14.882
2016-07-09 05:45:00,-0.026047451786159942,14.818
2016-07-09 06:00:00,-0.026077549666836432,14.761
2016-07-09 06:15:00,-0.025912952864796054,14.714
2016-07-09 06:30:00,-0.026198631790194143,14.668
2016-07-09 06:45:00,-0.025993582200280967,14.634
2016-07-09 07:00:00,-0.025971923322814706,14.608
2016-07-09 07:15:00,-0.026195193829722404,14.59
2016-07-09 07:30:00,-0.0262082960967387,14.577
2016-07-09 07:45:00,-0.026051030601813963,14.577
2016-07-09 08:00:00,-0.025842878095309694,14.58
2016-07-09 08:15:00,-0.02591204482750368,14.586
2016-07-09 08:30:00,-0.025742684932256055,14.598
2016-07-09 08:45:00,-0.025968899722734022,14.611
2016-07-09 09:00:00,-0.025721519731691272,14.619
2016-07-09 09:15:00,-0.025217115955951983,14.631
2016-07-09 09:30:00,-0.025237411409953406,14.638
2016-07-09 09:45:00,-0.02509237843548176,14.653
2016-07-09 10:00:00,-0.026525612737137473,14.676
2016-07-09 10:15:00,-0.02529979931555318,14.705
2016-07-09 10:30:00,-0.02529007620538868,14.735
2016-07-09 10:45:00,-0.025273080591728492,14.779
2016-07-09 11:00:00,-0.02505836669527076,14.836
2016-07-09 11:15:00,-0.025277664539023994,14.883
2016-07-09 11:30:00,-0.02499097774693235,14.93
2016-07-09 11:45:00,-0.025220709814392468,14.987
2016-07-09 12:00:00,-0.02518960406702242,15.045
2016-07-09 12:15:00,-0.02526106277286409,15.103
2016-07-09 12:30:00,-0.025347777599239528,15.173
2016-07-09 12:45:00,-0.02544053962577649,15.237
2016-07-09 13:00:00,-0.025407773701790436,15.317
2016-07-09 13:15:00,-0.029415474240937555,15.384
2016-07-09 13:30:00,-0.029851481201645023,15.467
2016-07-09 13:45:00,-0.025537133460285327,15.555
2016-07-09 14:00:00,-0.02595990003384615,15.624
2016-07-09 14:15:00,-0.02583543875363663,15.7
2016-07-09 14:30:00,-0.02566771852211454,15.785
2016-07-09 14:45:00,-0.025810142256896568,15.854
2016-07-09 15:00:00,-0.026307905326171985,15.93
2016-07-09 15:15:00,-0.026101392483393094,16.006
2016-07-09 15:30:00,-0.025860474052902614,16.089
2016-07-09 15:45:00,-0.026273161959527974,16.168
2016-07-09 16:00:00,-0.026729108817465905,16.238
2016-07-09 16:15:00,-0.02595025077008806,16.312
2016-07-09 16:30:00,-0.02628268541089025,16.396
2016-07-09 16:45:00,-0.026171681954468153,16.479
2016-07-09 17:00:00,-0.026116387406452623,16.561
2016-07-09 17:15:00,-0.025964793042027368,16.63
2016-07-09 17:30:00,-0.026388350045641138,16.705
2016-07-09 17:45:00,-0.026581660792002693,16.771
2016-07-09 18:00:00,-0.026636993630747383,16.845
2016-07-09 18:15:00,-0.026651735561489066,16.905
2016-07-09 18:30:00,-0.02656290517232531,16.966
2016-07-09 18:45:00,-0.02648897534692422,17.019
2016-07-09 19:00:00,-0.026481406090277194,17.074
2016-07-09 19:15:00,-0.026690842703735736,17.124
2016-07-09 19:30:00,-0.026546955716087846,17.165
2016-07-09 19:45:00,-0.02659776341115682,17.196
2016-07-09 20:00:00,-0.026518873568798486,17.22
2016-07-09 20:15:00,-0.02676459338322523,17.234
2016-07-09 20:30:00,-0.026418462969104092,17.245
2016-07-09 20:45:00,-0.026148771790672785,17.248
2016-07-09 21:00:00,-0.02652909035586445,17.237
2016-07-09 21:15:00,-0.026470219727246835,17.214
2016-07-09 21:30:00,-0.02645259231655482,17.184
2016-07-09 21:45:00,-0.026250566326722485,17.147
2016-07-09 22:00:00,-0.026420795968533164,17.107
2016-07-09 22:15:00,-0.02620228855483257,17.066
2016-07-09 22:30:00,-0.026066840570395065,17.024
2016-07-09 22:45:00,-0.02681949408374032,16.976
2016-07-09 23:00:00,-0.025850072649820893,16.927
2016-07-09 23:15:00,-0.026706298483071725,16.878
2016-07-09 23:30:00,-0.02560897780847104,16.827
2016-07-09 23:45:00,-0.02579230971729817,16.774
2016-07-10 00:00:00,-0.02577152058639513,16.72
2016-07-10 00:15:00,-0.025595481693954463,16.664
2016-07-10 00:30:00,-0.025729151894536385,16.606
2016-07-10 00:45:00,-0.025577657359512312,16.546
2016-07-10 01:00:00,-0.025776897698795504,16.484
2016-07-10 01:15:00,-0.026566189969880236,16.42
2016-07-10 01:30:00,-0.02564125279060771,16.354
2016-07-10 01:45:00,-0.02565890071419034,16.289
2016-07-10 02:00:00,-0.025671726740946085,16.222
2016-07-10 02:15:00,-0.025691390397915844,16.155
2016-07-10 02:30:00,-0.025314471502466605,16.088
2016-07-10 02:45:00,-0.025385022171015896,16.018
2016-07-10 03:00:00,-0.025664733212763025,15.944
2016-07-10 03:15:00,-0.025376920946738237,15.87
2016-07-10 03:30:00,-0.02549735076017351,15.798
2016-07-10 03:45:00,-0.025209538494148573,15.724
2016-07-10 04:00:00,-0.025207898830423344,15.651
2016-07-10 04:15:00,-0.024996308363447326,15.576
2016-07-10 04:30:00,-0.02598029531724891,15.502
2016-07-10 04:45:00,-0.0251923281788997,15.429
2016-07-10 05:00:00,-0.025134979606767888,15.357
2016-07-10 05:15:00,-0.025308094728528897,15.287
2016-07-10 05:30:00,-0.02532473478541797,15.223
2016-07-10 05:45:00,-0.025518145361180713,15.16
2016-07-10 06:00:00,-0.02557357802932659,15.105
2016-07-10 06:15:00,-0.025669819042116387,15.057
2016-07-10 06:30:00,-0.025609584990034098,15.015
2016-07-10 06:45:00,-0.025570654258646942,14.979
2016-07-10 07:00:00,-0.02987239340989196,14.951
2016-07-10 07:15:00,-0.03000598429396332,14.927
2016-07-10 07:30:00,-0.030359169774939392,14.909
2016-07-10 07:45:00,-0.03032037716368259,14.9
2016-07-10 08:00:00,-0.030495131949168985,14.903
2016-07-10 08:15:00,-0.030617991856382285,14.91
2016-07-10 08:30:00,-0.030355138308165143,14.913
2016-07-10 08:45:00,-0.03021716040054828,14.921
2016-07-10 09:00:00,-0.030071119559383068,14.937
2016-07-10 09:15:00,-0.030047938625431155,14.96
2016-07-10 09:30:00,-0.029574264527400022,14.989
2016-07-10 09:45:00,-0.030112342264417894,15.025
2016-07-10 10:00:00,-0.029756488740132408,15.066
2016-07-10 10:15:00,-0.029533356353355068,15.111
2016-07-10 10:30:00,-0.029289276202653546,15.17
2016-07-10 10:45:00,-0.02942047528367619,15.223
2016-07-10 11:00:00,-0.029020137504743505,15.281
2016-07-10 11:15:00,-0.02888545943746802,15.34
2016-07-10 11:30:00,-0.028891268688098,15.436
2016-07-10 11:45:00,-0.028939546459987763,15.517
2016-07-10 12:00:00,-0.028952410777472674,15.606
2016-07-10 12:15:00,-0.029111454056253146,15.706
2016-07-10 12:30:00,-0.028621792211255385,15.778
2016-07-10 12:45:00,-0.029022168280917093,15.876
2016-07-10 13:00:00,-0.028318524165894456,15.95
2016-07-10 13:15:00,-0.029059635759438384,16.022
2016-07-10 13:30:00,-0.02922371837168666,16.117
2016-07-10 13:45:00,-0.02995510685506609,16.219
2016-07-10 14:00:00,-0.029667688436541585,16.321
2016-07-10 14:15:00,-0.030405124120082384,16.417
2016-07-10 14:30:00,-0.030126776501799932,16.51
2016-07-10 14:45:00,-0.029446589560989913,16.615
2016-07-10 15:00:00,-0.030012294059125,16.705
2016-07-10 15:15:00,-0.029170672036485493,16.787
2016-07-10 15:30:00,-0.029242268862457517,16.872
2016-07-10 15:45:00,-0.029833525584702748,16.957
2016-07-10 16:00:00,-0.029768152369751617,17.049
2016-07-10 16:15:00,-0.02983370199556227,17.14
2016-07-10 16:30:00,-0.029902275221453757,17.228
