dates,Temp_profondeur_10,Temp_profondeur_20,Temp_profondeur_30
12-07-2016 15:00,16.749,16.272,16.058
12-07-2016 15:15,16.773,16.272,16.034
12-07-2016 15:30,16.82,16.296,16.034
12-07-2016 15:45,16.82,16.296,16.034
12-07-2016 16:00,16.868,16.32,16.01
12-07-2016 16:15,16.868,16.344,16.01
12-07-2016 16:30,16.868,16.344,16.034
12-07-2016 16:45,16.892,16.368,16.01
12-07-2016 17:00,16.915,16.368,16.01
12-07-2016 17:15,16.939,16.368,16.01
12-07-2016 17:30,16.987,16.392,16.01
12-07-2016 17:45,17.011,16.415,16.01
12-07-2016 18:00,17.034,16.415,16.01
12-07-2016 18:15,17.058,16.439,16.034
12-07-2016 18:30,17.082,16.439,16.01
12-07-2016 18:45,17.106,16.463,16.034
12-07-2016 19:00,17.106,16.487,16.034
12-07-2016 19:15,17.13,16.487,16.034
12-07-2016 19:30,17.153,16.511,16.034
12-07-2016 19:45,17.153,16.511,16.034
12-07-2016 20:00,17.153,16.534,16.058
12-07-2016 20:15,17.153,16.534,16.058
12-07-2016 20:30,17.153,16.558,16.058
12-07-2016 20:45,17.153,16.558,16.058
12-07-2016 21:00,17.13,16.582,16.082
12-07-2016 21:15,17.13,16.582,16.082
12-07-2016 21:30,17.106,16.582,16.082
12-07-2016 21:45,17.082,16.582,16.082
12-07-2016 22:00,17.058,16.582,16.082
12-07-2016 22:15,17.034,16.582,16.106
12-07-2016 22:30,17.011,16.582,16.106
12-07-2016 22:45,16.963,16.582,16.106
12-07-2016 23:00,16.939,16.582,16.106
12-07-2016 23:15,16.915,16.582,16.106
12-07-2016 23:30,16.868,16.558,16.106
12-07-2016 23:45,16.844,16.558,16.106
13-07-2016 00:00,16.82,16.558,16.106
13-07-2016 00:15,16.773,16.534,16.106
13-07-2016 00:30,16.749,16.511,16.106
13-07-2016 00:45,16.701,16.511,16.106
13-07-2016 01:00,16.654,16.487,16.129
13-07-2016 01:15,16.63,16.487,16.106
13-07-2016 01:30,16.582,16.463,16.106
13-07-2016 01:45,16.534,16.439,16.106
13-07-2016 02:00,16.487,16.439,16.106
13-07-2016 02:15,16.463,16.415,16.106
13-07-2016 02:30,16.415,16.392,16.106
13-07-2016 02:45,16.368,16.368,16.106
13-07-2016 03:00,16.344,16.344,16.106
13-07-2016 03:15,16.296,16.344,16.082
13-07-2016 03:30,16.272,16.32,16.082
13-07-2016 03:45,16.225,16.296,16.082
13-07-2016 04:00,16.201,16.272,16.058
13-07-2016 04:15,16.153,16.249,16.058
13-07-2016 04:30,16.129,16.225,16.058
13-07-2016 04:45,16.082,16.201,16.058
13-07-2016 05:00,16.058,16.201,16.034
13-07-2016 05:15,16.034,16.177,16.034
13-07-2016 05:30,15.986,16.153,16.01
13-07-2016 05:45,15.963,16.129,16.01
13-07-2016 06:00,15.915,16.106,16.01
13-07-2016 06:15,15.867,16.082,15.986
13-07-2016 06:30,15.843,16.058,15.986
13-07-2016 06:45,15.819,16.034,15.986
13-07-2016 07:00,15.796,16.01,15.963
13-07-2016 07:15,15.748,15.986,15.963
13-07-2016 07:30,15.724,15.986,15.939
13-07-2016 07:45,15.7,15.963,15.939
13-07-2016 08:00,15.676,15.939,15.915
13-07-2016 08:15,15.652,15.915,15.915
13-07-2016 19:45,16.177,15.891,15.676
13-07-2016 20:15,16.177,15.915,15.676
13-07-2016 20:30,16.153,15.915,15.652
13-07-2016 20:45,16.153,15.915,15.676
13-07-2016 21:00,16.129,15.915,15.676
13-07-2016 21:15,16.106,15.915,15.652
13-07-2016 21:30,16.082,15.915,15.676
13-07-2016 21:45,16.058,15.915,15.676
13-07-2016 22:00,16.034,15.891,15.676
13-07-2016 22:15,16.01,15.891,15.676
13-07-2016 22:30,15.986,15.891,15.676
13-07-2016 22:45,15.963,15.891,15.676
13-07-2016 23:00,15.915,15.891,15.676
13-07-2016 23:15,15.891,15.867,15.676
13-07-2016 23:30,15.867,15.843,15.676
13-07-2016 23:45,15.819,15.843,15.652
14-07-2016 00:00,15.772,15.819,15.652
14-07-2016 00:15,15.748,15.796,15.652
14-07-2016 00:30,15.7,15.772,15.652
14-07-2016 00:45,15.652,15.772,15.652
14-07-2016 01:00,15.629,15.748,15.652
14-07-2016 01:15,15.581,15.724,15.629
14-07-2016 01:30,15.533,15.724,15.629
14-07-2016 01:45,15.485,15.7,15.629
14-07-2016 02:00,15.438,15.676,15.629
17-07-2016 20:45,18.247,16.796,15.772
17-07-2016 21:00,18.247,16.844,15.772
17-07-2016 21:15,18.247,16.868,15.819
17-07-2016 21:30,18.247,16.892,15.843
17-07-2016 21:45,18.247,16.915,15.867
17-07-2016 22:00,18.247,16.939,15.891
17-07-2016 22:15,18.224,16.963,15.891
17-07-2016 22:30,18.2,16.987,15.915
17-07-2016 22:45,18.176,16.987,15.939
17-07-2016 23:00,18.152,17.011,15.963
17-07-2016 23:15,18.105,17.011,15.963
17-07-2016 23:30,18.081,17.011,15.986
17-07-2016 23:45,18.057,17.034,16.01
18-07-2016 00:00,18.01,17.034,16.01
18-07-2016 00:15,17.986,17.034,16.034
18-07-2016 00:30,17.938,17.034,16.058
18-07-2016 00:45,17.891,17.034,16.058
18-07-2016 01:00,17.867,17.034,16.082
18-07-2016 01:15,17.819,17.034,16.082
18-07-2016 01:30,17.772,17.011,16.106
18-07-2016 01:45,17.724,17.011,16.106
18-07-2016 02:00,17.701,17.011,16.106
18-07-2016 02:15,17.653,16.987,16.129
18-07-2016 02:30,17.605,16.963,16.129
18-07-2016 02:45,17.558,16.963,16.129
18-07-2016 03:00,17.534,16.963,16.153
18-07-2016 03:15,17.486,16.939,16.153
18-07-2016 03:30,17.439,16.915,16.153
18-07-2016 03:45,17.391,16.915,16.153
18-07-2016 04:00,17.368,16.892,16.153
18-07-2016 04:15,17.296,16.868,16.153
18-07-2016 04:30,17.249,16.844,16.177
18-07-2016 04:45,17.225,16.844,16.177
18-07-2016 05:00,17.177,16.82,16.177
18-07-2016 05:15,17.13,16.796,16.177
18-07-2016 05:30,17.058,16.773,16.177
18-07-2016 05:45,17.011,16.749,16.153
18-07-2016 06:00,16.963,16.725,16.153
18-07-2016 06:15,16.939,16.725,16.153
18-07-2016 06:30,16.868,16.701,16.153
18-07-2016 06:45,16.844,16.677,16.153
18-07-2016 07:00,16.796,16.654,16.153
18-07-2016 07:15,16.749,16.63,16.153
18-07-2016 07:30,16.725,16.606,16.129
18-07-2016 15:30,17.677,16.654,16.034
18-07-2016 15:45,17.748,16.677,16.058
18-07-2016 16:00,17.819,16.725,16.058
18-07-2016 16:15,17.915,16.749,16.058
18-07-2016 16:30,17.986,16.773,16.058
18-07-2016 16:45,18.081,16.82,16.082
18-07-2016 17:00,18.152,16.844,16.082
18-07-2016 17:15,18.224,16.892,16.106
18-07-2016 17:30,18.319,16.939,16.106
18-07-2016 17:45,18.39,16.963,16.129
18-07-2016 18:00,18.461,17.011,16.129
18-07-2016 18:15,18.533,17.058,16.153
18-07-2016 18:30,18.604,17.106,16.177
18-07-2016 18:45,18.652,17.153,16.177
18-07-2016 19:00,18.723,17.201,16.201
18-07-2016 19:15,18.771,17.225,16.225
18-07-2016 19:30,18.818,17.272,16.225
18-07-2016 19:45,18.889,17.32,16.249
18-07-2016 20:00,18.913,17.344,16.272
18-07-2016 20:15,18.937,17.391,16.296
18-07-2016 20:30,18.985,17.439,16.32
18-07-2016 20:45,18.985,17.463,16.344
18-07-2016 21:00,18.985,17.51,16.344
18-07-2016 21:15,18.985,17.534,16.368
18-07-2016 21:30,19.008,17.558,16.392
18-07-2016 21:45,18.985,17.582,16.415
18-07-2016 22:00,18.961,17.582,16.439
18-07-2016 22:15,18.961,17.629,16.463
18-07-2016 22:30,18.937,17.629,16.463
18-07-2016 22:45,18.913,17.653,16.487
18-07-2016 23:00,18.866,17.653,16.511
18-07-2016 23:15,18.842,17.677,16.534
18-07-2016 23:30,18.794,17.677,16.534
18-07-2016 23:45,18.771,17.677,16.558
19-07-2016 00:00,18.723,17.677,16.582
19-07-2016 00:15,18.675,17.677,16.582
19-07-2016 00:30,18.652,17.677,16.606
19-07-2016 00:45,18.604,17.677,16.606
19-07-2016 01:00,18.557,17.677,16.63
19-07-2016 01:15,18.509,17.653,16.63
19-07-2016 01:30,18.461,17.653,16.654
19-07-2016 01:45,18.414,17.653,16.654
19-07-2016 02:00,18.366,17.629,16.654
19-07-2016 02:15,18.319,17.629,16.677
19-07-2016 02:30,18.271,17.605,16.677
19-07-2016 02:45,18.224,17.582,16.677
19-07-2016 03:00,18.176,17.582,16.701
19-07-2016 03:15,18.129,17.558,16.701
19-07-2016 03:30,18.081,17.558,16.701
19-07-2016 03:45,18.033,17.534,16.701
19-07-2016 04:00,17.986,17.51,16.701
19-07-2016 04:15,17.938,17.486,16.701
19-07-2016 04:30,17.891,17.463,16.701
19-07-2016 04:45,17.843,17.439,16.701
19-07-2016 05:00,17.796,17.415,16.701
19-07-2016 05:15,17.724,17.391,16.701
19-07-2016 05:30,17.677,17.368,16.701
19-07-2016 05:45,17.629,17.344,16.701
19-07-2016 06:00,17.582,17.32,16.677
19-07-2016 06:15,17.534,17.296,16.677
19-07-2016 06:30,17.486,17.272,16.677
19-07-2016 06:45,17.439,17.249,16.677
19-07-2016 07:00,17.391,17.225,16.677
19-07-2016 07:15,17.344,17.201,16.677
19-07-2016 07:30,17.296,17.177,16.654
19-07-2016 07:45,17.272,17.153,16.654
19-07-2016 08:00,17.249,17.106,16.654
19-07-2016 08:15,17.225,17.082,16.63
19-07-2016 08:30,17.201,17.082,16.63
19-07-2016 08:45,17.177,17.058,16.63
19-07-2016 09:00,17.177,17.034,16.606
19-07-2016 09:15,17.177,17.011,16.606
19-07-2016 09:30,17.201,16.987,16.606
19-07-2016 09:45,17.201,16.987,16.582
19-07-2016 10:00,17.225,16.963,16.582
19-07-2016 10:15,17.249,16.963,16.558
19-07-2016 10:30,17.249,16.963,16.558
19-07-2016 10:45,17.272,16.939,16.534
19-07-2016 11:00,17.296,16.939,16.534
19-07-2016 11:15,17.344,16.939,16.534
19-07-2016 11:30,17.368,16.939,16.534
19-07-2016 11:45,17.415,16.939,16.534
19-07-2016 12:00,17.439,16.939,16.511
19-07-2016 12:15,17.486,16.939,16.511
19-07-2016 12:30,17.51,16.963,16.511
19-07-2016 12:45,17.558,16.963,16.487
19-07-2016 13:00,17.629,16.963,16.487
19-07-2016 13:15,17.677,16.987,16.487
19-07-2016 13:30,17.724,16.987,16.487
19-07-2016 13:45,17.772,17.011,16.487
19-07-2016 14:00,17.819,17.011,16.487
19-07-2016 14:15,17.891,17.034,16.487
19-07-2016 14:30,17.962,17.058,16.487
19-07-2016 14:45,18.033,17.082,16.487
19-07-2016 15:00,18.105,17.106,16.487
19-07-2016 15:15,18.176,17.13,16.487
19-07-2016 20:15,19.651,17.962,16.773
19-07-2016 20:30,19.674,18.01,16.773
19-07-2016 20:45,19.698,18.033,16.796
19-07-2016 21:00,19.698,18.081,16.82
19-07-2016 21:15,19.722,18.105,16.844
19-07-2016 21:30,19.722,18.129,16.868
19-07-2016 21:45,19.698,18.176,16.892
19-07-2016 22:00,19.674,18.2,16.915
19-07-2016 22:15,19.674,18.224,16.939
19-07-2016 22:30,19.651,18.224,16.963
19-07-2016 22:45,19.627,18.247,16.963
19-07-2016 23:00,19.579,18.247,16.987
19-07-2016 23:15,19.555,18.271,17.011
19-07-2016 23:30,19.532,18.271,17.034
19-07-2016 23:45,19.484,18.271,17.058
20-07-2016 00:00,19.436,18.271,17.058
20-07-2016 00:15,19.389,18.295,17.082
20-07-2016 00:30,19.365,18.271,17.082
20-07-2016 00:45,19.318,18.271,17.106
20-07-2016 01:00,19.27,18.271,17.13
20-07-2016 01:15,19.222,18.271,17.13
20-07-2016 01:30,19.175,18.271,17.13
20-07-2016 01:45,19.151,18.247,17.153
20-07-2016 02:00,19.103,18.247,17.153
20-07-2016 02:15,19.056,18.224,17.153
20-07-2016 02:30,19.008,18.224,17.177
20-07-2016 02:45,18.961,18.2,17.177
20-07-2016 03:00,18.913,18.176,17.201
20-07-2016 03:15,18.866,18.176,17.201
20-07-2016 03:30,18.818,18.152,17.201
20-07-2016 03:45,18.771,18.129,17.201
20-07-2016 04:00,18.723,18.129,17.201
20-07-2016 04:15,18.675,18.105,17.201
20-07-2016 04:30,18.604,18.081,17.201
20-07-2016 04:45,18.58,18.057,17.201
20-07-2016 05:00,18.533,18.033,17.201
20-07-2016 05:15,18.485,18.01,17.201
20-07-2016 05:30,18.438,17.986,17.201
20-07-2016 05:45,18.39,17.962,17.201
20-07-2016 06:00,18.343,17.938,17.201
20-07-2016 06:15,18.319,17.915,17.201
20-07-2016 06:30,18.271,17.915,17.201
20-07-2016 06:45,18.224,17.891,17.177
20-07-2016 07:00,18.176,17.843,17.177
20-07-2016 07:15,18.152,17.843,17.177
20-07-2016 07:30,18.105,17.819,17.177
20-07-2016 07:45,18.081,17.796,17.153
20-07-2016 08:00,18.057,17.772,17.153
20-07-2016 08:15,18.033,17.748,17.153
20-07-2016 08:30,18.01,17.724,17.153
20-07-2016 08:45,18.01,17.701,17.13
20-07-2016 09:00,18.01,17.677,17.13
20-07-2016 09:15,17.986,17.677,17.106
20-07-2016 09:30,18.01,17.653,17.106
20-07-2016 09:45,18.01,17.653,17.106
20-07-2016 10:00,18.033,17.629,17.106
20-07-2016 10:15,18.033,17.629,17.082
20-07-2016 10:30,18.057,17.629,17.082
20-07-2016 10:45,18.081,17.605,17.058
20-07-2016 11:00,18.105,17.605,17.058
20-07-2016 11:15,18.129,17.605,17.058
20-07-2016 11:30,18.152,17.605,17.058
20-07-2016 11:45,18.176,17.605,17.058
20-07-2016 12:00,18.2,17.605,17.058
20-07-2016 12:15,18.224,17.605,17.034
20-07-2016 12:30,18.247,17.629,17.034
20-07-2016 12:45,18.271,17.629,17.034
20-07-2016 13:00,18.271,17.629,17.034
20-07-2016 13:15,18.271,17.629,17.034
20-07-2016 13:30,18.295,17.629,17.034
20-07-2016 13:45,18.319,17.629,17.034
20-07-2016 14:00,18.319,17.653,17.034
20-07-2016 14:15,18.343,17.653,17.011
20-07-2016 14:30,18.343,17.653,17.034
20-07-2016 14:45,18.39,17.653,17.034
20-07-2016 15:00,18.39,17.677,17.034
20-07-2016 15:15,18.438,17.677,17.034
20-07-2016 15:30,18.461,17.677,17.034
20-07-2016 15:45,18.509,17.701,17.034
20-07-2016 16:00,18.533,17.701,17.034
20-07-2016 16:15,18.557,17.724,17.034
20-07-2016 16:30,18.604,17.724,17.034
20-07-2016 16:45,18.628,17.748,17.034
20-07-2016 17:00,18.652,17.748,17.034
20-07-2016 17:15,18.675,17.772,17.034
20-07-2016 17:30,18.723,17.796,17.058
20-07-2016 17:45,18.747,17.819,17.058
20-07-2016 18:00,18.771,17.819,17.058
20-07-2016 18:15,18.794,17.843,17.058
20-07-2016 18:30,18.818,17.843,17.058
20-07-2016 18:45,18.818,17.867,17.082
20-07-2016 19:00,18.842,17.867,17.082
20-07-2016 19:15,18.866,17.891,17.082
20-07-2016 19:30,18.889,17.915,17.082
20-07-2016 19:45,18.889,17.915,17.106
20-07-2016 20:00,18.889,17.938,17.106
20-07-2016 20:15,18.913,17.938,17.106
20-07-2016 20:30,18.913,17.962,17.106
20-07-2016 20:45,18.913,17.962,17.13
20-07-2016 21:00,18.889,17.986,17.13
20-07-2016 21:15,18.889,17.986,17.13
20-07-2016 21:30,18.889,17.986,17.153
20-07-2016 21:45,18.866,17.986,17.153
20-07-2016 22:00,18.866,18.01,17.153
20-07-2016 22:15,18.842,18.01,17.153
20-07-2016 22:30,18.818,18.01,17.153
20-07-2016 22:45,18.794,18.01,17.177
20-07-2016 23:00,18.794,18.01,17.177
20-07-2016 23:15,18.771,18.01,17.177
20-07-2016 23:30,18.771,18.01,17.177
20-07-2016 23:45,18.747,18.01,17.201
21-07-2016 00:00,18.723,18.01,17.201
21-07-2016 00:15,18.699,18.01,17.201
21-07-2016 00:30,18.675,18.01,17.201
21-07-2016 00:45,18.675,17.986,17.225
21-07-2016 01:00,18.652,17.986,17.225
21-07-2016 01:15,18.628,17.986,17.225
21-07-2016 01:30,18.604,17.962,17.225
21-07-2016 01:45,18.58,17.962,17.225
21-07-2016 02:00,18.557,17.962,17.225
21-07-2016 02:15,18.533,17.962,17.225
21-07-2016 02:30,18.509,17.938,17.225
21-07-2016 02:45,18.485,17.938,17.225
21-07-2016 03:00,18.461,17.938,17.225
21-07-2016 03:15,18.438,17.915,17.225
21-07-2016 03:30,18.414,17.915,17.225
21-07-2016 03:45,18.366,17.891,17.225
21-07-2016 04:00,18.343,17.867,17.225
21-07-2016 04:15,18.319,17.867,17.225
21-07-2016 04:30,18.295,17.867,17.225
21-07-2016 04:45,18.247,17.843,17.225
21-07-2016 05:00,18.224,17.843,17.225
21-07-2016 05:15,18.2,17.819,17.225
21-07-2016 05:30,18.176,17.819,17.201
21-07-2016 05:45,18.152,17.772,17.201
21-07-2016 06:00,18.105,17.772,17.201
21-07-2016 06:15,18.081,17.772,17.201
21-07-2016 06:30,18.057,17.748,17.201
21-07-2016 06:45,18.01,17.724,17.177
21-07-2016 07:00,17.986,17.724,17.177
21-07-2016 07:15,17.962,17.701,17.177
21-07-2016 07:30,17.938,17.677,17.177
21-07-2016 07:45,17.915,17.677,17.177
21-07-2016 08:00,17.891,17.653,17.153
21-07-2016 08:15,17.867,17.629,17.153
21-07-2016 08:30,17.843,17.605,17.153
21-07-2016 08:45,17.843,17.605,17.13
21-07-2016 09:00,17.843,17.582,17.13
21-07-2016 09:15,17.819,17.582,17.13
21-07-2016 09:30,17.819,17.558,17.13
21-07-2016 09:45,17.843,17.558,17.106
21-07-2016 10:00,17.843,17.534,17.106
21-07-2016 10:15,17.843,17.534,17.106
21-07-2016 10:30,17.843,17.51,17.106
21-07-2016 10:45,17.867,17.51,17.082
21-07-2016 11:00,17.867,17.51,17.082
21-07-2016 11:15,17.891,17.51,17.082
21-07-2016 11:30,17.915,17.51,17.082
21-07-2016 11:45,17.938,17.486,17.058
21-07-2016 12:00,17.962,17.486,17.058
21-07-2016 12:15,17.986,17.51,17.058
21-07-2016 12:30,17.986,17.51,17.058
21-07-2016 12:45,18.033,17.51,17.058
21-07-2016 13:00,18.057,17.51,17.034
21-07-2016 13:15,18.105,17.51,17.034
21-07-2016 13:30,18.152,17.534,17.034
21-07-2016 13:45,18.176,17.534,17.034
21-07-2016 14:00,18.224,17.558,17.034
21-07-2016 14:15,18.271,17.558,17.034
21-07-2016 14:30,18.319,17.582,17.034
21-07-2016 14:45,18.366,17.582,17.034
21-07-2016 15:00,18.414,17.605,17.034
21-07-2016 15:15,18.438,17.629,17.034
21-07-2016 15:30,18.485,17.653,17.034
21-07-2016 15:45,18.533,17.677,17.034
21-07-2016 16:00,18.58,17.677,17.058
21-07-2016 16:15,18.604,17.701,17.058
21-07-2016 16:30,18.652,17.724,17.058
21-07-2016 16:45,18.675,17.748,17.058
21-07-2016 17:00,18.723,17.772,17.058
21-07-2016 17:15,18.771,17.772,17.082
21-07-2016 17:30,18.794,17.796,17.082
21-07-2016 17:45,18.842,17.819,17.082
21-07-2016 18:00,18.889,17.843,17.106
21-07-2016 18:15,18.913,17.867,17.106
21-07-2016 18:30,18.937,17.891,17.106
21-07-2016 18:45,18.961,17.915,17.106
21-07-2016 19:00,18.961,17.938,17.13
21-07-2016 19:15,18.985,17.962,17.13
21-07-2016 19:30,18.985,17.962,17.153
21-07-2016 19:45,19.008,17.986,17.153
21-07-2016 20:00,19.008,18.01,17.153
21-07-2016 20:15,19.008,18.01,17.177
21-07-2016 20:30,19.008,18.033,17.177
21-07-2016 20:45,19.008,18.033,17.177
21-07-2016 21:00,19.008,18.057,17.201
21-07-2016 21:15,19.008,18.057,17.201
21-07-2016 21:30,18.985,18.057,17.201
21-07-2016 21:45,18.985,18.081,17.225
21-07-2016 22:00,18.961,18.081,17.225
21-07-2016 22:15,18.937,18.081,17.249
21-07-2016 22:30,18.937,18.081,17.249
21-07-2016 22:45,18.913,18.081,17.249
21-07-2016 23:00,18.889,18.105,17.249
21-07-2016 23:15,18.889,18.105,17.272
21-07-2016 23:30,18.842,18.105,17.272
21-07-2016 23:45,18.818,18.105,17.272
22-07-2016 00:00,18.794,18.081,17.272
22-07-2016 00:15,18.771,18.081,17.296
22-07-2016 00:30,18.747,18.081,17.296
22-07-2016 00:45,18.723,18.081,17.296
22-07-2016 01:00,18.699,18.057,17.296
22-07-2016 01:15,18.652,18.057,17.296
22-07-2016 01:30,18.628,18.057,17.296
22-07-2016 01:45,18.604,18.033,17.32
22-07-2016 02:00,18.557,18.033,17.32
22-07-2016 02:15,18.533,18.033,17.32
22-07-2016 02:30,18.509,18.01,17.32
22-07-2016 02:45,18.485,17.986,17.32
22-07-2016 03:00,18.438,17.986,17.32
22-07-2016 03:15,18.414,17.962,17.32
22-07-2016 03:30,18.39,17.962,17.296
22-07-2016 03:45,18.343,17.938,17.32
22-07-2016 04:00,18.319,17.938,17.32
22-07-2016 04:15,18.271,17.915,17.296
22-07-2016 04:30,18.247,17.915,17.296
22-07-2016 04:45,18.224,17.891,17.296
22-07-2016 05:00,18.176,17.867,17.296
22-07-2016 05:15,18.152,17.843,17.296
22-07-2016 05:30,18.105,17.843,17.296
22-07-2016 05:45,18.081,17.819,17.296
22-07-2016 06:00,18.033,17.796,17.272
22-07-2016 06:15,17.986,17.772,17.272
22-07-2016 06:30,17.962,17.748,17.272
22-07-2016 06:45,17.915,17.724,17.272
22-07-2016 07:00,17.891,17.724,17.272
22-07-2016 07:15,17.867,17.701,17.249
22-07-2016 07:30,17.819,17.677,17.249
22-07-2016 07:45,17.796,17.653,17.249
22-07-2016 08:00,17.772,17.629,17.225
22-07-2016 08:15,17.748,17.629,17.225
22-07-2016 08:30,17.724,17.605,17.225
22-07-2016 08:45,17.701,17.582,17.201
22-07-2016 09:00,17.701,17.558,17.201
22-07-2016 09:15,17.677,17.558,17.201
22-07-2016 09:30,17.677,17.534,17.177
22-07-2016 09:45,17.653,17.51,17.177
22-07-2016 10:00,17.653,17.486,17.177
22-07-2016 10:15,17.653,17.486,17.153
22-07-2016 10:30,17.653,17.463,17.153
22-07-2016 10:45,17.629,17.463,17.153
22-07-2016 11:00,17.629,17.439,17.13
22-07-2016 11:15,17.629,17.439,17.13
22-07-2016 11:30,17.629,17.439,17.106
22-07-2016 11:45,17.629,17.415,17.106
22-07-2016 12:00,17.629,17.415,17.106
22-07-2016 12:15,17.629,17.415,17.106
22-07-2016 12:30,17.653,17.391,17.082
22-07-2016 12:45,17.653,17.391,17.082
22-07-2016 13:00,17.677,17.391,17.082
22-07-2016 13:15,17.677,17.391,17.058
22-07-2016 13:30,17.701,17.391,17.058
22-07-2016 13:45,17.724,17.391,17.058
22-07-2016 14:00,17.748,17.391,17.058
22-07-2016 14:15,17.772,17.391,17.034
22-07-2016 14:30,17.796,17.391,17.034
22-07-2016 14:45,17.819,17.391,17.034
22-07-2016 15:00,17.843,17.391,17.034
22-07-2016 15:15,17.867,17.391,17.011
22-07-2016 15:30,17.891,17.415,17.011
22-07-2016 15:45,17.915,17.415,17.011
22-07-2016 16:00,17.938,17.415,17.011
22-07-2016 16:15,17.962,17.439,17.011
22-07-2016 16:30,17.986,17.439,17.011
22-07-2016 16:45,18.01,17.439,17.011
22-07-2016 17:00,18.01,17.463,17.011
22-07-2016 17:15,18.033,17.463,17.011
22-07-2016 17:30,18.057,17.463,17.011
22-07-2016 17:45,18.057,17.486,17.011
22-07-2016 18:00,18.081,17.486,17.011
22-07-2016 18:15,18.105,17.51,17.011
22-07-2016 18:30,18.105,17.51,17.011
22-07-2016 18:45,18.129,17.51,17.011
22-07-2016 19:00,18.129,17.534,17.011
22-07-2016 19:15,18.129,17.534,17.011
22-07-2016 19:30,18.129,17.534,17.011
22-07-2016 19:45,18.129,17.534,17.011
22-07-2016 20:00,18.129,17.558,17.011
22-07-2016 20:15,18.129,17.558,17.034
22-07-2016 20:30,18.129,17.558,17.034
22-07-2016 20:45,18.129,17.558,17.034
22-07-2016 21:00,18.105,17.558,17.034
22-07-2016 21:15,18.105,17.582,17.034
22-07-2016 21:30,18.105,17.582,17.034
22-07-2016 21:45,18.081,17.558,17.034
22-07-2016 22:00,18.057,17.558,17.034
22-07-2016 22:15,18.057,17.582,17.034
22-07-2016 22:30,18.033,17.558,17.034
22-07-2016 22:45,18.033,17.558,17.034
22-07-2016 23:00,18.01,17.558,17.034
22-07-2016 23:15,17.986,17.558,17.034
22-07-2016 23:30,17.962,17.558,17.058
22-07-2016 23:45,17.938,17.534,17.058
23-07-2016 00:00,17.938,17.534,17.058
23-07-2016 00:15,17.915,17.534,17.034
23-07-2016 00:30,17.891,17.51,17.058
23-07-2016 00:45,17.867,17.51,17.034
23-07-2016 01:00,17.867,17.51,17.058
23-07-2016 01:15,17.819,17.51,17.058
23-07-2016 01:30,17.819,17.486,17.034
23-07-2016 01:45,17.796,17.486,17.058
23-07-2016 02:00,17.772,17.486,17.034
23-07-2016 02:15,17.748,17.463,17.034
23-07-2016 02:30,17.748,17.463,17.034
23-07-2016 02:45,17.724,17.439,17.034
23-07-2016 03:00,17.701,17.439,17.034
23-07-2016 03:15,17.653,17.439,17.034
23-07-2016 03:30,17.653,17.415,17.034
23-07-2016 03:45,17.629,17.415,17.011
23-07-2016 04:00,17.605,17.391,17.011
23-07-2016 04:15,17.582,17.368,17.011
23-07-2016 04:30,17.534,17.368,17.011
23-07-2016 04:45,17.51,17.344,17.011
23-07-2016 05:00,17.486,17.344,16.987
23-07-2016 05:15,17.486,17.32,16.987
23-07-2016 05:30,17.463,17.32,16.987
23-07-2016 05:45,17.439,17.296,16.987
23-07-2016 06:00,17.415,17.272,16.963
23-07-2016 06:15,17.368,17.272,16.963
23-07-2016 06:30,17.368,17.249,16.963
23-07-2016 06:45,17.344,17.249,16.963
23-07-2016 07:00,17.32,17.225,16.963
23-07-2016 07:15,17.296,17.201,16.939
23-07-2016 07:30,17.272,17.201,16.939
23-07-2016 07:45,17.249,17.177,16.939
23-07-2016 08:00,17.249,17.177,16.939
23-07-2016 08:15,17.225,17.153,16.915
23-07-2016 08:30,17.201,17.13,16.915
23-07-2016 08:45,17.201,17.13,16.892
23-07-2016 09:00,17.177,17.13,16.892
23-07-2016 09:15,17.177,17.106,16.892
23-07-2016 09:30,17.153,17.082,16.892
23-07-2016 09:45,17.153,17.082,16.868
23-07-2016 10:00,17.13,17.058,16.868
23-07-2016 10:15,17.13,17.058,16.868
23-07-2016 10:30,17.13,17.058,16.868
23-07-2016 10:45,17.13,17.034,16.844
23-07-2016 11:00,17.13,17.034,16.844
23-07-2016 11:15,17.153,17.034,16.82
23-07-2016 11:30,17.153,17.011,16.82
23-07-2016 11:45,17.177,17.011,16.82
23-07-2016 12:00,17.201,17.011,16.82
23-07-2016 12:15,17.225,17.011,16.796
23-07-2016 12:30,17.272,17.011,16.796
23-07-2016 12:45,17.296,17.011,16.796
23-07-2016 13:00,17.32,17.011,16.796
23-07-2016 13:15,17.368,17.011,16.773
23-07-2016 13:30,17.391,17.011,16.773
23-07-2016 13:45,17.439,17.034,16.773
23-07-2016 14:00,17.463,17.034,16.773
23-07-2016 14:15,17.51,17.058,16.773
23-07-2016 14:30,17.558,17.058,16.749
23-07-2016 14:45,17.605,17.058,16.749
23-07-2016 15:00,17.653,17.082,16.773
23-07-2016 15:15,17.701,17.106,16.749
23-07-2016 15:30,17.748,17.13,16.749
23-07-2016 15:45,17.772,17.13,16.749
23-07-2016 16:00,17.819,17.153,16.773
23-07-2016 16:15,17.867,17.177,16.773
23-07-2016 16:30,17.915,17.201,16.773
23-07-2016 16:45,17.962,17.225,16.773
23-07-2016 17:00,18.01,17.225,16.773
23-07-2016 17:15,18.057,17.249,16.773
23-07-2016 17:30,18.105,17.272,16.773
23-07-2016 17:45,18.152,17.296,16.796
23-07-2016 18:00,18.2,17.32,16.796
23-07-2016 18:15,18.247,17.368,16.796
23-07-2016 18:30,18.295,17.391,16.82
23-07-2016 18:45,18.319,17.415,16.82
23-07-2016 19:00,18.366,17.439,16.82
23-07-2016 19:15,18.39,17.463,16.82
23-07-2016 19:30,18.414,17.486,16.844
23-07-2016 19:45,18.461,17.51,16.844
23-07-2016 20:00,18.485,17.534,16.868
23-07-2016 20:15,18.509,17.558,16.868
23-07-2016 20:30,18.533,17.582,16.892
23-07-2016 20:45,18.533,17.582,16.892
23-07-2016 21:00,18.533,17.605,16.892
23-07-2016 21:15,18.533,17.629,16.915
23-07-2016 21:30,18.533,17.653,16.915
23-07-2016 21:45,18.533,17.653,16.939
23-07-2016 22:00,18.533,17.677,16.939
23-07-2016 22:15,18.509,17.701,16.963
23-07-2016 22:30,18.509,17.701,16.963
23-07-2016 22:45,18.485,17.724,16.963
23-07-2016 23:00,18.485,17.724,16.987
23-07-2016 23:15,18.461,17.724,16.987
23-07-2016 23:30,18.438,17.724,17.011
23-07-2016 23:45,18.414,17.724,17.011
24-07-2016 00:00,18.39,17.724,17.011
24-07-2016 00:15,18.366,17.724,17.034
24-07-2016 00:30,18.343,17.724,17.034
24-07-2016 00:45,18.295,17.724,17.034
24-07-2016 01:00,18.271,17.724,17.034
24-07-2016 01:15,18.247,17.724,17.058
24-07-2016 01:30,18.2,17.701,17.058
24-07-2016 01:45,18.176,17.677,17.058
24-07-2016 02:00,18.152,17.677,17.058
24-07-2016 02:15,18.105,17.677,17.058
24-07-2016 02:30,18.081,17.653,17.058
24-07-2016 02:45,18.033,17.653,17.058
24-07-2016 03:00,18.01,17.629,17.082
24-07-2016 03:15,17.962,17.629,17.058
24-07-2016 03:30,17.938,17.605,17.082
24-07-2016 03:45,17.891,17.582,17.058
24-07-2016 04:00,17.867,17.582,17.058
24-07-2016 04:15,17.819,17.558,17.058
24-07-2016 04:30,17.796,17.534,17.058
24-07-2016 04:45,17.748,17.534,17.058
24-07-2016 05:00,17.701,17.51,17.058
24-07-2016 05:15,17.677,17.51,17.058
24-07-2016 05:30,17.629,17.486,17.058
24-07-2016 05:45,17.605,17.463,17.034
24-07-2016 06:00,17.558,17.439,17.034
24-07-2016 06:15,17.534,17.415,17.034
24-07-2016 06:30,17.486,17.391,17.034
24-07-2016 06:45,17.439,17.391,17.034
24-07-2016 07:00,17.415,17.368,17.011
24-07-2016 07:15,17.368,17.344,17.011
24-07-2016 07:30,17.344,17.32,17.011
24-07-2016 07:45,17.32,17.296,17.011
24-07-2016 08:00,17.272,17.272,16.987
24-07-2016 08:15,17.249,17.249,16.987
24-07-2016 08:30,17.225,17.225,16.963
24-07-2016 08:45,17.225,17.201,16.963
24-07-2016 09:00,17.201,17.201,16.963
24-07-2016 09:15,17.201,17.177,16.963
24-07-2016 09:30,17.201,17.153,16.939
24-07-2016 09:45,17.201,17.153,16.939
24-07-2016 10:00,17.225,17.13,16.915
24-07-2016 10:15,17.225,17.13,16.915
24-07-2016 10:30,17.249,17.106,16.915
24-07-2016 10:45,17.249,17.106,16.892
24-07-2016 11:00,17.272,17.106,16.892
24-07-2016 11:15,17.296,17.082,16.892
24-07-2016 11:30,17.296,17.082,16.868
24-07-2016 11:45,17.32,17.082,16.868
24-07-2016 12:00,17.344,17.082,16.868
24-07-2016 12:15,17.368,17.082,16.844
24-07-2016 12:30,17.391,17.082,16.844
24-07-2016 12:45,17.439,17.082,16.844
24-07-2016 13:00,17.463,17.106,16.844
24-07-2016 13:15,17.486,17.106,16.82
24-07-2016 13:30,17.51,17.106,16.82
24-07-2016 13:45,17.558,17.106,16.82
24-07-2016 14:00,17.582,17.13,16.82
24-07-2016 14:15,17.629,17.13,16.82
24-07-2016 14:30,17.653,17.153,16.82
24-07-2016 14:45,17.701,17.153,16.82
24-07-2016 15:00,17.724,17.177,16.82
24-07-2016 15:15,17.772,17.177,16.82
24-07-2016 15:30,17.819,17.201,16.82
24-07-2016 15:45,17.867,17.201,16.82
24-07-2016 16:00,17.915,17.225,16.82
24-07-2016 16:15,17.962,17.249,16.82
24-07-2016 16:30,18.01,17.272,16.82
24-07-2016 16:45,18.057,17.296,16.82
24-07-2016 17:00,18.105,17.32,16.82
24-07-2016 17:15,18.152,17.344,16.844
24-07-2016 17:30,18.224,17.368,16.844
24-07-2016 17:45,18.271,17.391,16.844
24-07-2016 18:00,18.319,17.415,16.844
24-07-2016 18:15,18.366,17.439,16.868
24-07-2016 18:30,18.414,17.463,16.868
24-07-2016 18:45,18.461,17.486,16.868
24-07-2016 19:00,18.485,17.51,16.868
24-07-2016 19:15,18.533,17.558,16.892
24-07-2016 19:30,18.557,17.582,16.892
24-07-2016 19:45,18.604,17.605,16.915
24-07-2016 20:00,18.604,17.629,16.915
24-07-2016 20:15,18.652,17.653,16.939
24-07-2016 20:30,18.675,17.677,16.939
24-07-2016 20:45,18.675,17.701,16.963
24-07-2016 21:00,18.699,17.724,16.963
24-07-2016 21:15,18.699,17.724,16.963
24-07-2016 21:30,18.699,17.748,16.987
24-07-2016 21:45,18.675,17.772,16.987
24-07-2016 22:00,18.675,17.772,17.011
24-07-2016 22:15,18.675,17.796,17.011
24-07-2016 22:30,18.652,17.796,17.034
24-07-2016 22:45,18.652,17.819,17.034
24-07-2016 23:00,18.628,17.819,17.058
24-07-2016 23:15,18.604,17.819,17.058
24-07-2016 23:30,18.58,17.843,17.058
24-07-2016 23:45,18.58,17.843,17.082
25-07-2016 00:00,18.533,17.843,17.082
25-07-2016 00:15,18.509,17.843,17.082
25-07-2016 00:30,18.509,17.843,17.106
25-07-2016 00:45,18.485,17.819,17.106
25-07-2016 01:00,18.438,17.819,17.106
25-07-2016 01:15,18.414,17.819,17.13
25-07-2016 01:30,18.39,17.819,17.13
25-07-2016 01:45,18.366,17.819,17.13
25-07-2016 02:00,18.343,17.796,17.13
25-07-2016 02:15,18.295,17.796,17.13
25-07-2016 02:30,18.271,17.772,17.153
25-07-2016 02:45,18.247,17.772,17.153
25-07-2016 03:00,18.224,17.772,17.153
25-07-2016 03:15,18.2,17.748,17.153
25-07-2016 03:30,18.176,17.748,17.153
25-07-2016 03:45,18.152,17.748,17.153
25-07-2016 04:00,18.105,17.724,17.153
25-07-2016 04:15,18.105,17.724,17.153
25-07-2016 04:30,18.057,17.701,17.153
25-07-2016 04:45,18.057,17.701,17.153
25-07-2016 05:00,18.01,17.677,17.153
25-07-2016 05:15,17.986,17.677,17.153
25-07-2016 05:30,17.962,17.653,17.153
25-07-2016 05:45,17.938,17.629,17.153
25-07-2016 06:00,17.915,17.629,17.13
25-07-2016 06:15,17.891,17.605,17.13
25-07-2016 06:30,17.867,17.605,17.13
25-07-2016 06:45,17.843,17.582,17.13
25-07-2016 07:00,17.819,17.582,17.13
25-07-2016 07:15,17.796,17.558,17.13
25-07-2016 07:30,17.796,17.558,17.13
25-07-2016 07:45,17.772,17.534,17.106
25-07-2016 08:00,17.748,17.534,17.106
25-07-2016 08:15,17.724,17.51,17.106
25-07-2016 08:30,17.701,17.486,17.106
25-07-2016 08:45,17.701,17.486,17.106
25-07-2016 09:00,17.677,17.463,17.082
25-07-2016 09:15,17.677,17.463,17.082
25-07-2016 09:30,17.653,17.439,17.082
25-07-2016 09:45,17.653,17.439,17.082
25-07-2016 10:00,17.629,17.415,17.082
25-07-2016 10:15,17.629,17.415,17.058
25-07-2016 10:30,17.629,17.391,17.058
25-07-2016 10:45,17.605,17.391,17.058
25-07-2016 11:00,17.605,17.391,17.058
25-07-2016 11:15,17.605,17.368,17.034
25-07-2016 11:30,17.605,17.368,17.034
25-07-2016 11:45,17.629,17.368,17.034
25-07-2016 12:00,17.629,17.344,17.034
25-07-2016 12:15,17.653,17.344,17.034
25-07-2016 12:30,17.677,17.344,17.011
25-07-2016 12:45,17.701,17.344,17.011
25-07-2016 13:00,17.724,17.344,17.011
25-07-2016 13:15,17.748,17.344,16.987
25-07-2016 13:30,17.772,17.344,16.987
25-07-2016 13:45,17.819,17.344,16.987
25-07-2016 14:00,17.843,17.344,16.987
25-07-2016 14:15,17.867,17.368,16.987
25-07-2016 14:30,17.915,17.368,16.987
25-07-2016 14:45,17.938,17.391,16.987
25-07-2016 15:00,17.986,17.391,16.987
25-07-2016 15:15,18.01,17.391,16.987
25-07-2016 15:30,18.033,17.415,16.987
25-07-2016 15:45,18.081,17.439,16.987
25-07-2016 16:00,18.105,17.439,16.987
25-07-2016 16:15,18.152,17.439,16.987
25-07-2016 16:30,18.176,17.463,16.987
25-07-2016 16:45,18.224,17.486,16.987
25-07-2016 17:00,18.271,17.486,16.987
25-07-2016 17:15,18.295,17.51,16.987
25-07-2016 17:30,18.319,17.534,16.987
25-07-2016 17:45,18.366,17.558,17.011
25-07-2016 18:00,18.39,17.582,17.011
25-07-2016 18:15,18.438,17.582,17.011
25-07-2016 18:30,18.461,17.605,17.011
25-07-2016 18:45,18.485,17.629,17.011
25-07-2016 19:00,18.509,17.653,17.034
25-07-2016 19:15,18.533,17.653,17.034
25-07-2016 19:30,18.533,17.677,17.034
25-07-2016 19:45,18.557,17.701,17.034
25-07-2016 20:00,18.557,17.724,17.058
25-07-2016 20:15,18.58,17.724,17.058
25-07-2016 20:30,18.58,17.748,17.058
25-07-2016 20:45,18.604,17.748,17.082
25-07-2016 21:00,18.604,17.772,17.082
25-07-2016 21:15,18.604,17.772,17.106
25-07-2016 21:30,18.604,17.796,17.106
25-07-2016 21:45,18.604,17.796,17.106
25-07-2016 22:00,18.58,17.819,17.106
25-07-2016 22:15,18.58,17.819,17.13
25-07-2016 22:30,18.58,17.819,17.13
25-07-2016 22:45,18.58,17.819,17.13
25-07-2016 23:00,18.557,17.843,17.13
25-07-2016 23:15,18.533,17.843,17.153
25-07-2016 23:30,18.533,17.843,17.153
25-07-2016 23:45,18.509,17.843,17.153
26-07-2016 00:00,18.509,17.843,17.153
26-07-2016 00:15,18.485,17.843,17.177
26-07-2016 00:30,18.485,17.843,17.177
26-07-2016 00:45,18.461,17.843,17.177
26-07-2016 01:00,18.438,17.843,17.177
26-07-2016 01:15,18.414,17.843,17.177
26-07-2016 01:30,18.39,17.843,17.201
26-07-2016 01:45,18.366,17.843,17.201
26-07-2016 02:00,18.343,17.819,17.201
26-07-2016 02:15,18.319,17.819,17.201
26-07-2016 02:30,18.295,17.819,17.201
26-07-2016 02:45,18.271,17.796,17.201
26-07-2016 03:00,18.224,17.796,17.201
26-07-2016 03:15,18.2,17.772,17.201
26-07-2016 03:30,18.176,17.772,17.201
26-07-2016 03:45,18.152,17.772,17.201
26-07-2016 04:00,18.105,17.748,17.201
26-07-2016 04:15,18.081,17.724,17.201
26-07-2016 04:30,18.033,17.724,17.201
26-07-2016 04:45,18.01,17.724,17.201
26-07-2016 05:00,17.962,17.701,17.201
26-07-2016 05:15,17.938,17.677,17.201
26-07-2016 05:30,17.891,17.677,17.201
26-07-2016 05:45,17.867,17.653,17.201
26-07-2016 06:00,17.819,17.629,17.177
26-07-2016 06:15,17.796,17.629,17.177
26-07-2016 06:30,17.772,17.605,17.177
26-07-2016 06:45,17.724,17.582,17.177
26-07-2016 07:00,17.701,17.582,17.177
26-07-2016 07:15,17.677,17.558,17.177
26-07-2016 07:30,17.653,17.534,17.153
26-07-2016 07:45,17.605,17.51,17.153
26-07-2016 08:00,17.582,17.486,17.153
26-07-2016 08:15,17.558,17.486,17.153
26-07-2016 08:30,17.534,17.463,17.13
26-07-2016 08:45,17.534,17.439,17.13
26-07-2016 09:00,17.534,17.415,17.13
26-07-2016 09:15,17.51,17.415,17.13
26-07-2016 09:30,17.51,17.391,17.106
26-07-2016 09:45,17.51,17.368,17.106
26-07-2016 10:00,17.51,17.368,17.106
26-07-2016 10:15,17.534,17.344,17.082
26-07-2016 10:30,17.534,17.344,17.082
26-07-2016 10:45,17.558,17.344,17.082
26-07-2016 11:00,17.558,17.32,17.058
26-07-2016 11:15,17.558,17.32,17.058
26-07-2016 11:30,17.558,17.32,17.058
26-07-2016 11:45,17.558,17.32,17.034
26-07-2016 12:00,17.582,17.32,17.034
26-07-2016 12:15,17.582,17.32,17.034
26-07-2016 12:30,17.605,17.296,17.034
26-07-2016 12:45,17.629,17.296,17.011
26-07-2016 13:00,17.629,17.296,17.011
26-07-2016 13:15,17.653,17.296,17.011
26-07-2016 13:30,17.653,17.296,17.011
26-07-2016 13:45,17.677,17.296,17.011
26-07-2016 14:00,17.701,17.296,16.987
26-07-2016 14:15,17.724,17.32,16.987
26-07-2016 14:30,17.724,17.32,16.987
26-07-2016 14:45,17.748,17.32,16.987
26-07-2016 15:00,17.772,17.32,16.987
26-07-2016 15:15,17.772,17.344,16.987
26-07-2016 15:30,17.819,17.344,16.987
26-07-2016 15:45,17.819,17.344,16.987
26-07-2016 16:00,17.843,17.344,16.987
26-07-2016 16:15,17.867,17.368,16.987
26-07-2016 16:30,17.891,17.368,16.987
26-07-2016 16:45,17.915,17.368,16.987
26-07-2016 17:00,17.938,17.391,16.987
26-07-2016 17:15,17.962,17.391,16.987
26-07-2016 17:30,17.986,17.415,16.987
26-07-2016 17:45,18.01,17.415,16.987
26-07-2016 18:00,18.01,17.415,16.987
26-07-2016 18:15,18.057,17.439,16.987
26-07-2016 18:30,18.057,17.439,16.987
26-07-2016 18:45,18.081,17.463,16.987
26-07-2016 19:00,18.105,17.463,16.987
26-07-2016 19:15,18.129,17.463,16.987
26-07-2016 19:30,18.129,17.486,16.987
26-07-2016 19:45,18.152,17.51,16.987
26-07-2016 20:00,18.152,17.51,17.011
26-07-2016 20:15,18.176,17.51,17.011
26-07-2016 20:30,18.176,17.534,17.011
26-07-2016 20:45,18.176,17.534,17.011
26-07-2016 21:00,18.176,17.534,17.011
26-07-2016 21:15,18.176,17.558,17.034
26-07-2016 21:30,18.152,17.558,17.034
26-07-2016 21:45,18.152,17.558,17.034
26-07-2016 22:00,18.129,17.558,17.034
26-07-2016 22:15,18.129,17.582,17.034
26-07-2016 22:30,18.105,17.582,17.034
26-07-2016 22:45,18.081,17.582,17.034
26-07-2016 23:00,18.057,17.582,17.058
26-07-2016 23:15,18.033,17.582,17.058
26-07-2016 23:30,18.01,17.582,17.058
26-07-2016 23:45,17.962,17.558,17.058
27-07-2016 00:00,17.938,17.558,17.058
27-07-2016 00:15,17.915,17.558,17.058
27-07-2016 00:30,17.891,17.558,17.058
27-07-2016 00:45,17.843,17.534,17.058
27-07-2016 01:00,17.819,17.534,17.058
27-07-2016 01:15,17.796,17.51,17.058
27-07-2016 01:30,17.772,17.51,17.058
27-07-2016 01:45,17.724,17.486,17.058
27-07-2016 02:00,17.701,17.486,17.058
27-07-2016 02:15,17.677,17.463,17.058
27-07-2016 02:30,17.629,17.463,17.058
27-07-2016 02:45,17.582,17.439,17.058
27-07-2016 03:00,17.558,17.415,17.058
27-07-2016 03:15,17.534,17.415,17.058
27-07-2016 03:30,17.486,17.391,17.034
27-07-2016 03:45,17.463,17.368,17.034
27-07-2016 04:00,17.415,17.368,17.034
27-07-2016 04:15,17.391,17.32,17.034
27-07-2016 04:30,17.344,17.32,17.034
27-07-2016 04:45,17.296,17.296,17.034
27-07-2016 05:00,17.272,17.272,17.011
27-07-2016 05:15,17.225,17.249,17.011
27-07-2016 05:30,17.201,17.225,17.011
27-07-2016 05:45,17.153,17.225,16.987
27-07-2016 06:00,17.13,17.201,16.987
27-07-2016 06:15,17.082,17.177,16.987
27-07-2016 06:30,17.058,17.153,16.963
27-07-2016 06:45,17.011,17.13,16.963
27-07-2016 07:00,16.987,17.106,16.963
27-07-2016 07:15,16.963,17.082,16.939
27-07-2016 07:30,16.915,17.058,16.939
27-07-2016 07:45,16.892,17.058,16.939
27-07-2016 08:00,16.868,17.034,16.915
27-07-2016 08:15,16.844,17.011,16.915
27-07-2016 08:30,16.82,16.987,16.892
27-07-2016 08:45,16.82,16.963,16.892
27-07-2016 09:00,16.796,16.963,16.868
27-07-2016 09:15,16.773,16.939,16.868
27-07-2016 09:30,16.773,16.915,16.868
27-07-2016 09:45,16.773,16.892,16.844
27-07-2016 10:00,16.773,16.892,16.844
27-07-2016 10:15,16.773,16.868,16.82
27-07-2016 10:30,16.773,16.844,16.82
27-07-2016 10:45,16.773,16.844,16.796
27-07-2016 11:00,16.796,16.82,16.796
27-07-2016 11:15,16.796,16.82,16.773
27-07-2016 11:30,16.82,16.82,16.773
27-07-2016 11:45,16.82,16.796,16.773
27-07-2016 12:00,16.844,16.796,16.749
27-07-2016 12:15,16.868,16.796,16.749
27-07-2016 12:30,16.868,16.796,16.749
27-07-2016 12:45,16.892,16.796,16.725
27-07-2016 13:00,16.892,16.796,16.725
27-07-2016 13:15,16.915,16.796,16.701
27-07-2016 13:30,16.939,16.796,16.701
27-07-2016 13:45,16.939,16.796,16.701
27-07-2016 14:00,16.963,16.796,16.677
27-07-2016 14:15,16.987,16.773,16.677
27-07-2016 14:30,17.011,16.796,16.677
27-07-2016 14:45,17.034,16.796,16.677
27-07-2016 15:00,17.058,16.796,16.677
27-07-2016 15:15,17.082,16.796,16.677
27-07-2016 15:30,17.106,16.796,16.654
27-07-2016 15:45,17.153,16.82,16.677
27-07-2016 16:00,17.177,16.844,16.654
27-07-2016 16:15,17.225,16.844,16.654
27-07-2016 16:30,17.249,16.844,16.654
27-07-2016 16:45,17.296,16.868,16.654
27-07-2016 17:00,17.32,16.868,16.654
27-07-2016 17:15,17.344,16.892,16.654
27-07-2016 17:30,17.391,16.892,16.654
27-07-2016 17:45,17.415,16.915,16.654
27-07-2016 18:00,17.439,16.915,16.654
27-07-2016 18:15,17.486,16.939,16.654
27-07-2016 18:30,17.51,16.963,16.654
27-07-2016 18:45,17.534,16.963,16.654
27-07-2016 19:00,17.558,16.987,16.654
27-07-2016 19:15,17.582,17.011,16.654
27-07-2016 19:30,17.582,17.011,16.654
27-07-2016 19:45,17.605,17.034,16.654
27-07-2016 20:00,17.629,17.034,16.677
27-07-2016 20:15,17.629,17.058,16.677
27-07-2016 20:30,17.653,17.058,16.677
27-07-2016 20:45,17.653,17.082,16.677
27-07-2016 21:00,17.653,17.082,16.677
27-07-2016 21:15,17.677,17.106,16.701
27-07-2016 21:30,17.677,17.106,16.701
27-07-2016 21:45,17.677,17.13,16.701
27-07-2016 22:00,17.653,17.13,16.701
27-07-2016 22:15,17.653,17.13,16.725
27-07-2016 22:30,17.653,17.13,16.725
27-07-2016 22:45,17.653,17.153,16.725
27-07-2016 23:00,17.629,17.153,16.725
27-07-2016 23:15,17.629,17.153,16.725
27-07-2016 23:30,17.605,17.153,16.725
27-07-2016 23:45,17.605,17.153,16.749
28-07-2016 00:00,17.582,17.153,16.749
28-07-2016 00:15,17.558,17.153,16.749
28-07-2016 00:30,17.534,17.153,16.749
28-07-2016 00:45,17.534,17.153,16.749
28-07-2016 01:00,17.51,17.153,16.773
28-07-2016 01:15,17.486,17.153,16.749
28-07-2016 01:30,17.463,17.153,16.749
28-07-2016 01:45,17.439,17.13,16.749
28-07-2016 02:00,17.415,17.13,16.773
28-07-2016 02:15,17.391,17.13,16.773
28-07-2016 02:30,17.368,17.13,16.749
28-07-2016 02:45,17.344,17.106,16.749
28-07-2016 03:00,17.32,17.106,16.773
28-07-2016 03:15,17.296,17.082,16.773
28-07-2016 03:30,17.272,17.082,16.749
28-07-2016 03:45,17.249,17.082,16.749
28-07-2016 04:00,17.225,17.058,16.773
28-07-2016 04:15,17.201,17.058,16.749
28-07-2016 04:30,17.177,17.034,16.749
28-07-2016 04:45,17.153,17.034,16.749
28-07-2016 05:00,17.13,17.011,16.749
28-07-2016 05:15,17.106,17.011,16.749
28-07-2016 05:30,17.106,16.987,16.749
28-07-2016 05:45,17.082,16.987,16.725
28-07-2016 06:00,17.058,16.963,16.725
28-07-2016 06:15,17.034,16.963,16.725
28-07-2016 06:30,17.011,16.939,16.725
28-07-2016 06:45,16.987,16.939,16.725
28-07-2016 07:00,16.987,16.915,16.725
28-07-2016 07:15,16.963,16.915,16.701
28-07-2016 07:30,16.939,16.892,16.701
28-07-2016 07:45,16.939,16.892,16.701
28-07-2016 08:00,16.915,16.868,16.701
28-07-2016 08:15,16.892,16.868,16.701
28-07-2016 08:30,16.892,16.844,16.677
28-07-2016 08:45,16.892,16.844,16.677
28-07-2016 09:00,16.868,16.82,16.677
28-07-2016 09:15,16.868,16.82,16.677
28-07-2016 09:30,16.844,16.796,16.654
28-07-2016 09:45,16.844,16.796,16.654
28-07-2016 10:00,16.844,16.796,16.654
28-07-2016 10:15,16.844,16.773,16.654
28-07-2016 10:30,16.844,16.773,16.63
28-07-2016 10:45,16.844,16.773,16.63
28-07-2016 11:00,16.844,16.773,16.63
28-07-2016 11:15,16.844,16.749,16.606
28-07-2016 11:30,16.844,16.749,16.606
28-07-2016 11:45,16.868,16.749,16.606
28-07-2016 12:00,16.868,16.749,16.606
28-07-2016 12:15,16.892,16.749,16.606
28-07-2016 12:30,16.892,16.725,16.582
28-07-2016 12:45,16.915,16.725,16.582
28-07-2016 13:00,16.915,16.725,16.582
28-07-2016 13:15,16.939,16.725,16.582
28-07-2016 13:30,16.963,16.749,16.582
28-07-2016 13:45,16.987,16.749,16.558
28-07-2016 14:00,17.011,16.725,16.558
28-07-2016 14:15,17.034,16.749,16.558
28-07-2016 14:30,17.058,16.749,16.558
28-07-2016 14:45,17.082,16.749,16.558
28-07-2016 15:00,17.13,16.749,16.558
28-07-2016 15:15,17.153,16.773,16.558
28-07-2016 15:30,17.201,16.773,16.558
28-07-2016 15:45,17.225,16.773,16.558
28-07-2016 16:00,17.249,16.796,16.558
28-07-2016 16:15,17.296,16.796,16.558
28-07-2016 16:30,17.344,16.82,16.534
28-07-2016 16:45,17.368,16.844,16.558
28-07-2016 17:00,17.415,16.844,16.558
28-07-2016 17:15,17.439,16.868,16.558
28-07-2016 17:30,17.463,16.892,16.558
28-07-2016 17:45,17.486,16.892,16.558
28-07-2016 18:00,17.51,16.915,16.558
28-07-2016 18:15,17.558,16.939,16.582
28-07-2016 18:30,17.582,16.939,16.582
28-07-2016 18:45,17.605,16.963,16.582
28-07-2016 19:00,17.629,16.987,16.582
28-07-2016 19:15,17.629,16.987,16.582
28-07-2016 19:30,17.677,17.011,16.582
28-07-2016 19:45,17.677,17.034,16.582
28-07-2016 20:00,17.701,17.034,16.606
28-07-2016 20:15,17.701,17.058,16.606
28-07-2016 20:30,17.724,17.058,16.63
28-07-2016 20:45,17.724,17.082,16.606
28-07-2016 21:00,17.724,17.082,16.63
28-07-2016 21:15,17.724,17.106,16.63
28-07-2016 21:30,17.724,17.13,16.63
28-07-2016 21:45,17.724,17.13,16.654
28-07-2016 22:00,17.724,17.13,16.654
28-07-2016 22:15,17.724,17.153,16.654
28-07-2016 22:30,17.724,17.153,16.654
28-07-2016 22:45,17.701,17.153,16.677
28-07-2016 23:00,17.677,17.153,16.677
28-07-2016 23:15,17.677,17.153,16.677
28-07-2016 23:30,17.653,17.177,16.677
28-07-2016 23:45,17.653,17.153,16.677
29-07-2016 00:00,17.629,17.153,16.701
29-07-2016 00:15,17.605,17.153,16.701
29-07-2016 00:30,17.605,17.153,16.701
29-07-2016 00:45,17.582,17.153,16.701
29-07-2016 01:00,17.558,17.153,16.701
29-07-2016 01:15,17.558,17.153,16.725
29-07-2016 01:30,17.534,17.153,16.725
29-07-2016 01:45,17.51,17.153,16.725
29-07-2016 02:00,17.486,17.153,16.725
29-07-2016 02:15,17.463,17.13,16.725
29-07-2016 02:30,17.463,17.13,16.725
29-07-2016 02:45,17.439,17.13,16.725
29-07-2016 03:00,17.415,17.106,16.725
29-07-2016 03:15,17.415,17.106,16.725
29-07-2016 03:30,17.391,17.106,16.725
29-07-2016 03:45,17.368,17.106,16.725
29-07-2016 04:00,17.344,17.082,16.725
29-07-2016 04:15,17.32,17.082,16.725
29-07-2016 04:30,17.296,17.058,16.725
29-07-2016 04:45,17.296,17.058,16.725
29-07-2016 05:00,17.272,17.058,16.725
29-07-2016 05:15,17.272,17.034,16.725
29-07-2016 05:30,17.249,17.034,16.725
29-07-2016 05:45,17.225,17.034,16.725
29-07-2016 06:00,17.201,17.011,16.701
29-07-2016 06:15,17.177,17.011,16.701
29-07-2016 06:30,17.177,17.011,16.701
29-07-2016 06:45,17.153,16.987,16.701
29-07-2016 07:00,17.153,16.987,16.701
29-07-2016 07:15,17.13,16.963,16.701
29-07-2016 07:30,17.106,16.963,16.701
29-07-2016 07:45,17.106,16.963,16.701
29-07-2016 08:00,17.082,16.939,16.701
29-07-2016 08:15,17.082,16.939,16.677
29-07-2016 08:30,17.058,16.939,16.677
29-07-2016 08:45,17.058,16.915,16.677
29-07-2016 09:00,17.058,16.915,16.677
29-07-2016 09:15,17.058,16.892,16.677
29-07-2016 09:30,17.058,16.892,16.677
29-07-2016 09:45,17.058,16.892,16.654
29-07-2016 10:00,17.058,16.892,16.654
29-07-2016 10:15,17.058,16.868,16.654
29-07-2016 10:30,17.082,16.868,16.654
29-07-2016 10:45,17.082,16.868,16.654
29-07-2016 11:00,17.106,16.868,16.654
29-07-2016 11:15,17.106,16.868,16.63
29-07-2016 11:30,17.13,16.868,16.63
29-07-2016 11:45,17.153,16.868,16.63
29-07-2016 12:00,17.153,16.868,16.63
29-07-2016 12:15,17.177,16.868,16.63
29-07-2016 12:30,17.201,16.868,16.63
29-07-2016 12:45,17.225,16.868,16.63
29-07-2016 13:00,17.225,16.868,16.63
29-07-2016 13:15,17.249,16.892,16.606
29-07-2016 13:30,17.272,16.892,16.606
29-07-2016 13:45,17.296,16.892,16.606
29-07-2016 14:00,17.32,16.892,16.606
29-07-2016 14:15,17.368,16.915,16.606
29-07-2016 14:30,17.391,16.915,16.606
29-07-2016 14:45,17.415,16.939,16.606
29-07-2016 15:00,17.439,16.939,16.606
29-07-2016 15:15,17.486,16.939,16.606
29-07-2016 15:30,17.51,16.963,16.606
29-07-2016 15:45,17.558,16.963,16.63
29-07-2016 16:00,17.582,16.987,16.606
29-07-2016 16:15,17.629,16.987,16.63
29-07-2016 16:30,17.677,17.011,16.63
29-07-2016 16:45,17.653,17.034,16.63
29-07-2016 17:00,17.629,17.034,16.63
29-07-2016 17:30,17.938,17.082,16.63
29-07-2016 17:45,17.986,17.106,16.63
29-07-2016 18:00,17.986,17.13,16.654
29-07-2016 18:15,18.033,17.13,16.654
29-07-2016 18:30,18.057,17.153,16.654
29-07-2016 18:45,18.081,17.177,16.654
29-07-2016 19:00,18.081,17.177,16.677
29-07-2016 19:15,18.105,17.201,16.677
29-07-2016 19:30,18.129,17.225,16.677
29-07-2016 19:45,18.057,17.249,16.701
29-07-2016 20:00,18.057,17.249,16.701
29-07-2016 20:15,18.081,17.272,16.701
29-07-2016 20:30,18.105,17.296,16.725
29-07-2016 20:45,18.105,17.32,16.725
29-07-2016 21:00,18.105,17.32,16.725
29-07-2016 21:15,18.057,17.344,16.749
29-07-2016 21:30,18.033,17.368,16.749
29-07-2016 21:45,18.01,17.368,16.749
29-07-2016 22:00,18.01,17.368,16.773
29-07-2016 22:15,17.986,17.391,16.773
29-07-2016 22:30,17.962,17.391,16.773
29-07-2016 22:45,17.962,17.391,16.796
29-07-2016 23:00,17.938,17.415,16.796
29-07-2016 23:15,17.938,17.415,16.796
29-07-2016 23:30,17.915,17.415,16.82
29-07-2016 23:45,17.891,17.415,16.82
30-07-2016 00:00,17.867,17.415,16.82
30-07-2016 00:15,17.843,17.415,16.82
30-07-2016 00:30,17.819,17.415,16.844
30-07-2016 00:45,17.796,17.415,16.844
30-07-2016 01:00,17.772,17.415,16.844
30-07-2016 01:15,17.748,17.415,16.844
30-07-2016 01:30,17.724,17.391,16.844
30-07-2016 01:45,17.701,17.391,16.868
30-07-2016 02:00,17.677,17.391,16.868
30-07-2016 02:15,17.653,17.391,16.868
30-07-2016 02:30,17.629,17.368,16.868
30-07-2016 02:45,17.605,17.368,16.868
30-07-2016 03:00,17.582,17.368,16.868
30-07-2016 03:15,17.534,17.344,16.868
30-07-2016 03:30,17.51,17.344,16.868
30-07-2016 03:45,17.486,17.344,16.868
30-07-2016 04:15,17.558,17.32,16.868
30-07-2016 04:30,17.558,17.296,16.868
30-07-2016 04:45,17.51,17.296,16.868
30-07-2016 05:00,17.486,17.272,16.868
30-07-2016 05:15,17.463,17.272,16.868
30-07-2016 05:30,17.439,17.249,16.868
30-07-2016 05:45,17.391,17.249,16.868
30-07-2016 06:00,17.32,17.225,16.868
30-07-2016 06:15,17.272,17.225,16.868
30-07-2016 06:30,17.13,17.201,16.868
30-07-2016 06:45,17.106,17.177,16.844
30-07-2016 07:00,17.106,17.177,16.844
30-07-2016 07:15,17.082,17.153,16.844
30-07-2016 07:30,17.058,17.153,16.844
30-07-2016 07:45,17.034,17.13,16.844
30-07-2016 08:00,17.011,17.106,16.82
30-07-2016 08:15,16.987,17.106,16.82
30-07-2016 08:30,16.963,17.082,16.82
30-07-2016 08:45,16.963,17.082,16.82
30-07-2016 09:00,16.939,17.058,16.82
30-07-2016 09:15,16.915,17.034,16.796
30-07-2016 09:30,16.915,17.034,16.796
30-07-2016 09:45,16.939,17.011,16.796
30-07-2016 10:00,16.939,17.011,16.796
30-07-2016 10:15,16.939,16.987,16.773
30-07-2016 10:30,16.939,16.987,16.773
30-07-2016 10:45,16.939,16.987,16.773
30-07-2016 11:00,16.963,16.963,16.749
30-07-2016 11:15,16.987,16.963,16.749
30-07-2016 11:30,16.987,16.963,16.749
30-07-2016 11:45,16.987,16.963,16.749
30-07-2016 12:00,17.011,16.963,16.749
30-07-2016 12:15,17.011,16.963,16.725
30-07-2016 12:30,17.011,16.963,16.725
30-07-2016 12:45,17.082,16.963,16.725
30-07-2016 13:00,17.058,16.963,16.725
30-07-2016 13:15,17.082,16.963,16.725
30-07-2016 13:30,17.082,16.963,16.725
30-07-2016 13:45,17.106,16.963,16.701
30-07-2016 14:00,17.13,16.963,16.701
30-07-2016 14:15,17.13,16.987,16.701
30-07-2016 14:30,17.177,16.987,16.701
30-07-2016 14:45,17.201,16.987,16.701
30-07-2016 15:00,17.225,17.011,16.701
30-07-2016 15:15,17.272,17.011,16.701
30-07-2016 15:30,17.296,17.034,16.701
30-07-2016 15:45,17.32,17.058,16.701
30-07-2016 16:00,17.368,17.058,16.701
30-07-2016 16:15,17.391,17.058,16.701
30-07-2016 16:30,17.415,17.082,16.701
30-07-2016 16:45,17.439,17.082,16.701
30-07-2016 17:00,17.463,17.106,16.701
30-07-2016 17:15,17.486,17.13,16.701
30-07-2016 17:30,17.51,17.13,16.725
30-07-2016 17:45,17.534,17.153,16.725
30-07-2016 18:00,17.558,17.153,16.725
30-07-2016 18:15,17.582,17.177,16.725
30-07-2016 18:30,17.605,17.201,16.725
30-07-2016 18:45,17.629,17.201,16.725
30-07-2016 19:00,17.629,17.225,16.749
30-07-2016 19:15,17.653,17.225,16.749
30-07-2016 19:30,17.653,17.249,16.749
30-07-2016 19:45,17.677,17.249,16.749
30-07-2016 20:00,17.677,17.272,16.773
30-07-2016 20:15,17.701,17.272,16.773
30-07-2016 20:30,17.701,17.296,16.773
30-07-2016 20:45,17.701,17.296,16.773
30-07-2016 21:00,17.701,17.296,16.773
30-07-2016 21:15,17.701,17.32,16.796
30-07-2016 21:30,17.701,17.32,16.796
30-07-2016 21:45,17.677,17.32,16.796
30-07-2016 22:00,17.677,17.344,16.82
30-07-2016 22:15,17.653,17.344,16.82
30-07-2016 22:30,17.653,17.344,16.82
30-07-2016 22:45,17.629,17.344,16.82
30-07-2016 23:00,17.629,17.344,16.82
30-07-2016 23:15,17.605,17.344,16.82
30-07-2016 23:30,17.582,17.344,16.844
30-07-2016 23:45,17.582,17.344,16.844
31-07-2016 00:00,17.558,17.344,16.844
31-07-2016 00:15,17.534,17.32,16.844
31-07-2016 00:30,17.534,17.32,16.844
31-07-2016 00:45,17.51,17.32,16.844
31-07-2016 01:00,17.486,17.32,16.844
31-07-2016 01:15,17.486,17.32,16.844
31-07-2016 01:30,17.463,17.296,16.868
31-07-2016 01:45,17.439,17.296,16.868
31-07-2016 02:00,17.415,17.296,16.868
31-07-2016 02:15,17.415,17.272,16.868
31-07-2016 02:30,17.368,17.272,16.868
31-07-2016 02:45,17.368,17.249,16.868
31-07-2016 03:00,17.344,17.249,16.844
31-07-2016 03:15,17.32,17.225,16.844
31-07-2016 03:30,17.272,17.225,16.844
31-07-2016 03:45,17.249,17.201,16.844
31-07-2016 04:00,17.225,17.201,16.844
31-07-2016 04:15,17.177,17.177,16.844
31-07-2016 04:30,17.13,17.177,16.844
31-07-2016 04:45,17.106,17.153,16.844
31-07-2016 05:00,17.082,17.13,16.844
31-07-2016 05:15,17.034,17.13,16.844
31-07-2016 05:30,16.987,17.106,16.82
31-07-2016 05:45,16.963,17.082,16.82
31-07-2016 06:00,16.915,17.082,16.82
31-07-2016 06:15,16.892,17.058,16.82
31-07-2016 06:30,16.868,17.058,16.82
31-07-2016 06:45,16.82,17.034,16.796
31-07-2016 07:00,16.796,17.011,16.796
31-07-2016 07:15,16.773,17.011,16.796
31-07-2016 07:30,16.749,16.987,16.773
31-07-2016 07:45,16.725,16.963,16.773
31-07-2016 08:00,16.701,16.939,16.773
31-07-2016 08:15,16.701,16.939,16.773
31-07-2016 08:30,16.677,16.915,16.749
31-07-2016 08:45,16.677,16.915,16.749
31-07-2016 09:00,16.677,16.892,16.749
31-07-2016 09:15,16.677,16.892,16.749
31-07-2016 09:30,16.677,16.868,16.725
31-07-2016 09:45,16.701,16.844,16.725
31-07-2016 10:00,16.701,16.844,16.701
31-07-2016 10:15,16.701,16.844,16.701
31-07-2016 10:30,16.677,16.82,16.701
31-07-2016 10:45,16.701,16.796,16.701
31-07-2016 11:00,16.677,16.796,16.677
31-07-2016 11:15,16.701,16.796,16.677
31-07-2016 11:30,16.701,16.796,16.677
31-07-2016 11:45,16.725,16.796,16.654
31-07-2016 12:00,16.701,16.773,16.654
31-07-2016 12:15,16.725,16.773,16.654
31-07-2016 12:30,16.725,16.773,16.654
31-07-2016 12:45,16.725,16.773,16.63
31-07-2016 13:00,16.749,16.773,16.63
31-07-2016 13:15,16.749,16.796,16.63
31-07-2016 13:30,16.773,16.796,16.63
31-07-2016 13:45,16.796,16.796,16.63
31-07-2016 14:00,16.82,16.796,16.606
31-07-2016 14:15,16.844,16.796,16.606
31-07-2016 14:30,16.868,16.82,16.606
31-07-2016 14:45,16.892,16.82,16.606
31-07-2016 15:00,16.915,16.82,16.606
31-07-2016 15:15,16.939,16.844,16.606
31-07-2016 15:30,16.963,16.844,16.606
31-07-2016 15:45,16.987,16.868,16.606
31-07-2016 16:00,17.011,16.868,16.606
31-07-2016 16:15,17.034,16.892,16.606
31-07-2016 16:30,17.082,16.892,16.606
31-07-2016 16:45,17.082,16.892,16.606
31-07-2016 17:00,17.106,16.915,16.606
31-07-2016 17:15,17.13,16.939,16.606
31-07-2016 17:30,17.153,16.939,16.606
31-07-2016 17:45,17.177,16.963,16.606
31-07-2016 18:00,17.201,16.963,16.606
31-07-2016 18:15,17.225,16.963,16.63
31-07-2016 18:30,17.225,16.987,16.63
31-07-2016 18:45,17.249,16.987,16.63
31-07-2016 19:00,17.272,17.011,16.63
31-07-2016 19:15,17.296,17.011,16.63
31-07-2016 19:30,17.296,17.034,16.63
31-07-2016 19:45,17.32,17.034,16.63
31-07-2016 20:00,17.32,17.034,16.654
31-07-2016 20:15,17.344,17.058,16.63
31-07-2016 20:30,17.344,17.058,16.654
31-07-2016 20:45,17.368,17.058,16.654
31-07-2016 21:00,17.368,17.082,16.654
31-07-2016 21:15,17.368,17.082,16.654
31-07-2016 21:30,17.368,17.106,16.654
31-07-2016 21:45,17.368,17.106,16.677
31-07-2016 22:00,17.344,17.106,16.677
31-07-2016 22:15,17.344,17.106,16.677
31-07-2016 22:30,17.32,17.106,16.677
31-07-2016 22:45,17.32,17.106,16.677
31-07-2016 23:00,17.296,17.106,16.701
31-07-2016 23:15,17.272,17.13,16.701
31-07-2016 23:30,17.249,17.106,16.701
31-07-2016 23:45,17.225,17.106,16.701
01-08-2016 00:00,17.201,17.106,16.701
01-08-2016 00:15,17.177,17.106,16.701
01-08-2016 00:30,17.153,17.106,16.701
01-08-2016 00:45,17.13,17.082,16.725
01-08-2016 01:00,17.106,17.082,16.701
01-08-2016 01:15,17.082,17.058,16.725
01-08-2016 01:30,17.034,17.058,16.725
01-08-2016 01:45,17.011,17.058,16.701
01-08-2016 02:00,16.987,17.034,16.701
01-08-2016 02:15,16.963,17.011,16.701
01-08-2016 02:30,16.939,17.011,16.701
01-08-2016 02:45,16.892,16.987,16.701
01-08-2016 03:00,16.868,16.987,16.701
01-08-2016 03:15,16.844,16.963,16.701
01-08-2016 03:30,16.82,16.939,16.701
01-08-2016 03:45,16.773,16.939,16.701
01-08-2016 04:00,16.749,16.915,16.701
01-08-2016 04:15,16.725,16.892,16.677
01-08-2016 04:30,16.701,16.868,16.677
01-08-2016 04:45,16.654,16.844,16.677
01-08-2016 05:00,16.63,16.844,16.677
01-08-2016 05:15,16.606,16.82,16.654
01-08-2016 05:30,16.582,16.796,16.654
01-08-2016 05:45,16.534,16.773,16.654
01-08-2016 06:00,16.511,16.773,16.63
01-08-2016 06:15,16.487,16.749,16.63
01-08-2016 06:30,16.463,16.725,16.63
01-08-2016 06:45,16.415,16.701,16.63
01-08-2016 07:00,16.392,16.677,16.606
01-08-2016 07:15,16.368,16.654,16.606
01-08-2016 07:30,16.344,16.63,16.606
01-08-2016 07:45,16.296,16.606,16.582
01-08-2016 08:00,16.296,16.582,16.582
01-08-2016 08:15,16.272,16.582,16.558
01-08-2016 08:30,16.249,16.558,16.558
01-08-2016 08:45,16.225,16.534,16.534
01-08-2016 09:00,16.225,16.511,16.534
01-08-2016 09:15,16.225,16.487,16.511
01-08-2016 09:30,16.225,16.463,16.511
01-08-2016 09:45,16.225,16.463,16.487
01-08-2016 10:00,16.249,16.439,16.487
01-08-2016 10:15,16.249,16.415,16.487
01-08-2016 10:30,16.249,16.415,16.463
01-08-2016 10:45,16.225,16.392,16.463
01-08-2016 11:00,16.225,16.392,16.439
01-08-2016 11:15,16.201,16.392,16.439
01-08-2016 11:30,16.201,16.392,16.415
01-08-2016 11:45,16.201,16.368,16.415
01-08-2016 12:00,16.201,16.368,16.415
01-08-2016 12:15,16.225,16.368,16.392
01-08-2016 12:30,16.249,16.368,16.392
01-08-2016 12:45,16.249,16.368,16.392
01-08-2016 13:00,16.272,16.368,16.368
01-08-2016 13:15,16.296,16.368,16.368
01-08-2016 13:30,16.344,16.368,16.368
01-08-2016 13:45,16.368,16.392,16.344
01-08-2016 14:00,16.392,16.392,16.344
01-08-2016 14:15,16.415,16.392,16.344
01-08-2016 14:30,16.439,16.392,16.344
01-08-2016 14:45,16.463,16.392,16.344
01-08-2016 15:00,16.487,16.415,16.344
01-08-2016 15:15,16.534,16.415,16.344
01-08-2016 15:30,16.534,16.439,16.32
01-08-2016 15:45,16.582,16.439,16.32
01-08-2016 16:00,16.582,16.463,16.32
01-08-2016 16:15,16.63,16.463,16.32
01-08-2016 16:30,16.654,16.487,16.32
01-08-2016 16:45,16.677,16.487,16.32
01-08-2016 17:00,16.63,16.511,16.32
01-08-2016 17:15,16.677,16.511,16.32
01-08-2016 17:30,16.63,16.534,16.32
01-08-2016 17:45,16.749,16.534,16.32
01-08-2016 18:00,16.773,16.558,16.32
01-08-2016 18:15,16.844,16.558,16.344
01-08-2016 18:30,16.844,16.582,16.344
01-08-2016 18:45,16.868,16.606,16.344
01-08-2016 19:00,16.915,16.606,16.344
01-08-2016 19:15,16.939,16.63,16.344
01-08-2016 19:30,16.963,16.654,16.344
01-08-2016 19:45,16.987,16.654,16.344
01-08-2016 20:00,17.011,16.677,16.368
01-08-2016 20:15,17.011,16.701,16.368
01-08-2016 20:30,17.058,16.701,16.368
01-08-2016 20:45,17.058,16.725,16.368
01-08-2016 21:00,17.058,16.749,16.368
01-08-2016 21:15,17.082,16.749,16.392
01-08-2016 21:30,17.106,16.773,16.392
01-08-2016 21:45,17.082,16.773,16.392
01-08-2016 22:00,17.082,16.773,16.392
01-08-2016 22:15,17.082,16.796,16.415
01-08-2016 22:30,17.082,16.796,16.415
01-08-2016 22:45,17.082,16.82,16.415
01-08-2016 23:00,17.082,16.82,16.415
01-08-2016 23:15,17.058,16.82,16.415
01-08-2016 23:30,17.058,16.82,16.439
01-08-2016 23:45,17.058,16.82,16.439
02-08-2016 00:00,17.058,16.82,16.439
02-08-2016 00:15,17.034,16.82,16.439
02-08-2016 00:30,17.034,16.844,16.463
02-08-2016 00:45,17.034,16.82,16.463
02-08-2016 01:00,17.034,16.82,16.463
02-08-2016 01:15,17.034,16.82,16.463
02-08-2016 01:30,17.034,16.82,16.463
02-08-2016 01:45,17.058,16.82,16.463
02-08-2016 02:00,17.058,16.82,16.463
02-08-2016 02:15,17.058,16.82,16.463
02-08-2016 02:30,17.058,16.82,16.487
02-08-2016 02:45,17.058,16.796,16.487
02-08-2016 03:00,17.034,16.796,16.487
02-08-2016 03:15,17.011,16.796,16.487
02-08-2016 03:30,16.987,16.796,16.487
02-08-2016 03:45,16.987,16.773,16.487
02-08-2016 04:00,16.987,16.773,16.487
02-08-2016 04:15,16.963,16.773,16.487
02-08-2016 04:30,16.939,16.749,16.487
02-08-2016 04:45,16.915,16.749,16.487
02-08-2016 05:00,16.892,16.749,16.487
02-08-2016 05:15,16.868,16.725,16.463
02-08-2016 05:30,16.844,16.725,16.487
02-08-2016 05:45,16.796,16.725,16.463
02-08-2016 06:00,16.773,16.701,16.487
02-08-2016 06:15,16.749,16.701,16.463
02-08-2016 06:30,16.701,16.677,16.463
02-08-2016 06:45,16.677,16.677,16.463
02-08-2016 07:00,16.63,16.654,16.463
02-08-2016 07:15,16.606,16.654,16.463
02-08-2016 07:30,16.582,16.63,16.439
02-08-2016 07:45,16.558,16.63,16.439
02-08-2016 08:00,16.534,16.63,16.439
02-08-2016 08:15,16.534,16.606,16.439
02-08-2016 08:30,16.511,16.606,16.439
02-08-2016 08:45,16.487,16.582,16.439
02-08-2016 09:00,16.463,16.582,16.439
02-08-2016 09:15,16.463,16.582,16.439
02-08-2016 09:30,16.463,16.558,16.415
02-08-2016 09:45,16.463,16.558,16.415
02-08-2016 10:00,16.439,16.534,16.415
02-08-2016 10:15,16.439,16.534,16.415
02-08-2016 10:30,16.439,16.534,16.392
02-08-2016 10:45,16.439,16.511,16.392
02-08-2016 11:00,16.439,16.511,16.392
02-08-2016 11:15,16.439,16.487,16.392
02-08-2016 11:30,16.439,16.487,16.368
02-08-2016 11:45,16.439,16.487,16.368
02-08-2016 12:00,16.439,16.463,16.368
02-08-2016 12:15,16.439,16.463,16.368
02-08-2016 12:30,16.415,16.463,16.368
02-08-2016 12:45,16.439,16.463,16.368
02-08-2016 13:00,16.439,16.463,16.344
02-08-2016 13:15,16.439,16.439,16.344
02-08-2016 13:30,16.439,16.439,16.344
02-08-2016 13:45,16.439,16.439,16.344
02-08-2016 14:00,16.439,16.439,16.32
02-08-2016 14:15,16.439,16.439,16.32
02-08-2016 14:30,16.463,16.415,16.32
02-08-2016 14:45,16.463,16.415,16.32
02-08-2016 15:00,16.463,16.415,16.32
02-08-2016 15:15,16.487,16.415,16.32
02-08-2016 15:30,16.511,16.415,16.32
02-08-2016 16:00,16.511,16.439,16.296
02-08-2016 16:15,16.511,16.439,16.296
02-08-2016 16:30,16.534,16.415,16.296
02-08-2016 16:45,16.534,16.439,16.296
02-08-2016 17:00,16.534,16.439,16.296
02-08-2016 17:15,16.558,16.439,16.296
02-08-2016 17:30,16.558,16.439,16.296
02-08-2016 17:45,16.582,16.463,16.272
02-08-2016 18:00,16.582,16.463,16.296
02-08-2016 18:15,16.606,16.463,16.272
02-08-2016 18:30,16.606,16.463,16.272
02-08-2016 18:45,16.63,16.463,16.296
02-08-2016 19:00,16.63,16.487,16.272
02-08-2016 19:15,16.654,16.487,16.296
02-08-2016 19:30,16.654,16.487,16.296
02-08-2016 19:45,16.654,16.487,16.296
02-08-2016 20:00,16.654,16.511,16.296
02-08-2016 20:15,16.654,16.511,16.296
02-08-2016 20:30,16.677,16.511,16.296
02-08-2016 20:45,16.677,16.511,16.296
02-08-2016 21:00,16.677,16.511,16.296
02-08-2016 21:15,16.677,16.511,16.296
02-08-2016 21:30,16.677,16.511,16.296
02-08-2016 21:45,16.677,16.511,16.296
02-08-2016 22:00,16.677,16.534,16.296
02-08-2016 22:15,16.677,16.534,16.296
02-08-2016 22:30,16.654,16.534,16.296
02-08-2016 22:45,16.654,16.534,16.296
02-08-2016 23:00,16.654,16.534,16.296
02-08-2016 23:15,16.654,16.534,16.296
02-08-2016 23:30,16.654,16.534,16.296
02-08-2016 23:45,16.63,16.511,16.296
03-08-2016 00:00,16.63,16.534,16.296
03-08-2016 00:15,16.63,16.511,16.296
03-08-2016 00:30,16.606,16.511,16.296
03-08-2016 00:45,16.606,16.511,16.296
03-08-2016 01:00,16.606,16.511,16.296
03-08-2016 01:15,16.606,16.511,16.296
03-08-2016 01:30,16.582,16.511,16.296
03-08-2016 01:45,16.582,16.511,16.296
03-08-2016 02:00,16.582,16.511,16.296
03-08-2016 02:15,16.582,16.511,16.296
03-08-2016 02:30,16.558,16.511,16.296
03-08-2016 02:45,16.558,16.487,16.296
03-08-2016 03:00,16.558,16.487,16.296
03-08-2016 03:15,16.534,16.487,16.296
03-08-2016 03:30,16.534,16.487,16.296
03-08-2016 03:45,16.534,16.487,16.296
03-08-2016 04:00,16.534,16.463,16.296
03-08-2016 04:15,16.534,16.463,16.272
03-08-2016 04:30,16.534,16.463,16.272
03-08-2016 04:45,16.511,16.463,16.272
03-08-2016 05:00,16.511,16.463,16.272
03-08-2016 05:15,16.511,16.463,16.272
03-08-2016 05:30,16.511,16.439,16.272
03-08-2016 05:45,16.511,16.439,16.272
03-08-2016 06:00,16.511,16.439,16.272
03-08-2016 06:15,16.511,16.415,16.272
03-08-2016 06:30,16.511,16.415,16.272
03-08-2016 06:45,16.534,16.415,16.272
03-08-2016 07:00,16.534,16.415,16.272
03-08-2016 07:15,16.511,16.415,16.272
03-08-2016 07:30,16.511,16.415,16.249
03-08-2016 07:45,16.511,16.392,16.249
03-08-2016 08:00,16.511,16.392,16.249
03-08-2016 08:15,16.511,16.392,16.249
03-08-2016 08:30,16.511,16.392,16.249
03-08-2016 08:45,16.534,16.368,16.249
03-08-2016 09:00,16.534,16.368,16.249
03-08-2016 09:15,16.534,16.368,16.225
03-08-2016 09:30,16.534,16.368,16.225
