,date,charge_diff,t_stream
0,2022-03-03 05:30:00,0.0049888956557589,7.582777777777778
1,2022-03-03 05:45:00,0.0047650614230852,7.582222222222223
2,2022-03-03 06:00:00,0.0045484133360252,7.582222222222223
3,2022-03-03 06:15:00,0.004338951394579,7.582777777777778
4,2022-03-03 06:30:00,0.0041366755987465,7.584999999999999
5,2022-03-03 06:45:00,0.0039415859485277,7.587777777777778
6,2022-03-03 07:00:00,0.0037536824439227,7.592222222222221
7,2022-03-03 07:15:00,0.0035729650849314,7.598888888888887
8,2022-03-03 07:30:00,0.0033994338715538,7.607222222222221
9,2022-03-03 07:45:00,0.00323308880379,7.616111111111112
10,2022-03-03 08:00:00,0.0029541007120898,7.628888888888889
11,2022-03-03 08:15:00,0.0028251562728737,7.648888888888889
12,2022-03-03 08:30:00,0.0025691157172136,7.6688888888888895
13,2022-03-03 08:45:00,0.0023428946295251,7.691111111111112
14,2022-03-03 09:00:00,0.0021768861492775,7.707777777777779
15,2022-03-03 09:15:00,0.0021326926093231,7.733888888888888
16,2022-03-03 09:30:00,0.0020507237750173,7.762222222222222
17,2022-03-03 09:45:00,0.0020389300353431,7.803888888888887
18,2022-03-03 10:00:00,0.0021312734749148,7.881111111111111
19,2022-03-03 10:15:00,0.0021536337756447,7.95111111111111
20,2022-03-03 10:30:00,0.0021232103906561,8.053888888888888
21,2022-03-03 10:45:00,0.0020960967595207,8.102777777777778
22,2022-03-03 11:00:00,0.0020785913482653,8.215
23,2022-03-03 11:15:00,0.0020581201507832,8.289999999999997
24,2022-03-03 11:30:00,0.0020688857780706,8.343888888888888
25,2022-03-03 11:45:00,0.0019253623972646,8.402222222222223
26,2022-03-03 12:00:00,0.0018614895591526,8.475000000000001
27,2022-03-03 12:15:00,0.0018681053547901,8.526111111111112
28,2022-03-03 12:30:00,0.0017673597517619,8.58111111111111
29,2022-03-03 12:45:00,0.0017343677980635,8.646111111111113
30,2022-03-03 13:00:00,0.0015732133446264,8.71888888888889
31,2022-03-03 13:15:00,0.001300478307924,8.78888888888889
32,2022-03-03 13:30:00,0.0011680657506745,8.843888888888888
33,2022-03-03 13:45:00,0.0010239583202627,8.91388888888889
34,2022-03-03 14:00:00,0.000962708111132,8.978888888888887
35,2022-03-03 14:15:00,0.0006381856870987,9.032777777777778
36,2022-03-03 14:30:00,0.0005214991268796,9.1
37,2022-03-03 14:45:00,0.0003137760890478,9.14611111111111
38,2022-03-03 15:00:00,0.000104050651442,9.178888888888888
39,2022-03-03 15:15:00,-3.543415521671192e-05,9.213888888888889
40,2022-03-03 15:30:00,-0.0002191665621012,9.256111111111112
41,2022-03-03 15:45:00,-0.0003493641905597,9.297777777777776
42,2022-03-03 16:00:00,-0.0005244895905221,9.337777777777776
43,2022-03-03 16:15:00,-0.0007292594161071,9.37
44,2022-03-03 16:30:00,-0.0008076969226425,9.40111111111111
45,2022-03-03 16:45:00,-0.000767722828701,9.42611111111111
46,2022-03-03 17:00:00,-0.0007214829976785,9.44888888888889
47,2022-03-03 17:15:00,-0.0006010279032561,9.47722222222222
48,2022-03-03 17:30:00,-0.0005148613986656,9.502777777777776
49,2022-03-03 17:45:00,-0.0003283798649015,9.522777777777776
50,2022-03-03 18:00:00,-0.0001046168465189,9.539999999999996
51,2022-03-03 18:15:00,-1.0143359055892468e-06,9.552222222222223
52,2022-03-03 18:30:00,6.990421816513478e-05,9.561111111111112
53,2022-03-03 18:45:00,0.0002484655561829,9.568888888888887
54,2022-03-03 19:00:00,0.0002235472478407,9.573888888888886
55,2022-03-03 19:15:00,0.0003147549250266,9.57777777777778
56,2022-03-03 19:30:00,0.000264877554008,9.57777777777778
57,2022-03-03 19:45:00,0.0003957318788297,9.57777777777778
58,2022-03-03 20:00:00,0.0005047415145241,9.575
59,2022-03-03 20:15:00,0.0005068800060648,9.575
60,2022-03-03 20:30:00,0.0004174317449861,9.571111111111112
61,2022-03-03 20:45:00,0.000113516819332,9.56611111111111
62,2022-03-03 21:00:00,3.042565928438252e-05,9.56
63,2022-03-03 21:15:00,1.745352071441614e-05,9.552222222222223
64,2022-03-03 21:30:00,1.5564208335974485e-05,9.542777777777776
65,2022-03-03 21:45:00,-6.613165819684846e-05,9.522777777777776
66,2022-03-03 22:00:00,-0.0001292629713281,9.486111111111112
67,2022-03-03 22:15:00,-0.0002258458288892,9.439999999999998
68,2022-03-03 22:30:00,-0.0001498629671455,9.40111111111111
69,2022-03-03 22:45:00,-0.0001627105945583,9.381111111111112
70,2022-03-03 23:00:00,-0.0002221339429491,9.358888888888886
71,2022-03-03 23:15:00,-0.0003123974998431,9.341111111111111
72,2022-03-03 23:30:00,-0.0004196050567789,9.32111111111111
73,2022-03-03 23:45:00,-0.0005671199573372,9.303888888888888
74,2022-03-04 00:00:00,-0.0007179044325239,9.29
75,2022-03-04 00:15:00,-0.0008152765752765,9.273888888888887
76,2022-03-04 00:30:00,-0.0006654615251897,9.261111111111113
77,2022-03-04 00:45:00,-0.0007259864431059,9.242222222222225
78,2022-03-04 01:00:00,-0.0008319848066586,9.222777777777775
79,2022-03-04 01:15:00,-0.0008891313758704,9.205000000000002
80,2022-03-04 01:30:00,-0.0009614262448501,9.18277777777778
81,2022-03-04 01:45:00,-0.0008846151211911,9.165
82,2022-03-04 02:00:00,-0.0008524066754501,9.14611111111111
83,2022-03-04 02:15:00,-0.0007881290649768,9.12888888888889
84,2022-03-04 02:30:00,-0.0008196892580044,9.107777777777777
85,2022-03-04 02:45:00,-0.000741393254491,9.092222222222222
86,2022-03-04 03:00:00,-0.0006693242988894,9.07777777777778
87,2022-03-04 03:15:00,-0.0004580885720559,9.061111111111112
88,2022-03-04 03:30:00,-0.0003643093199071,9.04388888888889
89,2022-03-04 03:45:00,-0.000459370935023,9.02888888888889
90,2022-03-04 04:00:00,-0.0006575801754605,9.012777777777776
91,2022-03-04 04:15:00,-0.0008092170148691,8.998888888888889
92,2022-03-04 04:30:00,-0.0008366575956249,8.983888888888888
93,2022-03-04 04:45:00,-0.0008432596409226,8.965
94,2022-03-04 05:00:00,-0.0009175857958466,8.947222222222221
95,2022-03-04 05:15:00,-0.0008332666206578,8.922777777777778
96,2022-03-04 05:30:00,-0.0008992827341739,8.905000000000001
97,2022-03-04 05:45:00,-0.0008925092017482,8.88611111111111
98,2022-03-04 06:00:00,-0.0008405008417507,8.855
99,2022-03-04 06:15:00,-0.0009131538469581,8.819999999999999
100,2022-03-04 06:30:00,-0.0010020311290962,8.78888888888889
101,2022-03-04 06:45:00,-0.0009979028901854,8.76222222222222
102,2022-03-04 07:00:00,-0.0010582643725034,8.731111111111112
103,2022-03-04 07:15:00,-0.0011154104711712,8.69888888888889
104,2022-03-04 07:30:00,-0.0012039928268188,8.673888888888888
105,2022-03-04 07:45:00,-0.0012283971181796,8.65
106,2022-03-04 08:00:00,-0.0012886300635756,8.628888888888886
107,2022-03-04 08:15:00,-0.0013921384915406,8.607777777777777
108,2022-03-04 08:30:00,-0.0016010643181294,8.587777777777777
109,2022-03-04 08:45:00,-0.0016571782002216,8.577222222222222
110,2022-03-04 09:00:00,-0.0016194900349247,8.572777777777777
111,2022-03-04 09:15:00,-0.0016588108831586,8.57111111111111
112,2022-03-04 09:30:00,-0.0016510343601647,8.573888888888888
113,2022-03-04 09:45:00,-0.0016192198642741,8.577222222222222
114,2022-03-04 10:00:00,-0.0014629296589078,8.592777777777776
115,2022-03-04 10:15:00,-0.0014304139741095,8.626111111111111
116,2022-03-04 10:30:00,-0.0013688657799527,8.65
117,2022-03-04 10:45:00,-0.0013205907417863,8.675
118,2022-03-04 11:00:00,-0.0012898698423154,8.702222222222224
119,2022-03-04 11:15:00,-0.0012929980446284,8.738888888888887
120,2022-03-04 11:30:00,-0.0011821704885291,8.792222222222222
121,2022-03-04 11:45:00,-0.0011105831869418,8.85222222222222
122,2022-03-04 12:00:00,-0.0010106211964363,8.931111111111111
123,2022-03-04 12:15:00,-0.0008976706767467,8.983888888888888
124,2022-03-04 12:30:00,-0.000708791773846,9.01888888888889
125,2022-03-04 12:45:00,-0.0007143634063199,9.057777777777778
126,2022-03-04 13:00:00,-0.0007142374835309,9.112222222222222
127,2022-03-04 13:15:00,-0.0007840751197272,9.16777777777778
128,2022-03-04 13:30:00,-0.0007925398655289,9.32388888888889
129,2022-03-04 13:45:00,-0.0007856072108245,9.457777777777778
130,2022-03-04 14:00:00,-0.0009130701424179,9.50111111111111
131,2022-03-04 14:15:00,-0.0008273824947194,9.52888888888889
132,2022-03-04 14:30:00,-0.000737318631449,9.575
133,2022-03-04 14:45:00,-0.0008063029361942,9.603888888888887
134,2022-03-04 15:00:00,-0.0009414440209548,9.662777777777778
135,2022-03-04 15:15:00,-0.0010279309136917,9.739999999999998
136,2022-03-04 15:30:00,-0.0011220284626806,9.805
137,2022-03-04 15:45:00,-0.0011583155833698,9.859999999999998
138,2022-03-04 16:00:00,-0.0011712753832318,9.90277777777778
139,2022-03-04 16:15:00,-0.0010557660978312,9.94611111111111
140,2022-03-04 16:30:00,-0.0010873472039232,9.96888888888889
141,2022-03-04 16:45:00,-0.0010240572913398,9.983888888888886
142,2022-03-04 17:00:00,-0.0009822694073236,9.986111111111112
143,2022-03-04 17:15:00,-0.0010082789593658,9.975
144,2022-03-04 17:30:00,-0.0011992256676495,9.962777777777776
145,2022-03-04 17:45:00,-0.0013907288202939,9.943888888888887
146,2022-03-04 18:00:00,-0.0014141024112762,9.928888888888888
147,2022-03-04 18:15:00,-0.0015148061097517,9.895
148,2022-03-04 18:30:00,-0.0015325405713448,9.86111111111111
149,2022-03-04 18:45:00,-0.001661564820043,9.82
150,2022-03-04 19:00:00,-0.0016070353639918,9.775
151,2022-03-04 19:15:00,-0.0016152604199342,9.73388888888889
152,2022-03-04 19:30:00,-0.0017432379174769,9.691111111111113
153,2022-03-04 19:45:00,-0.001748510336282,9.64111111111111
154,2022-03-04 20:00:00,-0.001738203515486,9.6
155,2022-03-04 20:15:00,-0.0016811800980822,9.55388888888889
156,2022-03-04 20:30:00,-0.0015809062937866,9.506111111111109
157,2022-03-04 20:45:00,-0.0014700899000354,9.463888888888889
158,2022-03-04 21:00:00,-0.0013676422611204,9.420000000000002
159,2022-03-04 21:15:00,-0.0013324937783632,9.366111111111111
160,2022-03-04 21:30:00,-0.0012787653449609,9.31111111111111
161,2022-03-04 21:45:00,-0.0012553422422987,9.252777777777778
162,2022-03-04 22:00:00,-0.0012341679475918,9.186111111111108
163,2022-03-04 22:15:00,-0.001271249372608,9.117777777777777
164,2022-03-04 22:30:00,-0.0013982035416274,9.057777777777778
165,2022-03-04 22:45:00,-0.0012717532728945,8.98111111111111
166,2022-03-04 23:00:00,-0.0014309237823367,8.900000000000002
167,2022-03-04 23:15:00,-0.0014579441412049,8.82388888888889
168,2022-03-04 23:30:00,-0.0016018139207812,8.73722222222222
169,2022-03-04 23:45:00,-0.00160150012025,8.648888888888887
170,2022-03-05 00:00:00,-0.0017296196697826,8.553888888888888
171,2022-03-05 00:15:00,-0.0018009055095467,8.465000000000002
172,2022-03-05 00:30:00,-0.0019236149800279,8.375000000000002
173,2022-03-05 00:45:00,-0.0020289614310809,8.282222222222222
174,2022-03-05 01:00:00,-0.0020947721783047,8.189999999999998
175,2022-03-05 01:15:00,-0.0022036872869481,8.096111111111112
176,2022-03-05 01:30:00,-0.0022435613641591,8.008888888888887
177,2022-03-05 01:45:00,-0.0022557246899637,7.912777777777778
178,2022-03-05 02:00:00,-0.0022679417100612,7.826111111111112
179,2022-03-05 02:15:00,-0.0023535557960557,7.737222222222222
180,2022-03-05 02:30:00,-0.0023625160769182,7.65111111111111
181,2022-03-05 02:45:00,-0.0024129819677102,7.56388888888889
182,2022-03-05 03:00:00,-0.0024697871834284,7.478888888888891
183,2022-03-05 03:15:00,-0.0025322920195746,7.4027777777777795
184,2022-03-05 03:30:00,-0.0024618762155718,7.32111111111111
185,2022-03-05 03:45:00,-0.0025594007622811,7.244999999999998
186,2022-03-05 04:00:00,-0.0025659303176694,7.167222222222224
187,2022-03-05 04:15:00,-0.0026235007424137,7.092222222222221
188,2022-03-05 04:30:00,-0.0025516195599891,7.017777777777776
189,2022-03-05 04:45:00,-0.0024612431771127,6.94388888888889
190,2022-03-05 05:00:00,-0.0023837231267122,6.881111111111112
191,2022-03-05 05:15:00,-0.0024543658374636,6.807222222222222
192,2022-03-05 05:30:00,-0.0024150351862308,6.737222222222224
193,2022-03-05 05:45:00,-0.0024381748123052,6.673888888888888
194,2022-03-05 06:00:00,-0.0024720847711064,6.610000000000001
195,2022-03-05 06:15:00,-0.002313464301399,6.548888888888887
196,2022-03-05 06:30:00,-0.0022577738565781,6.485000000000001
197,2022-03-05 06:45:00,-0.0021730921534181,6.422777777777777
198,2022-03-05 07:00:00,-0.002113960646841,6.363888888888888
199,2022-03-05 07:15:00,-0.0020317704216073,6.30611111111111
200,2022-03-05 07:30:00,-0.0020292627621974,6.255
201,2022-03-05 07:45:00,-0.0019580088409978,6.204999999999998
202,2022-03-05 08:00:00,-0.0017989557061295,6.163888888888888
203,2022-03-05 08:15:00,-0.0017215561672626,6.137222222222221
204,2022-03-05 08:30:00,-0.0017241454399062,6.1177777777777775
205,2022-03-05 08:45:00,-0.0016332847104585,6.116111111111112
206,2022-03-05 09:00:00,-0.001594211080787,6.122777777777778
207,2022-03-05 09:15:00,-0.0016068453688018,6.1422222222222205
208,2022-03-05 09:30:00,-0.0015909258736431,6.1738888888888885
209,2022-03-05 09:45:00,-0.0017821427264361,6.212777777777777
210,2022-03-05 10:00:00,-0.0020568778101929,6.263888888888888
211,2022-03-05 10:15:00,-0.0023330262772653,6.319999999999999
212,2022-03-05 10:30:00,-0.0027253744222765,6.3900000000000015
213,2022-03-05 10:45:00,-0.0030560053694292,6.472222222222221
214,2022-03-05 11:00:00,-0.0032656539776648,6.563888888888887
215,2022-03-05 11:15:00,-0.0036404456312608,6.659999999999999
216,2022-03-05 11:30:00,-0.003927132034632,6.762222222222221
217,2022-03-05 11:45:00,-0.0042296784616349,6.867777777777778
218,2022-03-05 12:00:00,-0.004492726070226,6.972777777777779
219,2022-03-05 12:15:00,-0.0048091842859234,7.077777777777778
220,2022-03-05 12:30:00,-0.0049675402576489,7.18722222222222
221,2022-03-05 12:45:00,-0.0049865368749607,7.287777777777778
222,2022-03-05 13:00:00,-0.0050980028546332,7.39
223,2022-03-05 13:15:00,-0.0051387766118744,7.482777777777779
224,2022-03-05 13:30:00,-0.0050181620814772,7.579999999999999
225,2022-03-05 13:45:00,-0.0049940327707718,7.677222222222223
226,2022-03-05 14:00:00,-0.0049124106489323,7.767777777777777
227,2022-03-05 14:15:00,-0.004777429444549,7.858888888888889
228,2022-03-05 14:30:00,-0.004680269098856,7.942777777777776
229,2022-03-05 14:45:00,-0.0045546605548236,8.033888888888887
230,2022-03-05 15:00:00,-0.0044768349906936,8.123888888888887
231,2022-03-05 15:15:00,-0.0044778013572578,8.207222222222224
232,2022-03-05 15:30:00,-0.0042926894200807,8.27611111111111
233,2022-03-05 15:45:00,-0.004145590794069,8.332777777777778
234,2022-03-05 16:00:00,-0.0040591736986845,8.386111111111111
235,2022-03-05 16:15:00,-0.0039180396616265,8.432777777777778
236,2022-03-05 16:30:00,-0.0039176566388522,8.47888888888889
237,2022-03-05 16:45:00,-0.0038667749701988,8.522777777777778
238,2022-03-05 17:00:00,-0.0038131913074847,8.562222222222221
239,2022-03-05 17:15:00,-0.0036604517221907,8.585
240,2022-03-05 17:30:00,-0.0034716153773761,8.612777777777778
241,2022-03-05 17:45:00,-0.0034371642407511,8.632777777777779
242,2022-03-05 18:00:00,-0.0034356906800928,8.66
243,2022-03-05 18:15:00,-0.003397625216973,8.673888888888888
244,2022-03-05 18:30:00,-0.0032913176537632,8.682777777777776
245,2022-03-05 18:45:00,-0.0032215132954806,8.69111111111111
246,2022-03-05 19:00:00,-0.0032159815808185,8.692222222222222
247,2022-03-05 19:15:00,-0.0030904150720455,8.675
248,2022-03-05 19:30:00,-0.0030977412844804,8.657222222222222
249,2022-03-05 19:45:00,-0.0030859609814501,8.629999999999999
250,2022-03-05 20:00:00,-0.0030672624798711,8.59611111111111
251,2022-03-05 20:15:00,-0.002812410230671,8.55722222222222
252,2022-03-05 20:30:00,-0.002687922156346,8.511111111111111
253,2022-03-05 20:45:00,-0.0025456707865403,8.47
254,2022-03-05 21:00:00,-0.002478819457515,8.43
255,2022-03-05 21:15:00,-0.0023453857153313,8.386111111111111
256,2022-03-05 21:30:00,-0.0022167476786498,8.337777777777779
257,2022-03-05 21:45:00,-0.0020804912217411,8.282222222222222
258,2022-03-05 22:00:00,-0.0019217577692033,8.218888888888888
259,2022-03-05 22:15:00,-0.0017138355344333,8.158888888888889
260,2022-03-05 22:30:00,-0.001742722358157,8.09888888888889
261,2022-03-05 22:45:00,-0.0016926627820649,8.033888888888887
262,2022-03-05 23:00:00,-0.0014765798774494,7.965000000000002
263,2022-03-05 23:15:00,-0.0012539359432837,7.889999999999999
264,2022-03-05 23:30:00,-0.0011500071365832,7.814999999999999
265,2022-03-05 23:45:00,-0.0009652321350147,7.745000000000001
266,2022-03-06 00:00:00,-0.0006445012234142,7.667777777777777
267,2022-03-06 00:15:00,-0.0003875704247443,7.586111111111111
268,2022-03-06 00:30:00,-0.0001270276784406,7.497222222222221
269,2022-03-06 00:45:00,0.0001061363636364,7.412222222222221
270,2022-03-06 01:00:00,0.0005459625499299,7.332222222222223
271,2022-03-06 01:15:00,0.0008742545276784,7.247777777777777
272,2022-03-06 01:30:00,0.001195956302152,7.173888888888887
273,2022-03-06 01:45:00,0.0015580228527511,7.088888888888888
274,2022-03-06 02:00:00,0.0018904785170546,7.006111111111109
275,2022-03-06 02:15:00,0.0020469903486208,6.932222222222223
276,2022-03-06 02:30:00,0.0023682137628877,6.867777777777778
277,2022-03-06 02:45:00,0.0027104114122593,6.8022222222222215
278,2022-03-06 03:00:00,0.0029810840548341,6.727777777777777
279,2022-03-06 03:15:00,0.0030438157977289,6.6577777777777785
280,2022-03-06 03:30:00,0.0032160233546647,6.585000000000001
281,2022-03-06 03:45:00,0.0034383969613317,6.522777777777778
282,2022-03-06 04:00:00,0.0036000180113767,6.457777777777779
283,2022-03-06 04:15:00,0.0037357119852772,6.402777777777777
284,2022-03-06 04:30:00,0.0039964161542966,6.343888888888887
285,2022-03-06 04:45:00,0.0041514079982015,6.282222222222222
286,2022-03-06 05:00:00,0.0043077736213062,6.231111111111112
287,2022-03-06 05:15:00,0.0044161084185541,6.182777777777776
288,2022-03-06 05:30:00,0.0044454176077546,6.1422222222222205
289,2022-03-06 05:45:00,0.004775388930715,6.10388888888889
290,2022-03-06 06:00:00,0.0049964710510906,6.056111111111113
291,2022-03-06 06:15:00,0.0050746363740929,6.012777777777778
292,2022-03-06 06:30:00,0.0054716925204425,5.962222222222222
293,2022-03-06 06:45:00,0.0056798709402514,5.917222222222224
294,2022-03-06 07:00:00,0.0058780439226635,5.8788888888888895
295,2022-03-06 07:15:00,0.0060997273720643,5.838888888888888
296,2022-03-06 07:30:00,0.0062166697513436,5.79888888888889
297,2022-03-06 07:45:00,0.006347781829684,5.7588888888888885
298,2022-03-06 08:00:00,0.0065184881945751,5.73
299,2022-03-06 08:15:00,0.0066994078988644,5.717222222222221
300,2022-03-06 08:30:00,0.0068680275320493,5.71222222222222
301,2022-03-06 08:45:00,0.0069097552910053,5.72
302,2022-03-06 09:00:00,0.0068111242602004,5.735
303,2022-03-06 09:15:00,0.0068374837923751,5.757222222222222
304,2022-03-06 09:30:00,0.0068244373601439,5.782777777777777
305,2022-03-06 09:45:00,0.0067298828868395,5.821111111111112
306,2022-03-06 10:00:00,0.0065795080724429,5.863888888888889
307,2022-03-06 10:15:00,0.0063807126388105,5.917777777777778
308,2022-03-06 10:30:00,0.006342950702679,5.97611111111111
309,2022-03-06 10:45:00,0.0061608662975511,6.042777777777779
310,2022-03-06 11:00:00,0.0059070299788779,6.126111111111111
311,2022-03-06 11:15:00,0.0058509451398039,6.217777777777778
312,2022-03-06 11:30:00,0.005656556820796,6.298888888888889
313,2022-03-06 11:45:00,0.00544128772194,6.372222222222222
314,2022-03-06 12:00:00,0.0052430471119059,6.43388888888889
315,2022-03-06 12:15:00,0.005048692567497,6.514999999999998
316,2022-03-06 12:30:00,0.0049262859704708,6.60111111111111
317,2022-03-06 12:45:00,0.0047258072704269,6.6772222222222215
318,2022-03-06 13:00:00,0.0044179577346969,6.757777777777778
319,2022-03-06 13:15:00,0.0040842731141644,6.82388888888889
320,2022-03-06 13:30:00,0.0037348358585859,6.8950000000000005
321,2022-03-06 13:45:00,0.0035488311165485,6.964999999999999
322,2022-03-06 14:00:00,0.0034480153240479,7.039999999999998
323,2022-03-06 14:15:00,0.003149427321873,7.103888888888888
324,2022-03-06 14:30:00,0.0028143423625489,7.177777777777779
325,2022-03-06 14:45:00,0.0026129177123199,7.233888888888889
326,2022-03-06 15:00:00,0.0022922095175356,7.30777777777778
327,2022-03-06 15:15:00,0.0019193908024343,7.3599999999999985
328,2022-03-06 15:30:00,0.0016100013593492,7.408888888888888
329,2022-03-06 15:45:00,0.0012937311521007,7.445000000000002
330,2022-03-06 16:00:00,0.0010575285201916,7.481111111111112
331,2022-03-06 16:15:00,0.0010152853326223,7.502777777777779
332,2022-03-06 16:30:00,0.0008227878683314,7.527222222222222
333,2022-03-06 16:45:00,0.0006869214923563,7.537777777777777
334,2022-03-06 17:00:00,0.000621713119811,7.543888888888889
335,2022-03-06 17:15:00,0.0005838176537633,7.55611111111111
336,2022-03-06 17:30:00,0.0004846589602024,7.55611111111111
337,2022-03-06 17:45:00,0.000468096963423,7.562777777777777
338,2022-03-06 18:00:00,0.0005733672124976,7.56888888888889
339,2022-03-06 18:15:00,0.0007579253717297,7.574999999999998
340,2022-03-06 18:30:00,0.0009970719357133,7.579999999999999
341,2022-03-06 18:45:00,0.0010921230420144,7.566111111111111
342,2022-03-06 19:00:00,0.0012087440397767,7.552777777777777
343,2022-03-06 19:15:00,0.001374789196311,7.533888888888889
344,2022-03-06 19:30:00,0.0014963885229103,7.502777777777779
345,2022-03-06 19:45:00,0.0015856852949788,7.46388888888889
346,2022-03-06 20:00:00,0.0017264745540289,7.425000000000001
347,2022-03-06 20:15:00,0.0020054014524123,7.3922222222222205
348,2022-03-06 20:30:00,0.0021547439718092,7.3599999999999985
349,2022-03-06 20:45:00,0.0025187442489073,7.327222222222222
350,2022-03-06 21:00:00,0.0029093319844407,7.297222222222221
351,2022-03-06 21:15:00,0.0031990663885229,7.26888888888889
352,2022-03-06 21:30:00,0.0035463981952025,7.238888888888889
353,2022-03-06 21:45:00,0.0037493560083234,7.207222222222222
354,2022-03-06 22:00:00,0.0042127362130623,7.173888888888887
355,2022-03-06 22:15:00,0.0046095194177803,7.139999999999998
356,2022-03-06 22:30:00,0.0050353215645063,7.107222222222221
357,2022-03-06 22:45:00,0.0053775417738461,7.066111111111112
358,2022-03-06 23:00:00,0.005666446556664,7.0150000000000015
359,2022-03-06 23:15:00,0.0058748616339377,6.967777777777778
360,2022-03-06 23:30:00,0.0059991502760525,6.912777777777777
361,2022-03-06 23:45:00,0.0063807306501872,6.864999999999999
362,2022-03-07 00:00:00,0.0066360150417216,6.8050000000000015
363,2022-03-07 00:15:00,0.0069522656429722,6.749999999999999
364,2022-03-07 00:30:00,0.0072905899575465,6.69
365,2022-03-07 00:45:00,0.0075291644969363,6.62611111111111
366,2022-03-07 01:00:00,0.0079558489919903,6.561111111111112
367,2022-03-07 01:15:00,0.0079812138988226,6.495000000000001
368,2022-03-07 01:30:00,0.0084365486124182,6.429999999999999
369,2022-03-07 01:45:00,0.008759072165757,6.36
370,2022-03-07 02:00:00,0.0090221854152289,6.295000000000002
371,2022-03-07 02:15:00,0.009218624469331,6.236111111111112
372,2022-03-07 02:30:00,0.009500735695464,6.1772222222222215
373,2022-03-07 02:45:00,0.0098430754229668,6.122777777777778
374,2022-03-07 03:00:00,0.0099597815630425,6.0522222222222215
375,2022-03-07 03:15:00,0.010028383524688,5.9927777777777775
376,2022-03-07 03:30:00,0.0100167362810298,5.932777777777779
377,2022-03-07 03:45:00,0.0098756330646005,5.8788888888888895
378,2022-03-07 04:00:00,0.0098153651421043,5.8227777777777785
379,2022-03-07 04:15:00,0.0097840521676392,5.767222222222222
380,2022-03-07 04:30:00,0.0099368260765001,5.72
381,2022-03-07 04:45:00,0.0096832737310999,5.6688888888888895
382,2022-03-07 05:00:00,0.0097627678179309,5.616111111111112
383,2022-03-07 05:15:00,0.0096933567036829,5.56611111111111
384,2022-03-07 05:30:00,0.0097066594516595,5.512222222222221
385,2022-03-07 05:45:00,0.0097519359746534,5.467222222222222
386,2022-03-07 06:00:00,0.0096064579542841,5.415
387,2022-03-07 06:15:00,0.0097899747213335,5.366111111111111
388,2022-03-07 06:30:00,0.0098193795093796,5.316111111111113
389,2022-03-07 06:45:00,0.0098152617270009,5.26111111111111
390,2022-03-07 07:00:00,0.0097223885595082,5.213888888888888
391,2022-03-07 07:15:00,0.0096592103226887,5.16388888888889
392,2022-03-07 07:30:00,0.0094684064767761,5.118888888888888
393,2022-03-07 07:45:00,0.0094090339994145,5.081111111111111
394,2022-03-07 08:00:00,0.0092710013436644,5.050000000000002
395,2022-03-07 08:15:00,0.0091261170190518,5.026111111111109
396,2022-03-07 08:30:00,0.0088751309680658,5.01277777777778
397,2022-03-07 08:45:00,0.0087189568563482,5.006111111111113
398,2022-03-07 09:00:00,0.0085103262960872,5.007777777777779
399,2022-03-07 09:15:00,0.0082847235815714,5.022777777777776
400,2022-03-07 09:30:00,0.0080905705606793,5.047222222222223
401,2022-03-07 09:45:00,0.0081385291841814,5.077222222222224
402,2022-03-07 10:00:00,0.0079855751615535,5.122777777777776
403,2022-03-07 10:15:00,0.0079070458728068,5.167777777777777
404,2022-03-07 10:30:00,0.0077171533920991,5.222222222222221
405,2022-03-07 10:45:00,0.0076300146914278,5.27888888888889
406,2022-03-07 11:00:00,0.0074404131637284,5.353888888888889
407,2022-03-07 11:15:00,0.0073035947727796,5.413888888888887
408,2022-03-07 11:30:00,0.007084739763055,5.482777777777778
409,2022-03-07 11:45:00,0.0067997429522973,5.571111111111111
410,2022-03-07 12:00:00,0.006537202746931,5.65611111111111
411,2022-03-07 12:15:00,0.0063117465284313,5.7361111111111125
412,2022-03-07 12:30:00,0.0060068439310287,5.799999999999999
413,2022-03-07 12:45:00,0.0056118758495933,5.872222222222223
414,2022-03-07 13:00:00,0.0052256964834682,5.9461111111111125
415,2022-03-07 13:15:00,0.0048620288548006,6.01888888888889
416,2022-03-07 13:30:00,0.0044601355166573,6.092222222222222
417,2022-03-07 13:45:00,0.0040519624035385,6.166111111111109
418,2022-03-07 14:00:00,0.0037016897233202,6.238888888888887
419,2022-03-07 14:15:00,0.0033447809095092,6.29611111111111
420,2022-03-07 14:30:00,0.0028967058525211,6.366111111111112
421,2022-03-07 14:45:00,0.0026127384612168,6.424999999999999
422,2022-03-07 15:00:00,0.0022544473461322,6.492777777777777
423,2022-03-07 15:15:00,0.0019758734602757,6.54722222222222
424,2022-03-07 15:30:00,0.001766513792166,6.596111111111109
425,2022-03-07 15:45:00,0.0014716923113119,6.63888888888889
426,2022-03-07 16:00:00,0.0012437639071879,6.659999999999999
427,2022-03-07 16:15:00,0.0009721160361378,6.682222222222221
428,2022-03-07 16:30:00,0.0008084645366711,6.69
429,2022-03-07 16:45:00,0.0007538284239915,6.705000000000001
430,2022-03-07 17:00:00,0.0006954136604137,6.723888888888889
431,2022-03-07 17:15:00,0.0006170749942489,6.73888888888889
432,2022-03-07 17:30:00,0.0006241058880733,6.736111111111111
433,2022-03-07 17:45:00,0.0006980178858983,6.72888888888889
434,2022-03-07 18:00:00,0.000872367751009,6.731111111111111
435,2022-03-07 18:15:00,0.0009471850753916,6.723888888888889
436,2022-03-07 18:30:00,0.0010600462701549,6.72888888888889
437,2022-03-07 18:45:00,0.0012167829433047,6.719999999999998
438,2022-03-07 19:00:00,0.0013575370945479,6.715000000000002
439,2022-03-07 19:15:00,0.0016151958769893,6.703888888888889
440,2022-03-07 19:30:00,0.0018011652236652,6.691111111111109
441,2022-03-07 19:45:00,0.0019154582575235,6.673888888888888
442,2022-03-07 20:00:00,0.0021294252044252,6.647777777777778
443,2022-03-07 20:15:00,0.0023298199123743,6.624999999999998
444,2022-03-07 20:30:00,0.0024559700263505,6.596111111111109
445,2022-03-07 20:45:00,0.00265996993747,6.568888888888887
446,2022-03-07 21:00:00,0.0029047809617919,6.537222222222224
447,2022-03-07 21:15:00,0.0030482728945773,6.512222222222222
448,2022-03-07 21:30:00,0.0033198433350064,6.485000000000001
449,2022-03-07 21:45:00,0.0035079472520234,6.444999999999999
450,2022-03-07 22:00:00,0.0038400666865341,6.40111111111111
451,2022-03-07 22:15:00,0.0041482219189828,6.3611111111111125
452,2022-03-07 22:30:00,0.0043543385981973,6.314999999999999
453,2022-03-07 22:45:00,0.0046577695432587,6.263888888888888
454,2022-03-07 23:00:00,0.0049248223173767,6.209999999999998
455,2022-03-07 23:15:00,0.0052079969205513,6.161111111111113
456,2022-03-07 23:30:00,0.0054062660246356,6.107222222222223
457,2022-03-07 23:45:00,0.0055994832643203,6.053888888888888
458,2022-03-08 00:00:00,0.0059883092833093,5.997777777777777
459,2022-03-08 00:15:00,0.006177095724324,5.933888888888887
460,2022-03-08 00:30:00,0.0065528122059101,5.8788888888888895
461,2022-03-08 00:45:00,0.0069086936392915,5.828888888888887
462,2022-03-08 01:00:00,0.0071515126942301,5.772777777777777
463,2022-03-08 01:15:00,0.0073835453918063,5.703888888888891
464,2022-03-08 01:30:00,0.0077028249890207,5.635000000000001
465,2022-03-08 01:45:00,0.0078922309272853,5.5777777777777775
466,2022-03-08 02:00:00,0.0080343470157057,5.52
467,2022-03-08 02:15:00,0.0082735892569589,5.453888888888889
468,2022-03-08 02:30:00,0.0084656079689232,5.387777777777778
469,2022-03-08 02:45:00,0.0087141111163394,5.337777777777776
470,2022-03-08 03:00:00,0.0087934246972835,5.282222222222224
471,2022-03-08 03:15:00,0.0088687050107703,5.228888888888888
472,2022-03-08 03:30:00,0.0090201277526822,5.182222222222224
473,2022-03-08 03:45:00,0.0090711381935296,5.137222222222222
474,2022-03-08 04:00:00,0.0091851441171551,5.081111111111111
475,2022-03-08 04:15:00,0.009159345211954,5.035000000000001
476,2022-03-08 04:30:00,0.0092616756592844,4.98722222222222
477,2022-03-08 04:45:00,0.0094943571324007,4.942222222222223
478,2022-03-08 05:00:00,0.0096270552575444,4.90277777777778
479,2022-03-08 05:15:00,0.0097816145931364,4.867222222222224
480,2022-03-08 05:30:00,0.009793903920154,4.828888888888889
481,2022-03-08 05:45:00,0.0097845557803711,4.784999999999999
482,2022-03-08 06:00:00,0.0098644980080307,4.747777777777777
483,2022-03-08 06:15:00,0.009951566388523,4.710000000000001
484,2022-03-08 06:30:00,0.0099052240312024,4.667777777777778
485,2022-03-08 06:45:00,0.0097588774912689,4.623888888888889
486,2022-03-08 07:00:00,0.009753759646151,4.578888888888887
487,2022-03-08 07:15:00,0.009892899125834,4.547222222222223
488,2022-03-08 07:30:00,0.0099215529780204,4.513888888888888
489,2022-03-08 07:45:00,0.0098701198057177,4.4861111111111125
490,2022-03-08 08:00:00,0.0098490029957965,4.463888888888887
491,2022-03-08 08:15:00,0.009859439503733,4.451111111111112
492,2022-03-08 08:30:00,0.0098012223686137,4.441111111111111
493,2022-03-08 08:45:00,0.0098422511345338,4.43888888888889
494,2022-03-08 09:00:00,0.0097716182529226,4.451111111111112
495,2022-03-08 09:15:00,0.0097767251971057,4.48277777777778
496,2022-03-08 09:30:00,0.0097535194857478,4.525000000000001
497,2022-03-08 09:45:00,0.0097011997040802,4.571111111111112
498,2022-03-08 10:00:00,0.0095588509316771,4.63111111111111
499,2022-03-08 10:15:00,0.0094255858272163,4.707222222222222
500,2022-03-08 10:30:00,0.009209249665391,4.791111111111112
501,2022-03-08 10:45:00,0.008966934118619,4.883888888888887
502,2022-03-08 11:00:00,0.0085752757387541,4.995
503,2022-03-08 11:15:00,0.008088000292783,5.10777777777778
504,2022-03-08 11:30:00,0.0076206728255642,5.232222222222222
505,2022-03-08 11:45:00,0.0073281684076794,5.358888888888889
506,2022-03-08 12:00:00,0.0069482504391744,5.487777777777778
507,2022-03-08 12:15:00,0.006341627846791,5.613888888888887
508,2022-03-08 12:30:00,0.0058734774766297,5.741111111111112
509,2022-03-08 12:45:00,0.005296082224941,5.863888888888889
510,2022-03-08 13:00:00,0.0048202642365686,5.98111111111111
511,2022-03-08 13:15:00,0.0042979822291236,6.098888888888889
512,2022-03-08 13:30:00,0.0038439045998285,6.212777777777777
513,2022-03-08 13:45:00,0.0034651066827697,6.3277777777777775
514,2022-03-08 14:00:00,0.0030592939749462,6.44222222222222
515,2022-03-08 14:15:00,0.0027765639312379,6.549999999999999
516,2022-03-08 14:30:00,0.002469660188845,6.652777777777779
517,2022-03-08 14:45:00,0.0021876753560449,6.751111111111111
518,2022-03-08 15:00:00,0.0019289366490997,6.853888888888891
519,2022-03-08 15:15:00,0.001631385019972,6.952222222222224
520,2022-03-08 15:30:00,0.0013285851266286,7.037222222222223
521,2022-03-08 15:45:00,0.0010613134972918,7.117777777777777
522,2022-03-08 16:00:00,0.0007732594317921,7.185
523,2022-03-08 16:15:00,0.0005328631553632,7.247777777777777
524,2022-03-08 16:30:00,0.0003246156440178,7.305000000000001
525,2022-03-08 16:45:00,7.44708733296293e-05,7.3677777777777775
526,2022-03-08 17:00:00,-0.0001568270960118,7.426111111111109
527,2022-03-08 17:15:00,-0.0003122147458016,7.477777777777778
528,2022-03-08 17:30:00,-0.0005586002886002,7.525
529,2022-03-08 17:45:00,-0.0006322258558671,7.571111111111111
530,2022-03-08 18:00:00,-0.0007142999874521,7.607777777777779
531,2022-03-08 18:15:00,-0.0006462954597736,7.64111111111111
532,2022-03-08 18:30:00,-0.0005137394650437,7.659999999999998
533,2022-03-08 18:45:00,-0.0003953082847104,7.66611111111111
534,2022-03-08 19:00:00,-0.000196926537633,7.664999999999998
535,2022-03-08 19:15:00,-4.634282786450637e-05,7.652222222222223
536,2022-03-08 19:30:00,6.068749085059227e-05,7.647222222222222
537,2022-03-08 19:45:00,0.0002032562686911,7.635000000000001
538,2022-03-08 20:00:00,0.0003931175627915,7.616111111111112
539,2022-03-08 20:15:00,0.0005465891314804,7.607222222222221
540,2022-03-08 20:30:00,0.0007245379519836,7.588888888888887
541,2022-03-08 20:45:00,0.000795943806596,7.571111111111111
542,2022-03-08 21:00:00,0.0009792963799485,7.545000000000002
543,2022-03-08 21:15:00,0.0010533703755986,7.516111111111113
544,2022-03-08 21:30:00,0.0011274919223289,7.483888888888886
545,2022-03-08 21:45:00,0.001252420112094,7.4527777777777775
546,2022-03-08 22:00:00,0.0013920156272873,7.417777777777776
547,2022-03-08 22:15:00,0.0015865347836543,7.396111111111113
548,2022-03-08 22:30:00,0.0018408150082607,7.372777777777778
549,2022-03-08 22:45:00,0.0021410636907376,7.337777777777776
550,2022-03-08 23:00:00,0.0024256698715938,7.297222222222221
551,2022-03-08 23:15:00,0.0026717024802894,7.256111111111111
552,2022-03-08 23:30:00,0.0029783753685928,7.211111111111109
553,2022-03-08 23:45:00,0.0032326918250831,7.159999999999998
554,2022-03-09 00:00:00,0.0035420619758663,7.105
555,2022-03-09 00:15:00,0.0038160255243951,7.052777777777778
556,2022-03-09 00:30:00,0.004083161898488,7.0011111111111095
557,2022-03-09 00:45:00,0.0044515798513081,6.932777777777777
558,2022-03-09 01:00:00,0.0047365482987222,6.864999999999999
559,2022-03-09 01:15:00,0.0050853395758831,6.8022222222222215
560,2022-03-09 01:30:00,0.005376550102474,6.737222222222224
561,2022-03-09 01:45:00,0.0057826895769287,6.6772222222222215
562,2022-03-09 02:00:00,0.0059991086067717,6.613888888888889
563,2022-03-09 02:15:00,0.0063090396459418,6.555
564,2022-03-09 02:30:00,0.0066358993663342,6.502777777777776
565,2022-03-09 02:45:00,0.0069812815264446,6.443888888888887
566,2022-03-09 03:00:00,0.0072883259353368,6.387777777777776
567,2022-03-09 03:15:00,0.0076241886253843,6.341111111111112
568,2022-03-09 03:30:00,0.0078529401677228,6.2911111111111095
569,2022-03-09 03:45:00,0.0080504614729072,6.239999999999999
570,2022-03-09 04:00:00,0.0083714575621641,6.190000000000001
571,2022-03-09 04:15:00,0.0086542351046699,6.138888888888888
572,2022-03-09 04:30:00,0.0089422415406655,6.093888888888889
573,2022-03-09 04:45:00,0.0092397912353348,6.0522222222222215
574,2022-03-09 05:00:00,0.0094513408934062,6.00888888888889
575,2022-03-09 05:15:00,0.0096594760493131,5.967777777777776
576,2022-03-09 05:30:00,0.0099072237384195,5.92222222222222
577,2022-03-09 05:45:00,0.0101556854518269,5.87111111111111
578,2022-03-09 06:00:00,0.0104781864713388,5.826111111111112
579,2022-03-09 06:15:00,0.0106747696687372,5.78388888888889
580,2022-03-09 06:30:00,0.0109707105475041,5.743888888888888
581,2022-03-09 06:45:00,0.0110929396448963,5.701111111111112
582,2022-03-09 07:00:00,0.0112528357853902,5.658888888888889
583,2022-03-09 07:15:00,0.011465129164314,5.621111111111112
584,2022-03-09 07:30:00,0.0115626692912563,5.587222222222223
585,2022-03-09 07:45:00,0.0117406675188741,5.562222222222222
586,2022-03-09 08:00:00,0.0119537737363282,5.547222222222222
587,2022-03-09 08:15:00,0.0120201294518687,5.543888888888889
588,2022-03-09 08:30:00,0.0121629495786018,5.5550000000000015
589,2022-03-09 08:45:00,0.0123571560846562,5.576111111111111
590,2022-03-09 09:00:00,0.0124427862214276,5.611111111111112
591,2022-03-09 09:15:00,0.0125690865696301,5.65611111111111
592,2022-03-09 09:30:00,0.0125163319792125,5.711111111111111
593,2022-03-09 09:45:00,0.0124630816446035,5.781111111111111
594,2022-03-09 10:00:00,0.0124106430244475,5.862777777777776
595,2022-03-09 10:15:00,0.0122394537246168,5.962777777777776
596,2022-03-09 10:30:00,0.0120915066555828,6.077777777777777
597,2022-03-09 10:45:00,0.011787172919673,6.207222222222223
598,2022-03-09 11:00:00,0.0113978354978356,6.3472222222222205
599,2022-03-09 11:15:00,0.0110138864577452,6.492777777777777
600,2022-03-09 11:30:00,0.0105640832496811,6.647777777777778
601,2022-03-09 11:45:00,0.0100424654150198,6.796111111111109
602,2022-03-09 12:00:00,0.0094137847418283,6.936111111111111
603,2022-03-09 12:15:00,0.0087349605788737,7.07722222222222
604,2022-03-09 12:30:00,0.0081410160612335,7.213888888888889
605,2022-03-09 12:45:00,0.0074154366909258,7.357222222222223
606,2022-03-09 13:00:00,0.0066560625143778,7.493888888888887
607,2022-03-09 13:15:00,0.0060487553328314,7.628888888888889
608,2022-03-09 13:30:00,0.0054018978083109,7.762777777777777
609,2022-03-09 13:45:00,0.0046810989553925,7.897777777777778
610,2022-03-09 14:00:00,0.004090992926156,8.031111111111112
611,2022-03-09 14:15:00,0.0034255251009056,8.156111111111109
612,2022-03-09 14:30:00,0.0030108901123032,8.27611111111111
613,2022-03-09 14:45:00,0.0025964204676161,8.38888888888889
614,2022-03-09 15:00:00,0.0021377265930527,8.50611111111111
615,2022-03-09 15:15:00,0.0017825941610725,8.612222222222224
616,2022-03-09 15:30:00,0.0014222932482172,8.69888888888889
617,2022-03-09 15:45:00,0.0012114411192672,8.795000000000002
618,2022-03-09 16:00:00,0.0011106751260012,8.86777777777778
619,2022-03-09 16:15:00,0.0009272417759375,8.93888888888889
620,2022-03-09 16:30:00,0.0007271351454504,8.997777777777776
621,2022-03-09 16:45:00,0.0005263051843487,9.06277777777778
622,2022-03-09 17:00:00,0.0005001203285443,9.12111111111111
623,2022-03-09 17:15:00,0.0004619575151097,9.176111111111112
624,2022-03-09 17:30:00,0.0002894220674656,9.217222222222222
625,2022-03-09 17:45:00,0.0002479261559696,9.252777777777778
626,2022-03-09 18:00:00,0.0001851216094694,9.27777777777778
627,2022-03-09 18:15:00,0.0001271894932765,9.295
628,2022-03-09 18:30:00,9.143424409734872e-05,9.305
629,2022-03-09 18:45:00,0.0001782270165422,9.307777777777776
630,2022-03-09 19:00:00,0.0002610084541063,9.29611111111111
631,2022-03-09 19:15:00,0.0003884825741891,9.282222222222222
632,2022-03-09 19:30:00,0.0004826347847,9.26777777777778
633,2022-03-09 19:45:00,0.0005539689075015,9.252777777777778
634,2022-03-09 20:00:00,0.000687996423866,9.237222222222224
635,2022-03-09 20:15:00,0.0008347139877031,9.219999999999995
636,2022-03-09 20:30:00,0.00099227955016,9.198888888888888
637,2022-03-09 20:45:00,0.0011276427055231,9.176111111111112
638,2022-03-09 21:00:00,0.0011761748436748,9.15722222222222
639,2022-03-09 21:15:00,0.0013208569389547,9.14
640,2022-03-09 21:30:00,0.0014678170420561,9.112222222222222
641,2022-03-09 21:45:00,0.0016652149078779,9.083888888888888
642,2022-03-09 22:00:00,0.0017487945448271,9.04722222222222
643,2022-03-09 22:15:00,0.0017722942154464,9.008888888888889
644,2022-03-09 22:30:00,0.001861820142418,8.97
645,2022-03-09 22:45:00,0.0019627379383901,8.922222222222222
646,2022-03-09 23:00:00,0.0021781370903654,8.872222222222222
647,2022-03-09 23:15:00,0.0022693796923688,8.82611111111111
648,2022-03-09 23:30:00,0.00244086391869,8.767777777777775
649,2022-03-09 23:45:00,0.0026080872649894,8.706111111111111
650,2022-03-10 00:00:00,0.0026923757241149,8.641111111111112
651,2022-03-10 00:15:00,0.00289934395717,8.567222222222222
652,2022-03-10 00:30:00,0.0030987899178117,8.497777777777777
653,2022-03-10 00:45:00,0.0032499179162223,8.43
654,2022-03-10 01:00:00,0.0034623524583307,8.361111111111109
655,2022-03-10 01:15:00,0.0036540010090554,8.29388888888889
656,2022-03-10 01:30:00,0.0038850336438924,8.22722222222222
657,2022-03-10 01:45:00,0.0041215050348203,8.157222222222222
658,2022-03-10 02:00:00,0.004378364153962,8.092222222222224
659,2022-03-10 02:15:00,0.0046438374688919,8.026111111111112
660,2022-03-10 02:30:00,0.0049488283455675,7.95611111111111
661,2022-03-10 02:45:00,0.0051742205700902,7.88388888888889
662,2022-03-10 03:00:00,0.00537357336303,7.814999999999999
663,2022-03-10 03:15:00,0.0055975968797708,7.747777777777776
664,2022-03-10 03:30:00,0.0058688209214297,7.687777777777778
665,2022-03-10 03:45:00,0.0061366436100132,7.627222222222222
666,2022-03-10 04:00:00,0.0063316479233328,7.572222222222224
667,2022-03-10 04:15:00,0.0066213281887195,7.517222222222221
668,2022-03-10 04:30:00,0.0068075175146915,7.457777777777777
669,2022-03-10 04:45:00,0.0070262672532782,7.395
670,2022-03-10 05:00:00,0.007207160267269,7.3372222222222225
671,2022-03-10 05:15:00,0.0073587558295167,7.282777777777778
672,2022-03-10 05:30:00,0.0075040866480541,7.227777777777776
673,2022-03-10 05:45:00,0.0077219350858482,7.169999999999999
674,2022-03-10 06:00:00,0.0078657626471758,7.117777777777777
675,2022-03-10 06:15:00,0.0080536163393773,7.062777777777778
676,2022-03-10 06:30:00,0.0082352816466948,7.010000000000001
677,2022-03-10 06:45:00,0.0084761063011064,6.957777777777778
678,2022-03-10 07:00:00,0.0087300111100655,6.91111111111111
679,2022-03-10 07:15:00,0.0088934399376791,6.86222222222222
680,2022-03-10 07:30:00,0.0091150693790912,6.818888888888889
681,2022-03-10 07:45:00,0.0092657359568773,6.785
682,2022-03-10 08:00:00,0.0093472635778071,6.758888888888887
683,2022-03-10 08:15:00,0.0095188878955184,6.747222222222224
684,2022-03-10 08:30:00,0.0097100779795889,6.751111111111111
685,2022-03-10 08:45:00,0.0097892597036619,6.777222222222221
686,2022-03-10 09:00:00,0.0098254472781647,6.807777777777776
687,2022-03-10 09:15:00,0.0097425662421315,6.844999999999999
688,2022-03-10 09:30:00,0.0096673029466508,6.897222222222221
689,2022-03-10 09:45:00,0.0093804610023632,6.959999999999999
690,2022-03-10 10:00:00,0.0092228030041617,7.036111111111111
691,2022-03-10 10:15:00,0.0089736554206663,7.1288888888888895
692,2022-03-10 10:30:00,0.0086213034851622,7.23611111111111
693,2022-03-10 10:45:00,0.0081900578246231,7.351111111111111
694,2022-03-10 11:00:00,0.0078390329276199,7.474999999999999
695,2022-03-10 11:15:00,0.0073779572118703,7.5972222222222205
696,2022-03-10 11:30:00,0.0069166739339566,7.712777777777779
697,2022-03-10 11:45:00,0.0063522071909572,7.848888888888888
698,2022-03-10 12:00:00,0.0056531112104482,7.992222222222224
699,2022-03-10 12:15:00,0.0049721040895498,8.123888888888887
700,2022-03-10 12:30:00,0.0042865813675053,8.25111111111111
701,2022-03-10 12:45:00,0.0035666776721668,8.382777777777777
702,2022-03-10 13:00:00,0.0030244755003451,8.52
703,2022-03-10 13:15:00,0.0023602124767342,8.628888888888886
704,2022-03-10 13:30:00,0.001754375274484,8.738888888888887
705,2022-03-10 13:45:00,0.0011857187558818,8.853888888888887
706,2022-03-10 14:00:00,0.0007423418188092,8.96777777777778
707,2022-03-10 14:15:00,0.0002980735669322,9.07
708,2022-03-10 14:30:00,-4.821561892211057e-05,9.166111111111112
709,2022-03-10 14:45:00,-0.000185023344208,9.27777777777778
710,2022-03-10 15:00:00,-0.0004283021728673,9.383888888888889
711,2022-03-10 15:15:00,-0.0005245309983896,9.481111111111112
712,2022-03-10 15:30:00,-0.0004816184359118,9.57222222222222
713,2022-03-10 15:45:00,-0.000411561578518,9.648888888888887
714,2022-03-10 16:00:00,-0.0003170655049458,9.715000000000002
715,2022-03-10 16:15:00,-0.0003088048445113,9.76777777777778
716,2022-03-10 16:30:00,-0.0002375985789572,9.813888888888888
717,2022-03-10 16:45:00,-0.0002194518947235,9.859999999999998
718,2022-03-10 17:00:00,-0.00023349752703,9.9
719,2022-03-10 17:15:00,-0.0001432342576907,9.937222222222225
720,2022-03-10 17:30:00,-0.0001347516835016,9.96388888888889
721,2022-03-10 17:45:00,-0.0001187480916827,9.981111111111112
722,2022-03-10 18:00:00,-0.000200500867892,9.99222222222222
723,2022-03-10 18:15:00,-0.0001796961070329,10.006111111111112
724,2022-03-10 18:30:00,-0.00018637103436,10.002777777777778
725,2022-03-10 18:45:00,-0.0001346730765208,9.98722222222222
726,2022-03-10 19:00:00,-0.0001547276857602,9.98
727,2022-03-10 19:15:00,-0.0001335652069347,9.94888888888889
728,2022-03-10 19:30:00,-9.472352928868594e-05,9.915
729,2022-03-10 19:45:00,-6.918209005159501e-05,9.886111111111113
730,2022-03-10 20:00:00,-3.5013541209128984e-05,9.852222222222222
731,2022-03-10 20:15:00,0.0001457573143443,9.822777777777777
732,2022-03-10 20:30:00,0.0002361556559383,9.791111111111112
733,2022-03-10 20:45:00,0.0003430567580567,9.75388888888889
734,2022-03-10 21:00:00,0.0003185335497835,9.715000000000002
735,2022-03-10 21:15:00,0.0003996583066692,9.673888888888888
736,2022-03-10 21:30:00,0.0004357803187151,9.632222222222223
737,2022-03-10 21:45:00,0.0004543144958906,9.59722222222222
738,2022-03-10 22:00:00,0.0005192788129744,9.54888888888889
739,2022-03-10 22:15:00,0.0006830600257231,9.51722222222222
740,2022-03-10 22:30:00,0.0007223794361838,9.486111111111112
741,2022-03-10 22:45:00,0.0006470453761215,9.437777777777775
742,2022-03-10 23:00:00,0.0007256365152561,9.388888888888888
743,2022-03-10 23:15:00,0.0006527033795512,9.347222222222223
744,2022-03-10 23:30:00,0.000631483259092,9.298888888888888
745,2022-03-10 23:45:00,0.0005918939916766,9.247222222222224
746,2022-03-11 00:00:00,0.0004785248970032,9.185
747,2022-03-11 00:15:00,0.0004113709036535,9.122777777777776
748,2022-03-11 00:30:00,0.000437827864567,9.061111111111112
749,2022-03-11 00:45:00,0.0003961215153607,9.00111111111111
750,2022-03-11 01:00:00,0.0004369614363093,8.937222222222223
751,2022-03-11 01:15:00,0.000411969723111,8.871111111111112
752,2022-03-11 01:30:00,0.0003216705617249,8.80111111111111
753,2022-03-11 01:45:00,0.0002515607158542,8.74
754,2022-03-11 02:00:00,0.0001951375033984,8.675
755,2022-03-11 02:15:00,0.0002434930568626,8.604999999999999
756,2022-03-11 02:30:00,0.000239543755359,8.54222222222222
757,2022-03-11 02:45:00,0.0002904774191187,8.48388888888889
758,2022-03-11 03:00:00,0.0003847523108936,8.431111111111113
759,2022-03-11 03:15:00,0.0003069108789761,8.375000000000002
760,2022-03-11 03:30:00,0.0002386989982642,8.323888888888886
761,2022-03-11 03:45:00,0.0002173703390008,8.265
762,2022-03-11 04:00:00,7.735522931178039e-05,8.218888888888888
763,2022-03-11 04:15:00,0.0001455439749461,8.187222222222223
764,2022-03-11 04:30:00,8.688094715271507e-05,8.156111111111109
765,2022-03-11 04:45:00,0.0001234090647677,8.107222222222225
766,2022-03-11 05:00:00,0.0001801621808143,8.07111111111111
767,2022-03-11 05:15:00,0.0002720534276512,8.035
768,2022-03-11 05:30:00,0.000244788568919,7.99888888888889
769,2022-03-11 05:45:00,0.0002320916201351,7.976111111111111
770,2022-03-11 06:00:00,0.000255107414727,7.942777777777776
771,2022-03-11 06:15:00,0.0002097659305268,7.912222222222221
772,2022-03-11 06:30:00,0.0002227055492816,7.882222222222223
773,2022-03-11 06:45:00,0.0001923875661376,7.853888888888889
774,2022-03-11 07:00:00,0.0002297108768848,7.822777777777779
775,2022-03-11 07:15:00,0.0002792452736475,7.784999999999998
776,2022-03-11 07:30:00,0.0003016148545496,7.7572222222222225
777,2022-03-11 07:45:00,0.0003602655959178,7.732222222222221
778,2022-03-11 08:00:00,0.0003374828774285,7.723888888888888
779,2022-03-11 08:15:00,0.0002831549971767,7.726111111111109
780,2022-03-11 08:30:00,0.0001130132588828,7.740000000000001
781,2022-03-11 08:45:00,-2.1328450132379365e-06,7.767777777777777
782,2022-03-11 09:00:00,-0.0002430339628165,7.812777777777779
783,2022-03-11 09:15:00,-0.0004900567005457,7.835000000000001
784,2022-03-11 09:30:00,-0.0005495745759875,7.887777777777778
785,2022-03-11 09:45:00,-0.0007381865497625,7.981111111111111
786,2022-03-11 10:00:00,-0.0009868010331053,8.065000000000001
787,2022-03-11 10:15:00,-0.0011988878432356,8.115
788,2022-03-11 10:30:00,-0.0014361479965283,8.156111111111109
789,2022-03-11 10:45:00,-0.0016029630413869,8.19888888888889
790,2022-03-11 11:00:00,-0.001822311991551,8.355
791,2022-03-11 11:15:00,-0.001960753027166,8.445
792,2022-03-11 11:30:00,-0.002126809633603,8.562777777777775
793,2022-03-11 11:45:00,-0.0022078934793064,8.641111111111112
794,2022-03-11 12:00:00,-0.0021968471202709,8.677777777777775
795,2022-03-11 12:15:00,-0.0021681759625237,8.707777777777777
796,2022-03-11 12:30:00,-0.0020625785808393,8.738888888888887
797,2022-03-11 12:45:00,-0.0019476598542358,8.777777777777777
798,2022-03-11 13:00:00,-0.00184090007215,8.86
799,2022-03-11 13:15:00,-0.0031193485580441,8.947222222222221
800,2022-03-11 13:30:00,-0.0025389368059476,8.973888888888888
801,2022-03-11 13:45:00,-0.0019232975458518,8.997777777777776
802,2022-03-11 14:00:00,-0.0010485169500386,9.017777777777775
803,2022-03-11 14:15:00,-6.375433946081207e-05,9.05
804,2022-03-11 14:30:00,0.0007183553181923,9.066111111111113
805,2022-03-11 14:45:00,0.0014634195735826,9.083888888888888
806,2022-03-11 15:00:00,0.0022530246826442,9.137222222222224
807,2022-03-11 15:15:00,0.0029525090449003,9.151111111111112
808,2022-03-11 15:30:00,0.0035637826505218,9.19611111111111
809,2022-03-11 15:45:00,0.004022570477027,9.232777777777777
810,2022-03-11 16:00:00,0.0044731998818412,9.251111111111111
811,2022-03-11 16:15:00,0.0047035547765439,9.265
812,2022-03-11 16:30:00,0.0049106415605329,9.30111111111111
813,2022-03-11 16:45:00,0.0049772491477926,9.31611111111111
814,2022-03-11 17:00:00,0.0049213891764435,9.327777777777778
815,2022-03-11 17:15:00,0.0047060043760587,9.341111111111111
816,2022-03-11 17:30:00,0.0043979632505176,9.358888888888886
817,2022-03-11 17:45:00,0.0038017601219232,9.375
818,2022-03-11 18:00:00,0.0029754292145053,9.388888888888888
819,2022-03-11 18:15:00,0.0041185807610264,9.403888888888888
820,2022-03-11 18:30:00,0.0042271133174394,9.417777777777776
821,2022-03-11 18:45:00,0.0043788550358659,9.429999999999998
822,2022-03-11 19:00:00,0.0045214102986386,9.442777777777778
823,2022-03-11 19:15:00,0.0045968643735492,9.45
824,2022-03-11 19:30:00,0.0046923217945501,9.457777777777778
825,2022-03-11 19:45:00,0.0048568645303971,9.46277777777778
826,2022-03-11 20:00:00,0.0050679412918,9.46277777777778
827,2022-03-11 20:15:00,0.0050994430066713,9.461111111111112
828,2022-03-11 20:30:00,0.0052618924493381,9.454999999999998
829,2022-03-11 20:45:00,0.0053913558723885,9.446111111111112
830,2022-03-11 21:00:00,0.0054515760608152,9.432777777777778
831,2022-03-11 21:15:00,0.00547664256436,9.420000000000002
832,2022-03-11 21:30:00,0.0054799045057198,9.39222222222222
833,2022-03-11 21:45:00,0.005476545031056,9.366111111111111
834,2022-03-11 22:00:00,0.0054024626701801,9.33888888888889
835,2022-03-11 22:15:00,0.0055011075297489,9.31
836,2022-03-11 22:30:00,0.0053819048403288,9.298888888888888
837,2022-03-11 22:45:00,0.0053605624568669,9.273888888888887
838,2022-03-11 23:00:00,0.0053550968013469,9.251111111111111
839,2022-03-11 23:15:00,0.0052987806899221,9.23388888888889
840,2022-03-11 23:30:00,0.0052775360488948,9.19722222222222
841,2022-03-11 23:45:00,0.0052408044471632,9.16777777777778
842,2022-03-12 00:00:00,0.0052744620375599,9.15222222222222
843,2022-03-12 00:15:00,0.0053132117238639,9.13111111111111
844,2022-03-12 00:30:00,0.0054149740678002,9.102777777777776
845,2022-03-12 00:45:00,0.0055060638998683,9.07777777777778
846,2022-03-12 01:00:00,0.0054901731863145,9.055
847,2022-03-12 01:15:00,0.0056574891513479,9.027222222222225
848,2022-03-12 01:30:00,0.0057146920551269,8.99
849,2022-03-12 01:45:00,0.0057699298889517,8.95277777777778
850,2022-03-12 02:00:00,0.0058009590208504,8.917222222222223
851,2022-03-12 02:15:00,0.0058400252525253,8.88
852,2022-03-12 02:30:00,0.0059555120302404,8.841111111111111
853,2022-03-12 02:45:00,0.0061210268837443,8.802222222222223
854,2022-03-12 03:00:00,0.0063709086987892,8.76222222222222
855,2022-03-12 03:15:00,0.0064246681358095,8.719999999999999
856,2022-03-12 03:30:00,0.0065852688635841,8.677222222222222
857,2022-03-12 03:45:00,0.0067323833051007,8.632777777777779
858,2022-03-12 04:00:00,0.0067395855814878,8.58388888888889
859,2022-03-12 04:15:00,0.0067948467333794,8.535
860,2022-03-12 04:30:00,0.0069070352071439,8.487222222222222
861,2022-03-12 04:45:00,0.0070614152132087,8.438888888888888
862,2022-03-12 05:00:00,0.0071611725170965,8.382777777777777
863,2022-03-12 05:15:00,0.007237022319468,8.32722222222222
864,2022-03-12 05:30:00,0.0073265401164858,8.271111111111109
865,2022-03-12 05:45:00,0.0074090267321246,8.218888888888888
866,2022-03-12 06:00:00,0.0075191302517933,8.172777777777776
867,2022-03-12 06:15:00,0.0075769997333585,8.132222222222222
868,2022-03-12 06:30:00,0.0076826281709434,8.084999999999999
869,2022-03-12 06:45:00,0.0077452182801096,8.045
870,2022-03-12 07:00:00,0.0078554167450907,8.01222222222222
871,2022-03-12 07:15:00,0.0080830219378046,7.972777777777777
872,2022-03-12 07:30:00,0.0082879726352553,7.947777777777776
873,2022-03-12 07:45:00,0.0083931394430851,7.938888888888888
874,2022-03-12 08:00:00,0.0085369142773491,7.921111111111112
875,2022-03-12 08:15:00,0.0085508144592927,7.92
876,2022-03-12 08:30:00,0.0087064158406006,7.922777777777779
877,2022-03-12 08:45:00,0.008630288312734,7.933888888888888
878,2022-03-12 09:00:00,0.0087187497385867,7.953888888888889
879,2022-03-12 09:15:00,0.0087707373946505,7.97888888888889
880,2022-03-12 09:30:00,0.0086950305069327,8.023888888888887
881,2022-03-12 09:45:00,0.0087061201298702,8.081111111111111
882,2022-03-12 10:00:00,0.0086927223842985,8.146111111111109
883,2022-03-12 10:15:00,0.0085997027469311,8.217777777777778
884,2022-03-12 10:30:00,0.0084615398550725,8.262777777777776
885,2022-03-12 10:45:00,0.0082433184589163,8.29888888888889
886,2022-03-12 11:00:00,0.0080522979536567,8.317777777777778
887,2022-03-12 11:15:00,0.0078807271995316,8.33
888,2022-03-12 11:30:00,0.007554163843403,8.36611111111111
889,2022-03-12 11:45:00,0.0073049346728152,8.40888888888889
890,2022-03-12 12:00:00,0.0070043017650627,8.45277777777778
891,2022-03-12 12:15:00,0.00686652683669,8.492777777777777
892,2022-03-12 12:30:00,0.0065898935786437,8.551111111111112
893,2022-03-12 12:45:00,0.0063818258935107,8.59888888888889
894,2022-03-12 13:00:00,0.0060755446023381,8.601111111111111
895,2022-03-12 13:15:00,0.005887472708451,8.62111111111111
896,2022-03-12 13:30:00,0.0056057187558818,8.642777777777779
897,2022-03-12 13:45:00,0.0054816060972039,8.66
898,2022-03-12 14:00:00,0.005271072814062,8.677222222222222
899,2022-03-12 14:15:00,0.0050987006713094,8.706111111111111
900,2022-03-12 14:30:00,0.0050622906602255,8.781111111111109
901,2022-03-12 14:45:00,0.0049048457400088,8.814999999999998
902,2022-03-12 15:00:00,0.0047924066754502,8.853888888888887
903,2022-03-12 15:15:00,0.0046069256488279,8.892222222222221
904,2022-03-12 15:30:00,0.0044711408076626,8.905000000000001
905,2022-03-12 15:45:00,0.0045102488916076,8.91611111111111
906,2022-03-12 16:00:00,0.004534210035134,8.944999999999999
907,2022-03-12 16:15:00,0.0044167616642617,8.962222222222222
908,2022-03-12 16:30:00,0.0044611504538135,8.97611111111111
909,2022-03-12 16:45:00,0.0045698492168058,8.983888888888888
910,2022-03-12 17:00:00,0.0046707394859569,8.992777777777777
911,2022-03-12 17:15:00,0.0046390487169835,9.00111111111111
912,2022-03-12 17:30:00,0.004613266542234,9.005
913,2022-03-12 17:45:00,0.0046351190737604,9.005
914,2022-03-12 18:00:00,0.0047002403695339,9.005
915,2022-03-12 18:15:00,0.0047831956992283,9.007222222222223
916,2022-03-12 18:30:00,0.0047692598082272,9.00388888888889
917,2022-03-12 18:45:00,0.004683811536692,9.00388888888889
918,2022-03-12 19:00:00,0.0047877551916683,8.997777777777776
919,2022-03-12 19:15:00,0.0047912083045779,8.99111111111111
920,2022-03-12 19:30:00,0.0048043885019972,8.982222222222221
921,2022-03-12 19:45:00,0.0046873562488237,8.963888888888887
922,2022-03-12 20:00:00,0.004625947283393,8.95
923,2022-03-12 20:15:00,0.0047149170535584,8.94
924,2022-03-12 20:30:00,0.0047917120218751,8.92611111111111
925,2022-03-12 20:45:00,0.0048951482213439,8.91611111111111
926,2022-03-12 21:00:00,0.0049116528640442,8.902777777777777
927,2022-03-12 21:15:00,0.0050817155509547,8.89111111111111
928,2022-03-12 21:30:00,0.00512076567957,8.877777777777776
929,2022-03-12 21:45:00,0.0049675173578435,8.866111111111113
930,2022-03-12 22:00:00,0.0048949555858795,8.853888888888887
931,2022-03-12 22:15:00,0.0048313682372378,8.83722222222222
932,2022-03-12 22:30:00,0.0048801235177866,8.822777777777778
933,2022-03-12 22:45:00,0.0048796265188113,8.80388888888889
934,2022-03-12 23:00:00,0.0048477550871029,8.792777777777777
935,2022-03-12 23:15:00,0.004822822322605,8.778888888888888
936,2022-03-12 23:30:00,0.0048119011021185,8.767222222222221
937,2022-03-12 23:45:00,0.0048820526434113,8.753888888888888
938,2022-03-13 00:00:00,0.0047948741033524,8.74
939,2022-03-13 00:15:00,0.0047634331932158,8.729999999999999
940,2022-03-13 00:30:00,0.0046803213292344,8.71388888888889
941,2022-03-13 00:45:00,0.0047336241033524,8.699999999999998
942,2022-03-13 01:00:00,0.0048134536357363,8.68611111111111
943,2022-03-13 01:15:00,0.0048898279377627,8.67111111111111
944,2022-03-13 01:30:00,0.0049894524436916,8.66
945,2022-03-13 01:45:00,0.0049389877554008,8.646111111111113
946,2022-03-13 02:00:00,0.0049860479536567,8.635
947,2022-03-13 02:15:00,0.0048716018361671,8.626111111111111
948,2022-03-13 02:30:00,0.0048101196227284,8.616111111111111
949,2022-03-13 02:45:00,0.0048734766662485,8.607222222222223
950,2022-03-13 03:00:00,0.0048657236443107,8.594999999999997
951,2022-03-13 03:15:00,0.0048636785034612,8.57111111111111
952,2022-03-13 03:30:00,0.004817727089738,8.538888888888888
953,2022-03-13 03:45:00,0.0048005995514148,8.522777777777778
954,2022-03-13 04:00:00,0.004813392308175,8.482777777777777
955,2022-03-13 04:15:00,0.0046862317010687,8.450000000000001
956,2022-03-13 04:30:00,0.0046177870840915,8.41388888888889
957,2022-03-13 04:45:00,0.0046761667398624,8.375000000000002
958,2022-03-13 05:00:00,0.0046809058232428,8.338888888888887
959,2022-03-13 05:15:00,0.0045929757722149,8.304999999999998
960,2022-03-13 05:30:00,0.0045940089560199,8.271111111111109
961,2022-03-13 05:45:00,0.0047142149497041,8.24
962,2022-03-13 06:00:00,0.004789736835226,8.208888888888891
963,2022-03-13 06:15:00,0.0047654083537236,8.17111111111111
964,2022-03-13 06:30:00,0.004773793499174,8.133888888888889
965,2022-03-13 06:45:00,0.0049257675878872,8.108888888888886
966,2022-03-13 07:00:00,0.0049266128416672,8.089999999999998
967,2022-03-13 07:15:00,0.0049356291434009,8.067222222222222
968,2022-03-13 07:30:00,0.0047979083798649,8.048888888888888
969,2022-03-13 07:45:00,0.0048077734905996,8.042222222222222
970,2022-03-13 08:00:00,0.004916899795052,8.05111111111111
971,2022-03-13 08:15:00,0.0049117404636427,8.05111111111111
972,2022-03-13 08:30:00,0.004944737227346,8.03777777777778
973,2022-03-13 08:45:00,0.0049351264978983,8.092777777777778
974,2022-03-13 09:00:00,0.0048514296693645,8.146111111111109
975,2022-03-13 09:15:00,0.0048270816602882,8.17888888888889
976,2022-03-13 09:30:00,0.0048719421440074,8.246111111111112
977,2022-03-13 09:45:00,0.0047311295146078,8.30388888888889
978,2022-03-13 10:00:00,0.0046206265554092,8.347222222222221
979,2022-03-13 10:15:00,0.0046413777526822,8.417222222222223
980,2022-03-13 10:30:00,0.0045275249388293,8.44222222222222
981,2022-03-13 10:45:00,0.0044223345776607,8.48388888888889
982,2022-03-13 11:00:00,0.0043722198956439,8.517222222222223
983,2022-03-13 11:15:00,0.0043234820252212,8.535
984,2022-03-13 11:30:00,0.004302445260054,8.54222222222222
985,2022-03-13 11:45:00,0.0041377234299517,8.546111111111113
986,2022-03-13 12:00:00,0.0040630001097936,8.54277777777778
987,2022-03-13 12:15:00,0.0040123355187486,8.545
988,2022-03-13 12:30:00,0.0042102133916808,8.558888888888887
989,2022-03-13 12:45:00,0.004295756739235,8.562222222222221
990,2022-03-13 13:00:00,0.0042131748645879,8.578888888888889
991,2022-03-13 13:15:00,0.0041994608350587,8.601111111111111
992,2022-03-13 13:30:00,0.0042276394117155,8.627222222222224
993,2022-03-13 13:45:00,0.0043191228799381,8.65777777777778
994,2022-03-13 14:00:00,0.004468070063994,8.682777777777776
995,2022-03-13 14:15:00,0.0046222257513018,8.706111111111111
996,2022-03-13 14:30:00,0.0047575169918648,8.733888888888886
997,2022-03-13 14:45:00,0.0048766541188281,8.770000000000001
998,2022-03-13 15:00:00,0.0049851856034465,8.80111111111111
999,2022-03-13 15:15:00,0.0050014222975093,8.832222222222224
1000,2022-03-13 15:30:00,0.0050716019668738,8.86
1001,2022-03-13 15:45:00,0.0053032797697472,8.89111111111111
1002,2022-03-13 16:00:00,0.0054903662661815,8.91388888888889
1003,2022-03-13 16:15:00,0.0056651682978857,8.953888888888887
1004,2022-03-13 16:30:00,0.005800864389234,8.971111111111112
1005,2022-03-13 16:45:00,0.0058493296055797,8.985000000000001
1006,2022-03-13 17:00:00,0.0059250705815924,8.997777777777776
1007,2022-03-13 17:15:00,0.0058773821025995,9.005
1008,2022-03-13 17:30:00,0.0058886509243575,9.008888888888889
1009,2022-03-13 17:45:00,0.0058373471254993,9.008888888888889
1010,2022-03-13 18:00:00,0.0057916772277642,9.015
1011,2022-03-13 18:15:00,0.0059109244620114,9.017777777777775
1012,2022-03-13 18:30:00,0.0060337076249033,9.012777777777776
1013,2022-03-13 18:45:00,0.0060768200117114,9.007222222222223
1014,2022-03-13 19:00:00,0.0061427469048665,9.00388888888889
1015,2022-03-13 19:15:00,0.0062369317920406,9.002222222222223
1016,2022-03-13 19:30:00,0.0062768663864317,8.997777777777776
1017,2022-03-13 19:45:00,0.0063164067957003,8.99111111111111
1018,2022-03-13 20:00:00,0.0064294048926115,8.985000000000001
1019,2022-03-13 20:15:00,0.0066300608047348,8.973888888888888
1020,2022-03-13 20:30:00,0.0068774772570425,8.962222222222222
1021,2022-03-13 20:45:00,0.0071220622372797,8.947777777777778
1022,2022-03-13 21:00:00,0.0072562599859883,8.933888888888891
1023,2022-03-13 21:15:00,0.0074404096346488,8.924999999999999
1024,2022-03-13 21:30:00,0.0075497556831253,8.91388888888889
1025,2022-03-13 21:45:00,0.0077344892245436,8.900000000000002
1026,2022-03-13 22:00:00,0.0078736343768953,8.88888888888889
1027,2022-03-13 22:15:00,0.0080604339983688,8.877777777777776
1028,2022-03-13 22:30:00,0.0081125465577096,8.868888888888888
1029,2022-03-13 22:45:00,0.0081612104743083,8.857222222222221
1030,2022-03-13 23:00:00,0.0083100756791518,8.842777777777778
1031,2022-03-13 23:15:00,0.008460104565322,8.829999999999998
1032,2022-03-13 23:30:00,0.0085713262542611,8.817777777777778
1033,2022-03-13 23:45:00,0.0087219545088567,8.80111111111111
1034,2022-03-14 00:00:00,0.0088788115105507,8.787222222222223
1035,2022-03-14 00:15:00,0.0089713966528641,8.763888888888888
1036,2022-03-14 00:30:00,0.0090534588117197,8.73722222222222
1037,2022-03-14 00:45:00,0.0093266305654893,8.699999999999998
1038,2022-03-14 01:00:00,0.0094787884016145,8.668888888888889
1039,2022-03-14 01:15:00,0.009550144822971,8.635
1040,2022-03-14 01:30:00,0.0097603426867014,8.590000000000002
1041,2022-03-14 01:45:00,0.0099485356149487,8.556111111111113
1042,2022-03-14 02:00:00,0.0101464290942552,8.533888888888887
1043,2022-03-14 02:15:00,0.0102785378631031,8.50888888888889
1044,2022-03-14 02:30:00,0.0103795064255391,8.477777777777776
1045,2022-03-14 02:45:00,0.0104073360415752,8.447222222222221
1046,2022-03-14 03:00:00,0.0104284832800051,8.422777777777778
1047,2022-03-14 03:15:00,0.0104902954493172,8.40611111111111
1048,2022-03-14 03:30:00,0.0105664829715374,8.382777777777777
1049,2022-03-14 03:45:00,0.0106460229886861,8.357222222222221
1050,2022-03-14 04:00:00,0.0107772821381518,8.317777777777778
1051,2022-03-14 04:15:00,0.0108958905305645,8.273888888888889
1052,2022-03-14 04:30:00,0.0108994532279316,8.232222222222221
1053,2022-03-14 04:45:00,0.0109884886128365,8.19111111111111
1054,2022-03-14 05:00:00,0.0109152614917289,8.152222222222221
1055,2022-03-14 05:15:00,0.0109681087270218,8.12
1056,2022-03-14 05:30:00,0.0109915696823306,8.084999999999999
1057,2022-03-14 05:45:00,0.0110151840349667,8.047777777777776
1058,2022-03-14 06:00:00,0.011085212450593,8.00722222222222
1059,2022-03-14 06:15:00,0.0112640751458687,7.965000000000002
1060,2022-03-14 06:30:00,0.0113797847261435,7.926111111111113
1061,2022-03-14 06:45:00,0.0114948965587553,7.887222222222223
1062,2022-03-14 07:00:00,0.0116059117834662,7.846111111111109
1063,2022-03-14 07:15:00,0.0117780406027146,7.802222222222221
1064,2022-03-14 07:30:00,0.0118380168925278,7.7572222222222225
1065,2022-03-14 07:45:00,0.0119613997898237,7.718888888888888
1066,2022-03-14 08:00:00,0.0120908738523956,7.696111111111112
1067,2022-03-14 08:15:00,0.0121743393562959,7.682777777777778
1068,2022-03-14 08:30:00,0.0123173892914654,7.67888888888889
1069,2022-03-14 08:45:00,0.0124626979944372,7.687222222222224
1070,2022-03-14 09:00:00,0.0125463068312525,7.71
1071,2022-03-14 09:15:00,0.0125074252096535,7.7538888888888895
1072,2022-03-14 09:30:00,0.0124762838007404,7.728888888888888
1073,2022-03-14 09:45:00,0.0123177035625406,7.8072222222222205
1074,2022-03-14 10:00:00,0.0122043250569882,7.892777777777778
1075,2022-03-14 10:15:00,0.0119218223382898,7.981111111111111
1076,2022-03-14 10:30:00,0.0118324955821152,8.070000000000002
1077,2022-03-14 10:45:00,0.0116560067026372,8.160000000000002
1078,2022-03-14 11:00:00,0.0115017431300584,8.260000000000002
1079,2022-03-14 11:15:00,0.0112245171173433,8.368888888888888
1080,2022-03-14 11:30:00,0.0109876913545392,8.488888888888889
1081,2022-03-14 11:45:00,0.0107450300102475,8.607222222222223
1082,2022-03-14 12:00:00,0.0104446357989837,8.719999999999999
1083,2022-03-14 12:15:00,0.0100864871280089,8.843888888888888
1084,2022-03-14 12:30:00,0.0098001724543573,8.922777777777778
1085,2022-03-14 12:45:00,0.0095050679936007,9.017777777777775
1086,2022-03-14 13:00:00,0.0092864331984441,9.15722222222222
1087,2022-03-14 13:15:00,0.0090643435389088,9.202222222222222
1088,2022-03-14 13:30:00,0.0088334537403016,9.29611111111111
1089,2022-03-14 13:45:00,0.0087368972854843,9.297777777777776
1090,2022-03-14 14:00:00,0.0085609021111739,9.39
1091,2022-03-14 14:15:00,0.0083963315348099,9.52611111111111
1092,2022-03-14 14:30:00,0.0082146128468955,9.62888888888889
1093,2022-03-14 14:45:00,0.0080093645303972,9.722777777777775
1094,2022-03-14 15:00:00,0.0078778361513688,9.82111111111111
1095,2022-03-14 15:15:00,0.0078836002101764,9.911111111111111
1096,2022-03-14 15:30:00,0.0078120188949537,9.977777777777778
1097,2022-03-14 15:45:00,0.0077568231225297,10.03611111111111
1098,2022-03-14 16:00:00,0.0074070251427317,10.09777777777778
1099,2022-03-14 16:15:00,0.0072795279659954,10.150000000000002
1100,2022-03-14 16:30:00,0.0073006122822428,10.187222222222225
1101,2022-03-14 16:45:00,0.0073899134721961,10.218888888888888
1102,2022-03-14 17:00:00,0.0075496748018488,10.260000000000002
1103,2022-03-14 17:15:00,0.0077266175471067,10.3
1104,2022-03-14 17:30:00,0.0078648884288016,10.335
1105,2022-03-14 17:45:00,0.0081547905295189,10.357777777777777
1106,2022-03-14 18:00:00,0.0084117170148693,10.367777777777777
1107,2022-03-14 18:15:00,0.0088058980331264,10.374999999999998
1108,2022-03-14 18:30:00,0.009156045600937,10.382777777777775
1109,2022-03-14 18:45:00,0.0093960565802958,10.38
1110,2022-03-14 19:00:00,0.0097251484304746,10.355000000000002
1111,2022-03-14 19:15:00,0.009963885333668,10.31722222222222
1112,2022-03-14 19:30:00,0.0101824237980217,10.28
1113,2022-03-14 19:45:00,0.010376866177301,10.250000000000002
1114,2022-03-14 20:00:00,0.0104322246610315,10.21722222222222
1115,2022-03-14 20:15:00,0.0105060712198339,10.185
1116,2022-03-14 20:30:00,0.0105307572337582,10.145
1117,2022-03-14 20:45:00,0.0105062827028044,10.108888888888888
1118,2022-03-14 21:00:00,0.0104326476269726,10.072777777777778
1119,2022-03-14 21:15:00,0.0103098520062626,10.04888888888889
1120,2022-03-14 21:30:00,0.0101378958406745,10.023888888888887
1121,2022-03-14 21:45:00,0.0099167791302084,9.99777777777778
1122,2022-03-14 22:00:00,0.0096465018748641,9.977222222222224
1123,2022-03-14 22:15:00,0.0093270640746418,9.953888888888889
