"Date Heure, GMT+01:00",Température 1 (°C),Température 2 (°C),Température 3 (°C),Température 4 (°C)
16/06/28 06:45,14.122,14.194,14.122,13.93
16/06/28 07:00,14.098,14.17,14.122,13.93
16/06/28 07:15,14.098,14.17,14.122,13.93
16/06/28 07:30,14.074,14.146,14.122,13.93
16/06/28 07:45,14.074,14.146,14.098,13.93
16/06/28 08:00,14.074,14.122,14.098,13.93
16/06/28 08:15,14.05,14.122,14.098,13.93
16/06/28 08:30,14.05,14.122,14.098,13.93
16/06/28 08:45,14.05,14.098,14.098,13.93
16/06/28 09:00,14.05,14.098,14.074,13.906
16/06/28 09:15,14.05,14.098,14.074,13.906
16/06/28 09:30,14.026,14.098,14.074,13.906
16/06/28 09:45,14.026,14.074,14.074,13.906
16/06/28 10:00,14.026,14.074,14.074,13.906
16/06/28 10:15,14.026,14.074,14.05,13.906
16/06/28 10:30,14.05,14.05,14.05,13.906
16/06/28 10:45,14.05,14.05,14.05,13.906
16/06/28 11:00,14.05,14.05,14.05,13.906
16/06/28 11:15,14.074,14.05,14.05,13.906
16/06/28 11:30,14.074,14.05,14.05,13.906
16/06/28 11:45,14.074,14.05,14.05,13.906
16/06/28 12:00,14.098,14.05,14.026,13.882
16/06/28 12:15,14.098,14.05,14.026,13.882
16/06/28 12:30,14.122,14.05,14.026,13.882
16/06/28 12:45,14.122,14.05,14.026,13.882
16/06/28 13:00,14.146,14.05,14.026,13.882
16/06/28 13:15,14.17,14.05,14.002,13.882
16/06/28 13:30,14.194,14.05,14.026,13.882
16/06/28 13:45,14.218,14.05,14.026,13.882
16/06/28 14:00,14.242,14.05,14.002,13.882
16/06/28 14:15,14.266,14.05,14.026,13.858
16/06/28 14:30,14.29,14.074,14.026,13.858
16/06/28 14:45,14.314,14.074,14.026,13.858
16/06/28 15:00,14.361,14.074,14.002,13.882
16/06/28 15:15,14.385,14.098,14.002,13.858
16/06/28 15:30,14.409,14.098,14.002,13.858
16/06/28 15:45,14.433,14.122,14.026,13.858
16/06/28 16:00,14.457,14.122,14.026,13.858
16/06/28 16:15,14.505,14.146,14.026,13.858
16/06/28 16:30,14.529,14.146,14.026,13.858
16/06/28 16:45,14.553,14.17,14.026,13.858
16/06/28 17:00,14.601,14.17,14.026,13.858
16/06/28 17:15,14.625,14.194,14.05,13.858
16/06/28 17:30,14.649,14.194,14.05,13.858
16/06/28 17:45,14.697,14.218,14.05,13.858
16/06/28 18:00,14.721,14.218,14.05,13.858
16/06/28 18:15,14.745,14.242,14.074,13.858
16/06/28 18:30,14.792,14.266,14.074,13.858
16/06/28 18:45,14.816,14.29,14.074,13.858
16/06/28 19:00,14.864,14.314,14.074,13.858
16/06/28 19:15,14.888,14.314,14.098,13.882
16/06/28 19:30,14.912,14.337,14.098,13.882
16/06/28 19:45,14.936,14.361,14.098,13.882
16/06/28 20:00,14.96,14.361,14.122,13.882
16/06/28 20:15,14.984,14.385,14.122,13.882
16/06/28 20:30,15.008,14.409,14.146,13.882
16/06/28 20:45,15.008,14.433,14.146,13.882
16/06/28 21:00,15.031,14.457,14.146,13.906
16/06/28 21:15,15.031,14.457,14.17,13.906
16/06/28 21:30,15.055,14.481,14.17,13.906
16/06/28 21:45,15.055,14.481,14.194,13.906
16/06/28 22:00,15.055,14.505,14.194,13.906
16/06/28 22:15,15.055,14.505,14.218,13.906
16/06/28 22:30,15.055,14.529,14.218,13.93
16/06/28 22:45,15.031,14.529,14.218,13.93
16/06/28 23:00,15.031,14.553,14.242,13.93
16/06/28 23:15,15.031,14.553,14.242,13.93
16/06/28 23:30,15.008,14.553,14.242,13.954
16/06/28 23:45,15.008,14.553,14.266,13.954
16/06/29 00:00,14.984,14.577,14.266,13.954
16/06/29 00:15,14.984,14.577,14.29,13.954
16/06/29 00:30,14.96,14.577,14.29,13.978
16/06/29 00:45,14.936,14.577,14.29,13.978
16/06/29 01:00,14.936,14.577,14.29,13.978
16/06/29 01:15,14.912,14.577,14.314,13.978
16/06/29 01:30,14.888,14.577,14.314,14.002
16/06/29 01:45,14.864,14.577,14.314,14.002
16/06/29 02:00,14.864,14.577,14.314,14.002
16/06/29 02:15,14.84,14.577,14.314,14.002
16/06/29 02:30,14.816,14.577,14.314,14.002
16/06/29 02:45,14.792,14.553,14.314,14.002
16/06/29 03:00,14.768,14.553,14.337,14.002
16/06/29 03:15,14.745,14.553,14.337,14.002
16/06/29 03:30,14.721,14.553,14.337,14.026
16/06/29 03:45,14.721,14.553,14.337,14.026
16/06/29 04:00,14.673,14.529,14.337,14.026
16/06/29 04:15,14.649,14.529,14.337,14.026
16/06/29 04:30,14.625,14.529,14.337,14.026
16/06/29 04:45,14.601,14.505,14.314,14.026
16/06/29 05:00,14.577,14.505,14.337,14.026
16/06/29 05:15,14.553,14.481,14.337,14.026
16/06/29 05:30,14.505,14.481,14.314,14.026
16/06/29 05:45,14.481,14.481,14.314,14.026
16/06/29 06:00,14.457,14.457,14.314,14.05
16/06/29 06:15,14.409,14.457,14.314,14.026
16/06/29 06:30,14.385,14.433,14.314,14.05
16/06/29 06:45,14.361,14.433,14.29,14.05
16/06/29 07:00,14.337,14.409,14.314,14.05
16/06/29 07:15,14.314,14.385,14.29,14.05
16/06/29 07:30,14.266,14.385,14.29,14.026
16/06/29 07:45,14.242,14.361,14.266,14.026
16/06/29 08:00,14.242,14.361,14.266,14.05
16/06/29 08:15,14.194,14.337,14.266,14.026
16/06/29 08:30,14.194,14.314,14.266,14.026
16/06/29 08:45,14.17,14.314,14.242,14.026
16/06/29 09:00,14.146,14.29,14.242,14.026
16/06/29 09:15,14.146,14.266,14.242,14.026
16/06/29 09:30,14.122,14.266,14.218,14.026
16/06/29 09:45,14.122,14.242,14.218,14.026
16/06/29 10:00,14.098,14.242,14.218,14.026
16/06/29 10:15,14.098,14.218,14.218,14.026
16/06/29 10:30,14.098,14.218,14.194,14.002
16/06/29 10:45,14.098,14.194,14.194,14.002
16/06/29 11:00,14.098,14.17,14.17,14.002
16/06/29 11:15,14.098,14.17,14.17,14.002
16/06/29 11:30,14.098,14.17,14.17,14.002
16/06/29 11:45,14.098,14.146,14.146,14.002
16/06/29 12:00,14.122,14.146,14.146,13.978
16/06/29 12:15,14.122,14.146,14.146,13.978
16/06/29 12:30,14.146,14.146,14.146,13.978
16/06/29 12:45,14.146,14.146,14.122,13.978
16/06/29 13:00,14.17,14.146,14.122,13.978
16/06/29 13:15,14.218,14.122,14.122,13.978
16/06/29 13:30,14.242,14.122,14.122,13.954
16/06/29 13:45,14.266,14.146,14.098,13.954
16/06/29 14:00,14.29,14.146,14.098,13.954
16/06/29 14:15,14.337,14.146,14.098,13.954
16/06/29 14:30,14.361,14.146,14.098,13.954
16/06/29 14:45,14.409,14.146,14.098,13.954
16/06/29 15:00,14.433,14.17,14.098,13.954
16/06/29 15:15,14.505,14.17,14.098,13.954
16/06/29 15:30,14.529,14.194,14.098,13.954
16/06/29 15:45,14.577,14.194,14.098,13.954
16/06/29 16:00,14.625,14.218,14.098,13.93
16/06/29 16:15,14.673,14.242,14.098,13.93
16/06/29 16:30,14.721,14.242,14.122,13.93
16/06/29 16:45,14.768,14.266,14.122,13.93
16/06/29 17:00,14.816,14.29,14.122,13.93
16/06/29 17:15,14.84,14.314,14.146,13.93
16/06/29 17:30,14.888,14.337,14.146,13.93
16/06/29 17:45,14.936,14.361,14.146,13.93
16/06/29 18:00,14.984,14.385,14.146,13.93
16/06/29 18:15,15.008,14.385,14.146,13.93
16/06/29 18:30,15.055,14.409,14.17,13.93
16/06/29 18:45,15.103,14.433,14.194,13.954
16/06/29 19:00,15.151,14.457,14.194,13.954
16/06/29 19:15,15.175,14.481,14.194,13.954
16/06/29 19:30,15.199,14.505,14.218,13.954
16/06/29 19:45,15.223,14.529,14.218,13.954
16/06/29 20:00,15.247,14.553,14.242,13.954
16/06/29 20:15,15.247,14.577,14.242,13.978
16/06/29 20:30,15.27,14.601,14.266,13.978
16/06/29 20:45,15.294,14.625,14.266,13.978
16/06/29 21:00,15.294,14.625,14.29,13.978
16/06/29 21:15,15.318,14.649,14.314,13.978
16/06/29 21:30,15.318,14.673,14.314,14.002
16/06/29 21:45,15.342,14.673,14.337,14.002
16/06/29 22:00,15.342,14.697,14.337,14.002
16/06/29 22:15,15.342,14.721,14.337,14.002
16/06/29 22:30,15.342,14.721,14.361,14.026
16/06/29 22:45,15.342,14.745,14.385,14.026
16/06/29 23:00,15.342,14.745,14.385,14.026
16/06/29 23:15,15.342,14.768,14.385,14.05
16/06/29 23:30,15.318,14.768,14.409,14.05
16/06/29 23:45,15.318,14.768,14.409,14.05
16/06/30 00:00,15.294,14.768,14.433,14.05
16/06/30 00:15,15.294,14.792,14.433,14.074
16/06/30 00:30,15.27,14.792,14.433,14.074
16/06/30 00:45,15.247,14.792,14.457,14.074
16/06/30 01:00,15.247,14.792,14.457,14.074
16/06/30 01:15,15.223,14.792,14.457,14.098
16/06/30 01:30,15.199,14.792,14.457,14.098
16/06/30 01:45,15.175,14.792,14.457,14.098
16/06/30 02:00,15.151,14.792,14.481,14.098
16/06/30 02:15,15.127,14.792,14.481,14.122
16/06/30 02:30,15.103,14.792,14.481,14.122
16/06/30 02:45,15.079,14.792,14.481,14.122
16/06/30 03:00,15.055,14.792,14.505,14.122
16/06/30 03:15,15.031,14.792,14.481,14.122
16/06/30 03:30,15.008,14.768,14.505,14.146
16/06/30 03:45,14.984,14.768,14.505,14.146
16/06/30 04:00,14.936,14.768,14.505,14.146
16/06/30 04:15,14.912,14.745,14.505,14.146
16/06/30 04:30,14.888,14.745,14.505,14.146
16/06/30 04:45,14.864,14.721,14.505,14.146
16/06/30 05:00,14.84,14.721,14.505,14.146
16/06/30 05:15,14.816,14.697,14.481,14.146
16/06/30 05:30,14.792,14.697,14.481,14.17
16/06/30 05:45,14.745,14.673,14.481,14.17
16/06/30 06:00,14.721,14.673,14.481,14.17
16/06/30 06:15,14.697,14.673,14.481,14.17
16/06/30 06:30,14.673,14.649,14.481,14.17
16/06/30 06:45,14.673,14.625,14.481,14.17
16/06/30 07:00,14.625,14.625,14.457,14.17
16/06/30 07:15,14.601,14.601,14.457,14.17
16/06/30 07:30,14.601,14.601,14.457,14.17
16/06/30 07:45,14.577,14.577,14.457,14.17
16/06/30 08:00,14.553,14.553,14.433,14.17
16/06/30 08:15,14.529,14.553,14.433,14.17
16/06/30 08:30,14.505,14.553,14.433,14.17
16/06/30 08:45,14.481,14.529,14.433,14.17
16/06/30 09:00,14.481,14.505,14.433,14.146
16/06/30 09:15,14.481,14.505,14.409,14.17
16/06/30 09:30,14.457,14.481,14.409,14.146
16/06/30 09:45,14.433,14.481,14.409,14.17
16/06/30 10:00,14.433,14.481,14.385,14.146
16/06/30 10:15,14.433,14.457,14.385,14.146
16/06/30 10:30,14.433,14.457,14.385,14.146
16/06/30 10:45,14.409,14.433,14.361,14.146
16/06/30 11:00,14.409,14.433,14.361,14.146
16/06/30 11:15,14.409,14.409,14.361,14.146
16/06/30 11:30,14.409,14.409,14.361,14.122
16/06/30 11:45,14.409,14.409,14.337,14.146
16/06/30 12:00,14.409,14.409,14.337,14.122
16/06/30 12:15,14.409,14.385,14.337,14.122
16/06/30 12:30,14.409,14.385,14.337,14.122
16/06/30 12:45,14.409,14.361,14.337,14.122
16/06/30 13:00,14.409,14.385,14.314,14.122
16/06/30 13:15,14.433,14.361,14.314,14.122
16/06/30 13:30,14.433,14.361,14.314,14.122
16/06/30 13:45,14.433,14.361,14.314,14.098
16/06/30 14:00,14.457,14.361,14.314,14.098
16/06/30 14:15,14.457,14.361,14.29,14.098
16/06/30 14:30,14.457,14.361,14.29,14.098
16/06/30 14:45,14.481,14.361,14.29,14.098
16/06/30 15:00,14.505,14.361,14.29,14.098
16/06/30 15:15,14.505,14.361,14.29,14.098
16/06/30 15:30,14.529,14.361,14.29,14.098
16/06/30 15:45,14.553,14.361,14.29,14.098
16/06/30 16:00,14.577,14.361,14.29,14.098
16/06/30 16:15,14.601,14.361,14.29,14.074
16/06/30 16:30,14.625,14.385,14.29,14.074
16/06/30 16:45,14.673,14.385,14.29,14.074
16/06/30 17:00,14.697,14.385,14.29,14.074
16/06/30 17:15,14.721,14.409,14.266,14.074
16/06/30 17:30,14.768,14.409,14.266,14.074
16/06/30 17:45,14.792,14.433,14.29,14.074
16/06/30 18:00,14.816,14.433,14.29,14.074
16/06/30 18:15,14.84,14.457,14.29,14.074
16/06/30 18:30,14.888,14.457,14.29,14.074
16/06/30 18:45,14.912,14.481,14.29,14.074
16/06/30 19:00,14.936,14.481,14.29,14.074
16/06/30 19:15,14.96,14.505,14.314,14.074
16/06/30 19:30,15.008,14.505,14.314,14.074
16/06/30 19:45,15.031,14.529,14.314,14.074
16/06/30 20:00,15.055,14.553,14.314,14.074
16/06/30 20:15,15.079,14.553,14.337,14.074
16/06/30 20:30,15.103,14.577,14.337,14.074
16/06/30 20:45,15.127,14.577,14.337,14.074
16/06/30 21:00,15.151,14.601,14.361,14.074
16/06/30 21:15,15.151,14.625,14.361,14.098
16/06/30 21:30,15.175,14.649,14.361,14.098
16/06/30 21:45,15.175,14.649,14.385,14.098
16/06/30 22:00,15.199,14.673,14.385,14.098
16/06/30 22:15,15.199,14.673,14.385,14.098
16/06/30 22:30,15.199,14.697,14.385,14.098
16/06/30 22:45,15.199,14.697,14.409,14.098
16/06/30 23:00,15.199,14.721,14.409,14.098
16/06/30 23:15,15.199,14.721,14.433,14.122
16/06/30 23:30,15.199,14.721,14.433,14.122
16/06/30 23:45,15.199,14.745,14.433,14.122
16/07/01 00:00,15.199,14.745,14.433,14.122
16/07/01 00:15,15.175,14.745,14.457,14.122
16/07/01 00:30,15.175,14.745,14.457,14.122
16/07/01 00:45,15.175,14.768,14.457,14.146
16/07/01 01:00,15.151,14.768,14.481,14.146
16/07/01 01:15,15.151,14.768,14.481,14.146
16/07/01 01:30,15.151,14.768,14.481,14.146
16/07/01 01:45,15.127,14.768,14.481,14.146
16/07/01 02:00,15.103,14.768,14.481,14.146
16/07/01 02:15,15.103,14.768,14.505,14.17
16/07/01 02:30,15.079,14.768,14.505,14.17
16/07/01 02:45,15.055,14.768,14.505,14.17
16/07/01 03:00,15.031,14.768,14.505,14.17
16/07/01 03:15,15.008,14.768,14.505,14.17
16/07/01 03:30,15.008,14.768,14.505,14.17
16/07/01 03:45,14.984,14.745,14.505,14.194
16/07/01 04:00,14.96,14.745,14.505,14.194
16/07/01 04:15,14.936,14.745,14.505,14.194
16/07/01 04:30,14.912,14.721,14.505,14.194
16/07/01 04:45,14.888,14.721,14.505,14.194
16/07/01 05:00,14.864,14.721,14.505,14.194
16/07/01 05:15,14.84,14.721,14.505,14.194
16/07/01 05:30,14.84,14.697,14.505,14.194
16/07/01 05:45,14.816,14.697,14.505,14.194
16/07/01 06:00,14.792,14.673,14.505,14.194
16/07/01 06:15,14.768,14.673,14.505,14.194
16/07/01 06:30,14.745,14.673,14.505,14.194
16/07/01 06:45,14.721,14.649,14.505,14.194
16/07/01 07:00,14.721,14.649,14.481,14.194
16/07/01 07:15,14.697,14.649,14.481,14.194
16/07/01 07:30,14.673,14.625,14.481,14.194
16/07/01 07:45,14.649,14.625,14.481,14.194
16/07/01 08:00,14.649,14.601,14.481,14.194
16/07/01 08:15,14.625,14.601,14.481,14.194
16/07/01 08:30,14.601,14.601,14.457,14.218
16/07/01 08:45,14.577,14.577,14.457,14.194
16/07/01 09:00,14.577,14.577,14.457,14.194
16/07/01 09:15,14.553,14.553,14.457,14.194
16/07/01 09:30,14.553,14.553,14.457,14.194
16/07/01 09:45,14.553,14.529,14.433,14.194
16/07/01 10:00,14.529,14.529,14.433,14.194
16/07/01 10:15,14.529,14.529,14.433,14.194
16/07/01 10:30,14.529,14.505,14.433,14.194
16/07/01 10:45,14.529,14.505,14.433,14.194
16/07/01 11:00,14.529,14.481,14.409,14.194
16/07/01 11:15,14.529,14.481,14.409,14.194
16/07/01 11:30,14.529,14.481,14.409,14.194
16/07/01 11:45,14.529,14.481,14.409,14.17
16/07/01 12:00,14.529,14.481,14.385,14.17
16/07/01 12:15,14.529,14.457,14.385,14.17
16/07/01 12:30,14.529,14.457,14.385,14.17
16/07/01 12:45,14.529,14.457,14.385,14.17
16/07/01 13:00,14.529,14.457,14.385,14.17
16/07/01 13:15,14.529,14.457,14.385,14.17
16/07/01 13:30,14.529,14.457,14.361,14.17
16/07/01 13:45,14.553,14.433,14.361,14.17
16/07/01 14:00,14.553,14.433,14.361,14.146
16/07/01 14:15,14.577,14.433,14.361,14.146
16/07/01 14:30,14.577,14.433,14.361,14.146
16/07/01 14:45,14.601,14.433,14.361,14.146
16/07/01 15:00,14.601,14.433,14.337,14.146
16/07/01 15:15,14.625,14.433,14.361,14.146
16/07/01 15:30,14.649,14.433,14.337,14.146
16/07/01 15:45,14.673,14.457,14.361,14.146
16/07/01 16:00,14.673,14.457,14.337,14.146
16/07/01 16:15,14.697,14.457,14.337,14.146
16/07/01 16:30,14.721,14.457,14.337,14.146
16/07/01 16:45,14.721,14.457,14.337,14.122
16/07/01 17:00,14.721,14.481,14.337,14.146
16/07/01 17:15,14.745,14.481,14.337,14.122
16/07/01 17:30,14.745,14.481,14.361,14.146
16/07/01 17:45,14.768,14.505,14.361,14.122
16/07/01 18:00,14.768,14.505,14.361,14.122
16/07/01 18:15,14.792,14.505,14.361,14.146
16/07/01 18:30,14.792,14.505,14.361,14.146
16/07/01 18:45,14.816,14.505,14.361,14.122
16/07/01 19:00,14.84,14.529,14.361,14.122
16/07/01 19:15,14.84,14.529,14.361,14.122
16/07/01 19:30,14.864,14.529,14.361,14.122
16/07/01 19:45,14.888,14.553,14.361,14.122
16/07/01 20:00,14.888,14.553,14.385,14.122
16/07/01 20:15,14.912,14.553,14.361,14.122
16/07/01 20:30,14.912,14.577,14.385,14.122
16/07/01 20:45,14.912,14.577,14.385,14.122
16/07/01 21:00,14.936,14.577,14.385,14.146
16/07/01 21:15,14.936,14.577,14.385,14.146
16/07/01 21:30,14.936,14.601,14.409,14.146
16/07/01 21:45,14.936,14.601,14.409,14.146
16/07/01 22:00,14.936,14.601,14.409,14.146
16/07/01 22:15,14.936,14.625,14.409,14.146
16/07/01 22:30,14.936,14.625,14.409,14.146
16/07/01 22:45,14.936,14.625,14.409,14.146
16/07/01 23:00,14.936,14.625,14.433,14.146
16/07/01 23:15,14.936,14.625,14.433,14.146
16/07/01 23:30,14.936,14.625,14.433,14.146
16/07/01 23:45,14.912,14.625,14.433,14.146
16/07/02 00:00,14.912,14.649,14.433,14.146
16/07/02 00:15,14.888,14.625,14.433,14.146
16/07/02 00:30,14.888,14.625,14.433,14.17
16/07/02 00:45,14.864,14.625,14.433,14.17
16/07/02 01:00,14.84,14.649,14.433,14.17
16/07/02 01:15,14.84,14.649,14.433,14.17
16/07/02 01:30,14.816,14.649,14.433,14.17
16/07/02 01:45,14.768,14.625,14.433,14.17
16/07/02 02:00,14.745,14.625,14.433,14.17
16/07/02 02:15,14.721,14.625,14.433,14.17
16/07/02 02:30,14.697,14.601,14.433,14.17
16/07/02 02:45,14.673,14.601,14.433,14.17
16/07/02 03:00,14.625,14.601,14.433,14.194
16/07/02 03:15,14.601,14.577,14.433,14.17
16/07/02 03:30,14.577,14.577,14.433,14.17
16/07/02 03:45,14.553,14.553,14.433,14.194
16/07/02 04:00,14.505,14.553,14.433,14.17
16/07/02 04:15,14.481,14.529,14.433,14.17
16/07/02 04:30,14.457,14.529,14.409,14.17
16/07/02 04:45,14.433,14.505,14.409,14.17
16/07/02 05:00,14.385,14.505,14.409,14.17
16/07/02 05:15,14.385,14.481,14.409,14.17
16/07/02 05:30,14.337,14.457,14.409,14.17
16/07/02 05:45,14.314,14.457,14.385,14.17
16/07/02 06:00,14.29,14.433,14.385,14.17
16/07/02 06:15,14.266,14.409,14.385,14.17
16/07/02 06:30,14.218,14.409,14.385,14.17
16/07/02 06:45,14.194,14.385,14.361,14.17
16/07/02 07:00,14.17,14.361,14.361,14.17
16/07/02 07:15,14.146,14.361,14.361,14.17
16/07/02 07:30,14.122,14.337,14.337,14.17
16/07/02 07:45,14.098,14.314,14.337,14.146
16/07/02 08:00,14.074,14.314,14.337,14.146
16/07/02 08:15,14.05,14.29,14.314,14.146
16/07/02 08:30,14.026,14.266,14.314,14.146
16/07/02 08:45,14.026,14.266,14.29,14.146
16/07/02 09:00,14.002,14.242,14.29,14.122
16/07/02 09:15,14.002,14.218,14.266,14.122
16/07/02 09:30,13.978,14.218,14.266,14.122
16/07/02 09:45,13.954,14.194,14.242,14.122
16/07/02 10:00,13.954,14.17,14.242,14.122
16/07/02 10:15,13.93,14.17,14.242,14.098
16/07/02 10:30,13.93,14.146,14.218,14.098
16/07/02 10:45,13.93,14.146,14.218,14.098
16/07/02 11:00,13.906,14.122,14.218,14.098
16/07/02 11:15,13.906,14.122,14.194,14.098
16/07/02 11:30,13.93,14.098,14.194,14.074
16/07/02 11:45,13.906,14.098,14.17,14.074
16/07/02 12:00,13.906,14.098,14.17,14.074
16/07/02 12:15,13.93,14.074,14.17,14.074
16/07/02 12:30,13.93,14.074,14.146,14.05
16/07/02 12:45,13.93,14.074,14.146,14.05
16/07/02 13:00,13.93,14.05,14.146,14.05
16/07/02 13:15,13.954,14.05,14.122,14.05
16/07/02 13:30,13.954,14.05,14.122,14.026
16/07/02 13:45,13.954,14.05,14.122,14.026
16/07/02 14:00,13.978,14.05,14.122,14.026
16/07/02 14:15,13.978,14.05,14.098,14.026
16/07/02 14:30,14.002,14.05,14.098,14.002
16/07/02 14:45,14.002,14.026,14.098,14.002
16/07/02 15:00,14.026,14.026,14.098,14.002
16/07/02 15:15,14.026,14.026,14.098,14.002
16/07/02 15:30,14.05,14.05,14.074,14.002
16/07/02 15:45,14.074,14.026,14.074,13.978
16/07/02 16:00,14.074,14.026,14.074,13.978
16/07/02 16:15,14.098,14.05,14.074,13.978
16/07/02 16:30,14.122,14.05,14.074,13.978
16/07/02 16:45,14.146,14.05,14.074,13.978
16/07/02 17:00,14.17,14.05,14.05,13.978
16/07/02 17:15,14.17,14.05,14.05,13.978
16/07/02 17:30,14.194,14.074,14.074,13.954
16/07/02 17:45,14.218,14.074,14.074,13.954
16/07/02 18:00,14.242,14.074,14.05,13.954
16/07/02 18:15,14.266,14.074,14.074,13.954
16/07/02 18:30,14.29,14.098,14.074,13.954
16/07/02 18:45,14.29,14.098,14.074,13.954
16/07/02 19:00,14.314,14.098,14.074,13.954
16/07/02 19:15,14.337,14.122,14.074,13.954
16/07/02 19:30,14.361,14.122,14.074,13.93
16/07/02 19:45,14.361,14.146,14.074,13.93
16/07/02 20:00,14.385,14.146,14.074,13.93
16/07/02 20:15,14.385,14.17,14.074,13.93
16/07/02 20:30,14.409,14.17,14.074,13.93
16/07/02 20:45,14.409,14.17,14.074,13.93
16/07/02 21:00,14.409,14.17,14.098,13.93
16/07/02 21:15,14.409,14.194,14.098,13.93
16/07/02 21:30,14.409,14.194,14.098,13.93
16/07/02 21:45,14.409,14.194,14.098,13.93
16/07/02 22:00,14.409,14.194,14.098,13.93
16/07/02 22:15,14.409,14.218,14.098,13.93
16/07/02 22:30,14.409,14.218,14.098,13.93
16/07/02 22:45,14.385,14.218,14.122,13.93
16/07/02 23:00,14.385,14.218,14.122,13.93
16/07/02 23:15,14.385,14.218,14.122,13.954
16/07/02 23:30,14.361,14.218,14.122,13.954
16/07/02 23:45,14.361,14.218,14.122,13.954
16/07/03 00:00,14.337,14.218,14.122,13.954
16/07/03 00:15,14.337,14.218,14.122,13.93
16/07/03 00:30,14.314,14.218,14.122,13.954
16/07/03 00:45,14.29,14.218,14.122,13.954
16/07/03 01:00,14.266,14.218,14.122,13.954
16/07/03 01:15,14.242,14.218,14.122,13.954
16/07/03 01:30,14.242,14.218,14.122,13.954
16/07/03 01:45,14.218,14.194,14.122,13.954
16/07/03 02:00,14.194,14.194,14.122,13.954
16/07/03 02:15,14.17,14.194,14.122,13.954
16/07/03 02:30,14.146,14.194,14.122,13.954
16/07/03 02:45,14.122,14.17,14.122,13.954
16/07/03 03:00,14.098,14.17,14.122,13.954
16/07/03 03:15,14.074,14.146,14.122,13.954
16/07/03 03:30,14.074,14.146,14.122,13.954
16/07/03 03:45,14.05,14.146,14.098,13.954
16/07/03 04:00,14.026,14.122,14.098,13.954
16/07/03 04:15,14.002,14.122,14.098,13.954
16/07/03 04:30,13.978,14.098,14.098,13.954
16/07/03 04:45,13.954,14.098,14.098,13.93
16/07/03 05:00,13.93,14.074,14.098,13.93
16/07/03 05:15,13.93,14.074,14.074,13.954
16/07/03 05:30,13.906,14.05,14.074,13.93
16/07/03 05:45,13.882,14.05,14.074,13.93
16/07/03 06:00,13.858,14.026,14.05,13.93
16/07/03 06:15,13.834,14.026,14.05,13.93
16/07/03 06:30,13.834,14.002,14.05,13.93
16/07/03 06:45,13.81,14.002,14.05,13.93
16/07/03 07:00,13.786,13.978,14.026,13.93
16/07/03 07:15,13.762,13.978,14.026,13.906
16/07/03 07:30,13.762,13.954,14.026,13.906
16/07/03 07:45,13.738,13.954,14.002,13.906
16/07/03 08:00,13.714,13.93,14.002,13.906
16/07/03 08:15,13.714,13.93,14.002,13.906
16/07/03 08:30,13.69,13.93,14.002,13.906
16/07/03 08:45,13.69,13.906,13.978,13.906
16/07/03 09:00,13.666,13.906,13.978,13.906
16/07/03 09:15,13.666,13.882,13.978,13.882
16/07/03 09:30,13.666,13.882,13.954,13.882
16/07/03 09:45,13.642,13.858,13.954,13.882
16/07/03 10:00,13.642,13.858,13.954,13.858
16/07/03 10:15,13.642,13.834,13.93,13.858
16/07/03 10:30,13.642,13.834,13.93,13.858
16/07/03 10:45,13.642,13.834,13.93,13.858
16/07/03 11:00,13.642,13.81,13.906,13.858
16/07/03 11:15,13.642,13.81,13.906,13.858
16/07/03 11:30,13.642,13.81,13.906,13.834
16/07/03 11:45,13.642,13.786,13.906,13.834
16/07/03 12:00,13.642,13.786,13.906,13.834
16/07/03 12:15,13.642,13.786,13.882,13.834
16/07/03 12:30,13.666,13.786,13.882,13.834
16/07/03 12:45,13.666,13.786,13.882,13.834
16/07/03 13:00,13.69,13.762,13.882,13.81
16/07/03 13:15,13.69,13.786,13.858,13.81
16/07/03 13:30,13.714,13.786,13.858,13.81
16/07/03 13:45,13.714,13.762,13.858,13.81
16/07/03 14:00,13.738,13.762,13.858,13.786
16/07/03 14:15,13.738,13.786,13.858,13.786
16/07/03 14:30,13.762,13.786,13.834,13.786
16/07/03 14:45,13.762,13.762,13.834,13.786
16/07/03 15:00,13.786,13.786,13.834,13.786
16/07/03 15:15,13.81,13.786,13.834,13.762
16/07/03 15:30,13.81,13.786,13.834,13.762
16/07/03 15:45,13.834,13.786,13.834,13.762
16/07/03 16:00,13.834,13.786,13.834,13.762
16/07/03 16:15,13.858,13.81,13.834,13.762
16/07/03 16:30,13.882,13.81,13.834,13.762
16/07/03 16:45,13.906,13.81,13.834,13.762
16/07/03 17:00,13.93,13.81,13.834,13.762
16/07/03 17:15,13.954,13.81,13.834,13.762
16/07/03 17:30,13.954,13.834,13.834,13.762
16/07/03 17:45,13.978,13.834,13.834,13.762
16/07/03 18:00,14.002,13.834,13.834,13.738
16/07/03 18:15,14.002,13.834,13.834,13.738
16/07/03 18:30,14.026,13.858,13.834,13.738
16/07/03 18:45,14.05,13.858,13.834,13.762
16/07/03 19:00,14.05,13.882,13.858,13.738
16/07/03 19:15,14.074,13.882,13.834,13.738
16/07/03 19:30,14.074,13.882,13.858,13.738
16/07/03 19:45,14.074,13.906,13.858,13.738
16/07/03 20:00,14.098,13.906,13.858,13.738
16/07/03 20:15,14.098,13.906,13.858,13.738
16/07/03 20:30,14.098,13.93,13.858,13.738
16/07/03 20:45,14.122,13.93,13.858,13.738
16/07/03 21:00,14.122,13.93,13.882,13.738
16/07/03 21:15,14.122,13.93,13.882,13.738
16/07/03 21:30,14.122,13.954,13.882,13.738
16/07/03 21:45,14.122,13.954,13.882,13.738
16/07/03 22:00,14.146,13.954,13.882,13.738
16/07/03 22:15,14.146,13.954,13.882,13.738
16/07/03 22:30,14.146,13.954,13.882,13.738
16/07/03 22:45,14.146,13.978,13.882,13.762
16/07/03 23:00,14.146,13.978,13.906,13.738
16/07/03 23:15,14.146,13.978,13.906,13.738
16/07/03 23:30,14.146,13.978,13.906,13.762
16/07/03 23:45,14.146,13.978,13.906,13.762
16/07/04 00:00,14.146,14.002,13.906,13.738
16/07/04 00:15,14.122,13.978,13.906,13.762
16/07/04 00:30,14.122,14.002,13.906,13.762
16/07/04 00:45,14.122,14.002,13.906,13.762
16/07/04 01:00,14.122,14.002,13.906,13.762
16/07/04 01:15,14.122,14.002,13.906,13.762
16/07/04 01:30,14.098,14.002,13.906,13.762
16/07/04 01:45,14.098,14.002,13.906,13.762
16/07/04 02:00,14.098,14.002,13.93,13.762
16/07/04 02:15,14.098,14.002,13.93,13.762
16/07/04 02:30,14.098,14.002,13.93,13.762
16/07/04 02:45,14.074,14.002,13.93,13.762
16/07/04 03:00,14.074,14.002,13.93,13.762
16/07/04 03:15,14.074,13.978,13.93,13.762
16/07/04 03:30,14.074,13.978,13.93,13.762
16/07/04 03:45,14.05,13.978,13.93,13.762
16/07/04 04:00,14.05,13.978,13.93,13.762
16/07/04 04:15,14.05,13.978,13.93,13.762
16/07/04 04:30,14.05,13.978,13.906,13.762
16/07/04 04:45,14.026,13.978,13.93,13.762
16/07/04 05:00,14.026,13.978,13.93,13.762
16/07/04 05:15,14.026,13.978,13.93,13.762
16/07/04 05:30,14.002,13.954,13.906,13.762
16/07/04 05:45,14.002,13.978,13.906,13.762
16/07/04 06:00,14.002,13.954,13.906,13.762
16/07/04 06:15,14.002,13.954,13.906,13.762
16/07/04 06:30,13.978,13.954,13.906,13.762
16/07/04 06:45,13.978,13.954,13.906,13.762
16/07/04 07:00,13.978,13.954,13.906,13.762
16/07/04 07:15,13.954,13.93,13.906,13.762
16/07/04 07:30,13.954,13.954,13.906,13.762
16/07/04 07:45,13.954,13.93,13.906,13.762
16/07/04 08:00,13.954,13.93,13.906,13.762
16/07/04 08:15,13.954,13.93,13.906,13.762
16/07/04 08:30,13.93,13.93,13.906,13.762
16/07/04 08:45,13.93,13.93,13.906,13.762
16/07/04 09:00,13.93,13.93,13.906,13.762
16/07/04 09:15,13.93,13.906,13.906,13.762
16/07/04 09:30,13.93,13.906,13.906,13.762
16/07/04 09:45,13.954,13.906,13.906,13.762
16/07/04 10:00,13.954,13.906,13.882,13.762
16/07/04 10:15,13.954,13.906,13.882,13.762
16/07/04 10:30,13.954,13.906,13.882,13.762
16/07/04 10:45,13.954,13.906,13.882,13.738
16/07/04 11:00,13.978,13.906,13.882,13.762
16/07/04 11:15,13.978,13.906,13.882,13.762
16/07/04 11:30,14.002,13.906,13.882,13.738
16/07/04 11:45,14.002,13.906,13.882,13.738
16/07/04 12:00,14.026,13.906,13.882,13.738
16/07/04 12:15,14.026,13.906,13.882,13.738
16/07/04 12:30,14.05,13.906,13.882,13.738
16/07/04 12:45,14.074,13.93,13.882,13.738
16/07/04 13:00,14.098,13.93,13.882,13.738
16/07/04 13:15,14.146,13.93,13.882,13.738
16/07/04 13:30,14.17,13.93,13.882,13.738
16/07/04 13:45,14.194,13.954,13.882,13.738
16/07/04 14:00,14.242,13.954,13.882,13.738
16/07/04 14:15,14.266,13.954,13.882,13.738
16/07/04 14:30,14.29,13.978,13.882,13.738
16/07/04 14:45,14.337,13.978,13.882,13.738
16/07/04 15:00,14.361,14.002,13.882,13.738
16/07/04 15:15,14.385,14.026,13.906,13.738
16/07/04 15:30,14.433,14.026,13.906,13.738
16/07/04 15:45,14.457,14.05,13.906,13.738
16/07/04 16:00,14.481,14.05,13.906,13.738
16/07/04 16:15,14.505,14.074,13.93,13.738
16/07/04 16:30,14.529,14.098,13.93,13.738
16/07/04 16:45,14.577,14.098,13.93,13.738
16/07/04 17:00,14.601,14.122,13.93,13.762
16/07/04 17:15,14.625,14.146,13.954,13.762
16/07/04 17:30,14.649,14.146,13.954,13.762
16/07/04 17:45,14.673,14.17,13.978,13.762
16/07/04 18:00,14.697,14.194,13.978,13.762
16/07/04 18:15,14.745,14.218,13.978,13.762
16/07/04 18:30,14.768,14.218,14.002,13.762
16/07/04 18:45,14.792,14.242,14.002,13.786
16/07/04 19:00,14.816,14.266,14.002,13.786
16/07/04 19:15,14.84,14.29,14.026,13.786
16/07/04 19:30,14.864,14.29,14.026,13.786
16/07/04 19:45,14.864,14.314,14.05,13.786
16/07/04 20:00,14.888,14.337,14.05,13.786
16/07/04 20:15,14.912,14.337,14.074,13.81
16/07/04 20:30,14.936,14.361,14.074,13.81
16/07/04 20:45,14.936,14.385,14.074,13.81
16/07/04 21:00,14.96,14.385,14.098,13.81
16/07/04 21:15,14.96,14.409,14.098,13.81
16/07/04 21:30,14.96,14.409,14.122,13.834
16/07/04 21:45,14.96,14.433,14.122,13.834
16/07/04 22:00,14.96,14.433,14.146,13.834
16/07/04 22:15,14.96,14.457,14.146,13.834
16/07/04 22:30,14.96,14.457,14.146,13.858
16/07/04 22:45,14.96,14.481,14.17,13.858
16/07/04 23:00,14.936,14.481,14.17,13.858
16/07/04 23:15,14.936,14.481,14.17,13.882
16/07/04 23:30,14.912,14.481,14.194,13.882
16/07/04 23:45,14.912,14.505,14.194,13.882
16/07/05 00:00,14.888,14.505,14.194,13.882
16/07/05 00:15,14.864,14.505,14.218,13.882
16/07/05 00:30,14.864,14.505,14.218,13.906
16/07/05 00:45,14.84,14.505,14.218,13.906
16/07/05 01:00,14.816,14.505,14.218,13.906
16/07/05 01:15,14.792,14.505,14.218,13.906
16/07/05 01:30,14.768,14.505,14.242,13.906
16/07/05 01:45,14.745,14.505,14.242,13.93
16/07/05 02:00,14.721,14.505,14.242,13.93
16/07/05 02:15,14.673,14.481,14.242,13.93
16/07/05 02:30,14.649,14.481,14.242,13.93
16/07/05 02:45,14.625,14.481,14.242,13.93
16/07/05 03:00,14.601,14.457,14.242,13.93
16/07/05 03:15,14.553,14.457,14.242,13.954
16/07/05 03:30,14.529,14.433,14.242,13.954
16/07/05 03:45,14.481,14.433,14.242,13.954
16/07/05 04:00,14.457,14.409,14.242,13.954
16/07/05 04:15,14.433,14.409,14.242,13.954
16/07/05 04:30,14.409,14.385,14.242,13.954
16/07/05 04:45,14.385,14.385,14.242,13.954
16/07/05 05:00,14.337,14.361,14.242,13.954
16/07/05 05:15,14.314,14.361,14.218,13.954
16/07/05 05:30,14.314,14.337,14.218,13.954
16/07/05 05:45,14.266,14.337,14.218,13.954
16/07/05 06:00,14.242,14.314,14.218,13.978
16/07/05 06:15,14.218,14.29,14.194,13.954
16/07/05 06:30,14.194,14.29,14.194,13.954
16/07/05 06:45,14.17,14.266,14.194,13.954
16/07/05 07:00,14.146,14.242,14.194,13.954
16/07/05 07:15,14.146,14.242,14.17,13.954
16/07/05 07:30,14.122,14.218,14.17,13.954
16/07/05 07:45,14.098,14.194,14.17,13.954
16/07/05 08:00,14.074,14.194,14.17,13.954
16/07/05 08:15,14.074,14.194,14.146,13.954
16/07/05 08:30,14.05,14.17,14.146,13.954
16/07/05 08:45,14.05,14.146,14.146,13.954
16/07/05 09:00,14.026,14.146,14.122,13.954
16/07/05 09:15,14.026,14.146,14.122,13.93
16/07/05 09:30,14.026,14.122,14.122,13.93
16/07/05 09:45,14.026,14.098,14.122,13.93
16/07/05 10:00,14.026,14.098,14.098,13.93
16/07/05 10:15,14.002,14.098,14.098,13.93
16/07/05 10:30,14.002,14.074,14.074,13.93
16/07/05 10:45,14.026,14.074,14.074,13.93
16/07/05 11:00,14.026,14.074,14.074,13.906
16/07/05 11:15,14.05,14.074,14.074,13.906
16/07/05 11:30,14.05,14.05,14.05,13.906
16/07/05 11:45,14.05,14.05,14.05,13.906
16/07/05 12:00,14.074,14.05,14.05,13.906
16/07/05 12:15,14.098,14.05,14.05,13.906
16/07/05 12:30,14.122,14.05,14.05,13.906
16/07/05 12:45,14.146,14.05,14.026,13.906
16/07/05 13:00,14.146,14.05,14.026,13.882
16/07/05 13:15,14.17,14.05,14.026,13.882
16/07/05 13:30,14.194,14.05,14.026,13.882
16/07/05 13:45,14.218,14.05,14.026,13.882
16/07/05 14:00,14.242,14.074,14.026,13.882
16/07/05 14:15,14.29,14.074,14.026,13.882
16/07/05 14:30,14.314,14.074,14.026,13.882
16/07/05 14:45,14.337,14.098,14.026,13.882
16/07/05 15:00,14.361,14.098,14.026,13.882
16/07/05 15:15,14.385,14.122,14.026,13.882
16/07/05 15:30,14.409,14.122,14.026,13.882
16/07/05 15:45,14.433,14.122,14.026,13.882
16/07/05 16:00,14.481,14.146,14.05,13.858
16/07/05 16:15,14.505,14.146,14.05,13.882
16/07/05 16:30,14.529,14.17,14.05,13.858
16/07/05 16:45,14.577,14.17,14.05,13.882
16/07/05 17:00,14.601,14.194,14.05,13.858
16/07/05 17:15,14.625,14.194,14.05,13.882
16/07/05 17:30,14.649,14.218,14.074,13.882
16/07/05 17:45,14.697,14.242,14.074,13.882
16/07/05 18:00,14.721,14.266,14.074,13.882
16/07/05 18:15,14.745,14.266,14.074,13.882
16/07/05 18:30,14.768,14.29,14.098,13.882
16/07/05 18:45,14.816,14.29,14.098,13.882
16/07/05 19:00,14.84,14.314,14.098,13.882
16/07/05 19:15,14.864,14.337,14.122,13.882
16/07/05 19:30,14.888,14.361,14.122,13.882
16/07/05 19:45,14.912,14.385,14.122,13.882
16/07/05 20:00,14.912,14.385,14.146,13.906
16/07/05 20:15,14.936,14.409,14.146,13.906
16/07/05 20:30,14.96,14.433,14.17,13.906
16/07/05 20:45,14.96,14.433,14.17,13.906
16/07/05 21:00,14.96,14.457,14.17,13.906
16/07/05 21:15,14.96,14.457,14.194,13.906
16/07/05 21:30,14.96,14.481,14.194,13.906
16/07/05 21:45,14.96,14.481,14.194,13.93
16/07/05 22:00,14.96,14.505,14.218,13.93
16/07/05 22:15,14.936,14.505,14.218,13.93
16/07/05 22:30,14.936,14.505,14.242,13.93
16/07/05 22:45,14.912,14.529,14.242,13.93
16/07/05 23:00,14.888,14.529,14.242,13.954
16/07/05 23:15,14.864,14.529,14.242,13.954
16/07/05 23:30,14.864,14.529,14.266,13.954
16/07/05 23:45,14.816,14.529,14.266,13.954
16/07/06 00:00,14.792,14.529,14.266,13.978
16/07/06 00:15,14.768,14.529,14.266,13.954
16/07/06 00:30,14.745,14.505,14.266,13.978
16/07/06 00:45,14.697,14.505,14.29,13.978
16/07/06 01:00,14.673,14.505,14.29,13.978
16/07/06 01:15,14.625,14.505,14.29,13.978
16/07/06 01:30,14.577,14.481,14.29,14.002
16/07/06 01:45,14.553,14.481,14.29,14.002
16/07/06 02:00,14.505,14.481,14.29,14.002
16/07/06 02:15,14.457,14.457,14.29,14.002
16/07/06 02:30,14.433,14.433,14.29,14.002
16/07/06 02:45,14.385,14.433,14.29,14.002
16/07/06 03:00,14.314,14.409,14.266,14.002
16/07/06 03:15,14.266,14.385,14.266,14.002
16/07/06 03:30,14.218,14.361,14.266,14.002
16/07/06 03:45,14.17,14.361,14.266,14.002
16/07/06 04:00,14.122,14.337,14.242,14.002
16/07/06 04:15,14.074,14.314,14.242,14.002
16/07/06 04:30,14.026,14.29,14.242,14.002
16/07/06 04:45,13.978,14.266,14.218,14.002
16/07/06 05:00,13.93,14.242,14.218,14.002
16/07/06 05:15,13.882,14.218,14.194,14.002
16/07/06 05:30,13.81,14.194,14.194,14.002
16/07/06 05:45,13.762,14.146,14.194,14.002
16/07/06 06:00,13.714,14.122,14.17,14.002
16/07/06 06:15,13.69,14.098,14.17,14.002
16/07/06 06:30,13.642,14.074,14.146,13.978
16/07/06 06:45,13.594,14.074,14.146,13.978
16/07/06 07:00,13.546,14.026,14.122,13.978
16/07/06 07:15,13.522,14.002,14.098,13.978
16/07/06 07:30,13.473,13.978,14.098,13.978
16/07/06 07:45,13.449,13.93,14.074,13.954
16/07/06 08:00,13.425,13.93,14.074,13.954
16/07/06 08:15,13.401,13.906,14.05,13.954
16/07/06 08:30,13.377,13.858,14.026,13.93
16/07/06 08:45,13.353,13.858,14.026,13.93
16/07/06 09:00,13.353,13.81,14.002,13.93
16/07/06 09:15,13.353,13.81,13.978,13.93
16/07/06 09:30,13.329,13.786,13.978,13.906
16/07/06 09:45,13.329,13.762,13.954,13.906
16/07/06 10:00,13.329,13.738,13.954,13.906
16/07/06 10:15,13.329,13.738,13.93,13.882
16/07/06 10:30,13.329,13.714,13.906,13.882
16/07/06 10:45,13.329,13.69,13.906,13.882
16/07/06 11:00,13.329,13.69,13.882,13.858
16/07/06 11:15,13.353,13.69,13.882,13.858
16/07/06 11:30,13.353,13.666,13.882,13.858
16/07/06 11:45,13.377,13.666,13.858,13.834
16/07/06 12:00,13.401,13.642,13.834,13.834
16/07/06 12:15,13.425,13.642,13.834,13.81
16/07/06 12:30,13.449,13.642,13.834,13.81
16/07/06 12:45,13.449,13.642,13.81,13.81
16/07/06 13:00,13.497,13.642,13.81,13.81
16/07/06 13:15,13.497,13.642,13.786,13.786
16/07/06 13:30,13.522,13.642,13.786,13.786
16/07/06 13:45,13.57,13.642,13.786,13.786
16/07/06 14:00,13.594,13.642,13.786,13.762
16/07/06 14:15,13.618,13.642,13.786,13.762
16/07/06 14:30,13.666,13.642,13.762,13.762
16/07/06 14:45,13.69,13.666,13.762,13.762
16/07/06 15:00,13.714,13.666,13.762,13.762
16/07/06 15:15,13.762,13.666,13.762,13.738
16/07/06 15:30,13.786,13.69,13.762,13.738
16/07/06 15:45,13.834,13.69,13.762,13.738
16/07/06 16:00,13.858,13.714,13.762,13.714
16/07/06 16:15,13.906,13.714,13.762,13.714
16/07/06 16:30,13.954,13.738,13.762,13.714
16/07/06 16:45,13.978,13.762,13.762,13.714
16/07/06 17:00,14.026,13.762,13.762,13.714
16/07/06 17:15,14.05,13.786,13.786,13.714
16/07/06 17:30,14.098,13.81,13.786,13.714
16/07/06 17:45,14.146,13.81,13.786,13.714
16/07/06 18:00,14.194,13.834,13.786,13.714
16/07/06 18:15,14.218,13.858,13.786,13.714
16/07/06 18:30,14.266,13.882,13.786,13.714
16/07/06 18:45,14.314,13.906,13.81,13.714
16/07/06 19:00,14.361,13.906,13.81,13.714
16/07/06 19:15,14.385,13.93,13.834,13.714
16/07/06 19:30,14.433,13.954,13.834,13.714
16/07/06 19:45,14.481,13.978,13.834,13.714
16/07/06 20:00,14.505,14.002,13.858,13.714
16/07/06 20:15,14.553,14.002,13.858,13.714
16/07/06 20:30,14.577,14.05,13.858,13.714
16/07/06 20:45,14.601,14.074,13.882,13.714
16/07/06 21:00,14.649,14.074,13.906,13.714
16/07/06 21:15,14.673,14.098,13.906,13.714
16/07/06 21:30,14.673,14.122,13.906,13.714
16/07/06 21:45,14.673,14.146,13.93,13.738
16/07/06 22:00,14.697,14.17,13.93,13.738
16/07/06 22:15,14.697,14.194,13.954,13.738
16/07/06 22:30,14.721,14.194,13.954,13.738
16/07/06 22:45,14.721,14.218,13.978,13.762
16/07/06 23:00,14.697,14.242,13.978,13.762
16/07/06 23:15,14.697,14.242,14.002,13.762
16/07/06 23:30,14.697,14.266,14.002,13.762
16/07/06 23:45,14.673,14.266,14.026,13.762
16/07/07 00:00,14.673,14.266,14.026,13.786
16/07/07 00:15,14.649,14.29,14.026,13.786
16/07/07 00:30,14.649,14.29,14.05,13.786
16/07/07 00:45,14.625,14.29,14.05,13.786
16/07/07 01:00,14.601,14.29,14.05,13.81
16/07/07 01:15,14.577,14.29,14.05,13.81
16/07/07 01:30,14.553,14.29,14.074,13.81
16/07/07 01:45,14.529,14.29,14.074,13.81
16/07/07 02:00,14.481,14.29,14.074,13.81
16/07/07 02:15,14.457,14.29,14.098,13.834
16/07/07 02:30,14.409,14.29,14.098,13.834
16/07/07 02:45,14.385,14.266,14.098,13.834
16/07/07 03:00,14.337,14.266,14.098,13.834
16/07/07 03:15,14.314,14.242,14.098,13.834
16/07/07 03:30,14.266,14.242,14.098,13.834
16/07/07 03:45,14.242,14.242,14.098,13.858
16/07/07 04:00,14.194,14.218,14.098,13.858
16/07/07 04:15,14.146,14.218,14.098,13.858
16/07/07 04:30,14.098,14.194,14.074,13.858
16/07/07 04:45,14.05,14.17,14.098,13.858
16/07/07 05:00,14.002,14.17,14.074,13.858
16/07/07 05:15,13.954,14.146,14.074,13.858
16/07/07 05:30,13.93,14.122,14.074,13.858
16/07/07 05:45,13.882,14.098,14.074,13.858
16/07/07 06:00,13.834,14.074,14.05,13.858
16/07/07 06:15,13.81,14.074,14.05,13.858
16/07/07 06:30,13.762,14.05,14.026,13.858
16/07/07 06:45,13.738,14.026,14.026,13.858
16/07/07 07:00,13.69,14.002,14.026,13.858
16/07/07 07:15,13.642,13.978,14.002,13.858
16/07/07 07:30,13.618,13.954,14.002,13.858
16/07/07 07:45,13.594,13.93,13.978,13.834
16/07/07 08:00,13.57,13.906,13.978,13.834
16/07/07 08:15,13.546,13.882,13.978,13.834
16/07/07 08:30,13.522,13.858,13.954,13.834
16/07/07 08:45,13.522,13.858,13.93,13.834
16/07/07 09:00,13.497,13.834,13.93,13.834
16/07/07 09:15,13.497,13.81,13.93,13.834
16/07/07 09:30,13.497,13.81,13.906,13.81
16/07/07 09:45,13.497,13.786,13.906,13.81
16/07/07 10:00,13.497,13.762,13.906,13.81
16/07/07 10:15,13.522,13.762,13.882,13.81
16/07/07 10:30,13.522,13.738,13.882,13.786
16/07/07 10:45,13.522,13.738,13.858,13.786
16/07/07 11:00,13.546,13.714,13.858,13.786
16/07/07 11:15,13.57,13.714,13.834,13.786
16/07/07 11:30,13.594,13.714,13.834,13.762
16/07/07 11:45,13.594,13.714,13.834,13.762
16/07/07 12:00,13.642,13.714,13.81,13.762
16/07/07 12:15,13.666,13.714,13.81,13.762
16/07/07 12:30,13.69,13.714,13.81,13.738
16/07/07 12:45,13.714,13.714,13.81,13.738
16/07/07 13:00,13.762,13.714,13.786,13.738
16/07/07 13:15,13.786,13.714,13.786,13.738
16/07/07 13:30,13.834,13.738,13.786,13.714
16/07/07 13:45,13.858,13.738,13.786,13.714
16/07/07 14:00,13.906,13.738,13.786,13.714
16/07/07 14:15,13.954,13.762,13.786,13.714
16/07/07 14:30,14.002,13.762,13.786,13.714
16/07/07 14:45,14.05,13.786,13.786,13.714
16/07/07 15:00,14.098,13.81,13.786,13.714
16/07/07 15:15,14.146,13.81,13.786,13.714
16/07/07 15:30,14.194,13.834,13.786,13.714
16/07/07 15:45,14.242,13.858,13.786,13.69
16/07/07 16:00,14.29,13.882,13.81,13.69
16/07/07 16:15,14.337,13.906,13.81,13.69
16/07/07 16:30,14.409,13.906,13.81,13.69
16/07/07 16:45,14.457,13.93,13.81,13.69
16/07/07 17:00,14.505,13.954,13.834,13.714
16/07/07 17:15,14.553,13.978,13.834,13.69
16/07/07 17:30,14.625,14.026,13.858,13.714
16/07/07 17:45,14.673,14.05,13.858,13.714
16/07/07 18:00,14.745,14.05,13.882,13.714
16/07/07 18:15,14.792,14.098,13.882,13.714
16/07/07 18:30,14.864,14.122,13.906,13.714
16/07/07 18:45,14.912,14.146,13.906,13.714
16/07/07 19:00,14.96,14.194,13.93,13.714
16/07/07 19:15,15.008,14.218,13.93,13.714
16/07/07 19:30,15.055,14.242,13.954,13.714
16/07/07 19:45,15.127,14.29,13.978,13.738
16/07/07 20:00,15.151,14.314,13.978,13.738
16/07/07 20:15,15.199,14.337,14.002,13.738
16/07/07 20:30,15.247,14.385,14.026,13.762
16/07/07 20:45,15.294,14.409,14.026,13.762
16/07/07 21:00,15.318,14.433,14.05,13.762
16/07/07 21:15,15.366,14.481,14.074,13.762
16/07/07 21:30,15.366,14.505,14.098,13.786
16/07/07 21:45,15.39,14.529,14.098,13.786
16/07/07 22:00,15.414,14.553,14.122,13.81
16/07/07 22:15,15.438,14.577,14.146,13.81
16/07/07 22:30,15.438,14.601,14.146,13.834
16/07/07 22:45,15.438,14.625,14.17,13.834
16/07/07 23:00,15.438,14.649,14.194,13.834
16/07/07 23:15,15.438,14.673,14.218,13.834
16/07/07 23:30,15.438,14.673,14.242,13.858
16/07/07 23:45,15.414,14.697,14.242,13.882
16/07/08 00:00,15.39,14.697,14.266,13.882
16/07/08 00:15,15.39,14.721,14.266,13.882
16/07/08 00:30,15.366,14.721,14.29,13.906
16/07/08 00:45,15.342,14.745,14.314,13.906
16/07/08 01:00,15.318,14.745,14.314,13.906
16/07/08 01:15,15.294,14.745,14.337,13.93
16/07/08 01:30,15.27,14.745,14.337,13.93
16/07/08 01:45,15.247,14.745,14.361,13.954
16/07/08 02:00,15.199,14.768,14.361,13.954
16/07/08 02:15,15.175,14.745,14.361,13.954
16/07/08 02:30,15.151,14.745,14.361,13.978
16/07/08 02:45,15.103,14.745,14.385,13.978
16/07/08 03:00,15.079,14.745,14.385,13.978
16/07/08 03:15,15.031,14.745,14.385,14.002
16/07/08 03:30,15.008,14.721,14.385,14.002
16/07/08 03:45,14.96,14.721,14.385,14.002
16/07/08 04:00,14.912,14.697,14.409,14.002
16/07/08 04:15,14.864,14.697,14.409,14.026
16/07/08 04:30,14.84,14.697,14.409,14.026
16/07/08 04:45,14.792,14.673,14.409,14.026
16/07/08 05:00,14.745,14.673,14.409,14.026
16/07/08 05:15,14.697,14.649,14.409,14.026
16/07/08 05:30,14.673,14.625,14.385,14.05
16/07/08 05:45,14.625,14.625,14.385,14.05
16/07/08 06:00,14.577,14.601,14.385,14.05
16/07/08 06:15,14.529,14.577,14.385,14.05
16/07/08 06:30,14.505,14.553,14.385,14.05
16/07/08 06:45,14.457,14.529,14.385,14.05
16/07/08 07:00,14.409,14.505,14.361,14.05
16/07/08 07:15,14.385,14.505,14.361,14.05
16/07/08 07:30,14.337,14.481,14.361,14.05
16/07/08 07:45,14.314,14.457,14.337,14.05
16/07/08 08:00,14.29,14.433,14.337,14.05
16/07/08 08:15,14.266,14.409,14.337,14.05
16/07/08 08:30,14.242,14.385,14.314,14.05
16/07/08 08:45,14.218,14.361,14.314,14.05
16/07/08 09:00,14.194,14.361,14.29,14.05
16/07/08 09:15,14.194,14.337,14.29,14.05
16/07/08 09:30,14.194,14.314,14.266,14.05
16/07/08 09:45,14.17,14.29,14.266,14.05
16/07/08 10:00,14.194,14.29,14.266,14.05
16/07/08 10:15,14.194,14.266,14.242,14.05
16/07/08 10:30,14.194,14.266,14.242,14.026
16/07/08 10:45,14.194,14.242,14.242,14.026
16/07/08 11:00,14.218,14.242,14.218,14.026
16/07/08 11:15,14.242,14.242,14.218,14.026
16/07/08 11:30,14.266,14.242,14.218,14.026
16/07/08 11:45,14.29,14.218,14.194,14.002
16/07/08 12:00,14.337,14.218,14.194,14.002
16/07/08 12:15,14.361,14.218,14.194,14.002
16/07/08 12:30,14.409,14.218,14.17,14.002
16/07/08 12:45,14.433,14.218,14.17,14.002
16/07/08 13:00,14.481,14.242,14.17,14.002
16/07/08 13:15,14.529,14.242,14.17,14.002
16/07/08 13:30,14.577,14.242,14.17,13.978
16/07/08 13:45,14.649,14.266,14.17,13.978
16/07/08 14:00,14.697,14.29,14.17,13.978
16/07/08 14:15,14.745,14.29,14.17,13.978
16/07/08 14:30,14.816,14.314,14.17,13.978
16/07/08 14:45,14.864,14.337,14.194,13.978
16/07/08 15:00,14.936,14.361,14.17,13.978
16/07/08 15:15,15.008,14.385,14.194,13.978
16/07/08 15:30,15.055,14.409,14.194,13.978
16/07/08 15:45,15.103,14.433,14.194,13.978
16/07/08 16:00,15.175,14.457,14.218,13.978
16/07/08 16:15,15.223,14.481,14.218,13.978
16/07/08 16:30,15.294,14.529,14.242,13.978
16/07/08 16:45,15.342,14.553,14.242,13.978
16/07/08 17:00,15.414,14.577,14.266,13.978
16/07/08 17:15,15.461,14.601,14.29,13.978
16/07/08 17:30,15.533,14.649,14.29,13.978
16/07/08 17:45,15.581,14.673,14.314,14.002
16/07/08 18:00,15.629,14.697,14.314,14.002
16/07/08 18:15,15.676,14.745,14.337,14.002
16/07/08 18:30,15.724,14.768,14.361,14.026
16/07/08 18:45,15.772,14.792,14.361,14.026
16/07/08 19:00,15.843,14.84,14.385,14.026
16/07/08 19:15,15.891,14.864,14.409,14.026
16/07/08 19:30,15.915,14.888,14.433,14.05
16/07/08 19:45,15.963,14.936,14.457,14.05
16/07/08 20:00,16.01,14.96,14.457,14.05
16/07/08 20:15,16.034,14.984,14.481,14.074
16/07/08 20:30,16.058,15.031,14.505,14.074
16/07/08 20:45,16.082,15.055,14.529,14.074
16/07/08 21:00,16.106,15.079,14.553,14.098
16/07/08 21:15,16.129,15.103,14.553,14.098
16/07/08 21:30,16.129,15.127,14.577,14.122
16/07/08 21:45,16.129,15.151,14.601,14.122
16/07/08 22:00,16.129,15.175,14.625,14.122
16/07/08 22:15,16.129,15.199,14.649,14.146
16/07/08 22:30,16.129,15.223,14.649,14.17
16/07/08 22:45,16.106,15.247,14.673,14.17
16/07/08 23:00,16.106,15.247,14.697,14.194
16/07/08 23:15,16.082,15.27,14.697,14.194
16/07/08 23:30,16.058,15.27,14.721,14.194
16/07/08 23:45,16.058,15.294,14.721,14.218
16/07/09 00:00,16.034,15.294,14.745,14.218
16/07/09 00:15,16.01,15.294,14.768,14.242
16/07/09 00:30,15.986,15.294,14.768,14.242
16/07/09 00:45,15.963,15.318,14.768,14.266
16/07/09 01:00,15.939,15.294,14.792,14.29
16/07/09 01:15,15.915,15.294,14.792,14.29
16/07/09 01:30,15.891,15.294,14.816,14.29
16/07/09 01:45,15.843,15.294,14.816,14.314
16/07/09 02:00,15.796,15.294,14.816,14.314
16/07/09 02:15,15.772,15.294,14.84,14.314
16/07/09 02:30,15.724,15.294,14.84,14.337
16/07/09 02:45,15.7,15.294,14.84,14.337
16/07/09 03:00,15.652,15.27,14.84,14.337
16/07/09 03:15,15.605,15.27,14.84,14.361
16/07/09 03:30,15.557,15.247,14.84,14.361
16/07/09 03:45,15.509,15.247,14.864,14.361
16/07/09 04:00,15.485,15.223,14.84,14.361
16/07/09 04:15,15.438,15.223,14.864,14.385
16/07/09 04:30,15.39,15.199,14.84,14.385
16/07/09 04:45,15.366,15.175,14.864,14.385
16/07/09 05:00,15.318,15.175,14.84,14.385
16/07/09 05:15,15.27,15.151,14.84,14.385
16/07/09 05:30,15.223,15.127,14.84,14.385
16/07/09 05:45,15.175,15.127,14.84,14.409
16/07/09 06:00,15.127,15.103,14.816,14.409
16/07/09 06:15,15.103,15.079,14.816,14.409
16/07/09 06:30,15.055,15.055,14.816,14.409
16/07/09 06:45,15.008,15.031,14.816,14.409
16/07/09 07:00,14.96,15.008,14.792,14.409
16/07/09 07:15,14.936,14.984,14.792,14.409
16/07/09 07:30,14.912,14.96,14.792,14.409
16/07/09 07:45,14.864,14.936,14.768,14.409
16/07/09 08:00,14.84,14.936,14.768,14.409
16/07/09 08:15,14.84,14.912,14.745,14.409
16/07/09 08:30,14.792,14.888,14.745,14.409
16/07/09 08:45,14.792,14.864,14.745,14.409
16/07/09 09:00,14.768,14.84,14.721,14.409
16/07/09 09:15,14.768,14.816,14.721,14.385
16/07/09 09:30,14.745,14.816,14.721,14.385
16/07/09 09:45,14.745,14.792,14.697,14.385
16/07/09 10:00,14.721,14.768,14.673,14.385
16/07/09 10:15,14.721,14.768,14.673,14.385
16/07/09 10:30,14.721,14.768,14.673,14.385
16/07/09 10:45,14.721,14.745,14.673,14.361
16/07/09 11:00,14.721,14.721,14.649,14.361
16/07/09 11:15,14.721,14.721,14.649,14.361
16/07/09 11:30,14.745,14.721,14.625,14.361
16/07/09 11:45,14.745,14.697,14.625,14.361
16/07/09 12:00,14.768,14.697,14.625,14.361
16/07/09 12:15,14.768,14.697,14.625,14.361
16/07/09 12:30,14.792,14.673,14.601,14.337
16/07/09 12:45,14.816,14.673,14.601,14.337
16/07/09 13:00,14.84,14.673,14.601,14.337
16/07/09 13:15,14.864,14.673,14.577,14.337
16/07/09 13:30,14.888,14.673,14.577,14.337
16/07/09 13:45,14.912,14.697,14.577,14.337
16/07/09 14:00,14.96,14.697,14.577,14.337
16/07/09 14:15,15.008,14.697,14.577,14.337
16/07/09 14:30,15.031,14.697,14.577,14.314
16/07/09 14:45,15.079,14.721,14.577,14.314
16/07/09 15:00,15.103,14.721,14.577,14.314
16/07/09 15:15,15.151,14.721,14.577,14.314
16/07/09 15:30,15.175,14.745,14.577,14.314
16/07/09 15:45,15.223,14.768,14.577,14.314
16/07/09 16:00,15.27,14.768,14.577,14.314
16/07/09 16:15,15.318,14.792,14.577,14.314
16/07/09 16:30,15.366,14.816,14.577,14.314
16/07/09 16:45,15.39,14.816,14.577,14.29
16/07/09 17:00,15.438,14.84,14.601,14.29
16/07/09 17:15,15.485,14.864,14.601,14.29
16/07/09 17:30,15.533,14.888,14.601,14.29
16/07/09 17:45,15.581,14.912,14.625,14.29
16/07/09 18:00,15.629,14.936,14.625,14.29
16/07/09 18:15,15.676,14.96,14.649,14.29
16/07/09 18:30,15.724,14.984,14.649,14.29
16/07/09 18:45,15.796,15.008,14.649,14.29
16/07/09 19:00,15.843,15.031,14.673,14.29
16/07/09 19:15,15.891,15.055,14.673,14.29
16/07/09 19:30,15.915,15.079,14.697,14.29
16/07/09 19:45,15.963,15.103,14.697,14.29
16/07/09 20:00,16.01,15.127,14.721,14.29
16/07/09 20:15,16.034,15.151,14.721,14.29
16/07/09 20:30,16.082,15.175,14.745,14.29
16/07/09 20:45,16.106,15.199,14.768,14.314
16/07/09 21:00,16.153,15.223,14.768,14.314
16/07/09 21:15,16.177,15.27,14.792,14.314
16/07/09 21:30,16.177,15.27,14.792,14.314
16/07/09 21:45,16.201,15.294,14.816,14.314
16/07/09 22:00,16.201,15.318,14.84,14.314
16/07/09 22:15,16.225,15.342,14.84,14.337
16/07/09 22:30,16.225,15.366,14.864,14.337
16/07/09 22:45,16.225,15.39,14.888,14.337
16/07/09 23:00,16.225,15.414,14.888,14.314
16/07/09 23:15,16.225,15.438,14.912,14.337
16/07/09 23:30,16.225,15.438,14.912,14.337
16/07/09 23:45,16.201,15.438,14.936,14.361
16/07/10 00:00,16.201,15.461,14.936,14.337
16/07/10 00:15,16.177,15.461,14.96,14.337
16/07/10 00:30,16.177,15.461,14.96,14.361
16/07/10 00:45,16.153,15.485,14.984,14.361
16/07/10 01:00,16.129,15.485,14.984,14.361
16/07/10 01:15,16.106,15.485,15.008,14.385
16/07/10 01:30,16.082,15.485,15.008,14.481
16/07/10 01:45,16.058,15.485,15.008,14.481
16/07/10 02:00,16.034,15.485,15.031,14.505
16/07/10 02:15,16.01,15.485,15.031,14.505
16/07/10 02:30,15.986,15.485,15.055,14.505
16/07/10 02:45,15.939,15.485,15.055,14.505
16/07/10 03:00,15.915,15.485,15.055,14.529
16/07/10 03:15,15.891,15.485,15.055,14.529
16/07/10 03:30,15.843,15.461,15.055,14.529
16/07/10 03:45,15.796,15.461,15.055,14.529
16/07/10 04:00,15.748,15.438,15.055,14.529
16/07/10 04:15,15.724,15.438,15.055,14.553
16/07/10 04:30,15.676,15.438,15.079,14.553
16/07/10 04:45,15.652,15.414,15.055,14.553
16/07/10 05:00,15.605,15.39,15.055,14.553
16/07/10 05:15,15.557,15.39,15.055,14.553
16/07/10 05:30,15.509,15.366,15.055,14.553
16/07/10 05:45,15.461,15.342,15.055,14.577
16/07/10 06:00,15.438,15.342,15.055,14.577
16/07/10 06:15,15.39,15.318,15.055,14.577
16/07/10 06:30,15.342,15.294,15.031,14.577
16/07/10 06:45,15.294,15.27,15.031,14.577
16/07/10 07:00,15.27,15.27,15.031,14.577
16/07/10 07:15,15.223,15.247,15.031,14.577
16/07/10 07:30,15.199,15.223,15.008,14.577
16/07/10 07:45,15.175,15.199,15.008,14.577
16/07/10 08:00,15.151,15.175,14.984,14.577
16/07/10 08:15,15.127,15.151,14.984,14.577
16/07/10 08:30,15.103,15.151,14.984,14.577
16/07/10 08:45,15.079,15.127,14.96,14.577
16/07/10 09:00,15.055,15.103,14.96,14.577
16/07/10 09:15,15.055,15.079,14.96,14.577
16/07/10 09:30,15.055,15.055,14.936,14.577
16/07/10 09:45,15.031,15.055,14.936,14.577
16/07/10 10:00,15.031,15.031,14.936,14.553
16/07/10 10:15,15.031,15.031,14.912,14.553
16/07/10 10:30,15.031,15.008,14.912,14.553
16/07/10 10:45,15.031,15.008,14.888,14.553
16/07/10 11:00,15.055,14.984,14.888,14.553
16/07/10 11:15,15.055,14.984,14.888,14.553
16/07/10 11:30,15.079,14.96,14.864,14.529
16/07/10 11:45,15.103,14.96,14.864,14.529
16/07/10 12:00,15.127,14.96,14.864,14.529
16/07/10 12:15,15.151,14.96,14.864,14.529
16/07/10 12:30,15.175,14.96,14.84,14.529
16/07/10 12:45,15.199,14.96,14.84,14.505
16/07/10 13:00,15.247,14.984,14.84,14.505
16/07/10 13:15,15.294,14.96,14.84,14.529
16/07/10 13:30,15.318,14.984,14.84,14.529
16/07/10 13:45,15.366,14.984,14.816,14.529
16/07/10 14:00,15.414,15.008,14.816,14.529
16/07/10 14:15,15.438,15.008,14.816,14.529
16/07/10 14:30,15.485,15.031,14.816,14.529
16/07/10 14:45,15.533,15.031,14.84,14.529
16/07/10 15:00,15.581,15.055,14.84,14.505
16/07/10 15:15,15.652,15.079,14.84,14.505
16/07/10 15:30,15.7,15.079,14.84,14.529
16/07/10 15:45,15.748,15.103,14.84,14.529
16/07/10 16:00,15.796,15.127,14.864,14.529
16/07/10 16:15,15.867,15.151,14.864,14.505
16/07/10 16:30,15.915,15.175,14.864,14.505
16/07/10 16:45,15.986,15.199,14.864,14.529
16/07/10 17:00,16.034,15.223,14.888,14.529
16/07/10 17:15,16.082,15.247,14.912,14.529
16/07/10 17:30,16.129,15.27,14.912,14.529
16/07/10 17:45,16.177,15.294,14.912,14.529
16/07/10 18:00,16.225,15.342,14.936,14.529
16/07/10 18:15,16.296,15.366,14.936,14.529
16/07/10 18:30,16.344,15.39,14.96,14.529
16/07/10 18:45,16.392,15.414,14.984,14.553
16/07/10 19:00,16.439,15.438,14.984,14.553
16/07/10 19:15,16.487,15.485,15.008,14.553
16/07/10 19:30,16.534,15.509,15.031,14.553
16/07/10 19:45,16.582,15.533,15.031,14.577
16/07/10 20:00,16.606,15.581,15.055,14.577
16/07/10 20:15,16.654,15.605,15.079,14.577
16/07/10 20:30,16.677,15.629,15.079,14.601
16/07/10 20:45,16.701,15.652,15.103,14.601
16/07/10 21:00,16.725,15.676,15.127,14.601
16/07/10 21:15,16.749,15.7,15.127,14.625
16/07/10 21:30,16.749,15.748,15.151,14.625
16/07/10 21:45,16.773,15.748,15.175,14.649
16/07/10 22:00,16.773,15.796,15.199,14.649
16/07/10 22:15,16.773,15.819,15.199,14.649
16/07/10 22:30,16.796,15.843,15.223,14.673
16/07/10 22:45,16.773,15.843,15.247,14.673
16/07/10 23:00,16.773,15.867,15.247,14.673
16/07/10 23:15,16.773,15.891,15.27,14.697
16/07/10 23:30,16.773,15.891,15.294,14.697
16/07/10 23:45,16.749,15.915,15.318,14.721
16/07/11 00:00,16.749,15.915,15.318,14.721
16/07/11 00:15,16.749,15.915,15.342,14.721
16/07/11 00:30,16.725,15.939,15.342,14.745
16/07/11 00:45,16.701,15.939,15.342,14.745
16/07/11 01:00,16.677,15.939,15.366,14.768
16/07/11 01:15,16.677,15.963,15.366,14.768
16/07/11 01:30,16.654,15.963,15.39,14.792
16/07/11 01:45,16.63,15.963,15.39,14.792
16/07/11 02:00,16.606,15.963,15.414,14.792
16/07/11 02:15,16.582,15.963,15.414,14.816
16/07/11 02:30,16.558,15.963,15.414,14.816
16/07/11 02:45,16.511,15.939,15.438,14.816
16/07/11 03:00,16.487,15.939,15.438,14.84
16/07/11 03:15,16.463,15.939,15.438,14.84
16/07/11 03:30,16.439,15.939,15.438,14.864
16/07/11 03:45,16.392,15.939,15.438,14.864
16/07/11 04:00,16.368,15.915,15.438,14.864
16/07/11 04:15,16.32,15.915,15.438,14.864
16/07/11 04:30,16.296,15.915,15.438,14.864
16/07/11 04:45,16.249,15.891,15.438,14.888
16/07/11 05:00,16.225,15.891,15.438,14.888
16/07/11 05:15,16.201,15.867,15.438,14.888
16/07/11 05:30,16.153,15.867,15.438,14.888
16/07/11 05:45,16.106,15.843,15.438,14.912
16/07/11 06:00,16.082,15.843,15.438,14.912
16/07/11 06:15,16.034,15.819,15.438,14.912
16/07/11 06:30,16.01,15.772,15.438,14.912
16/07/11 06:45,15.963,15.772,15.438,14.912
16/07/11 07:00,15.939,15.748,15.438,14.912
16/07/11 07:15,15.915,15.748,15.438,14.912
16/07/11 07:30,15.867,15.724,15.414,14.912
16/07/11 07:45,15.843,15.7,15.414,14.912
16/07/11 08:00,15.796,15.676,15.414,14.936
16/07/11 08:15,15.772,15.676,15.414,14.912
16/07/11 08:30,15.748,15.652,15.39,14.912
16/07/11 08:45,15.724,15.629,15.39,14.936
16/07/11 09:00,15.7,15.629,15.39,14.912
16/07/11 09:15,15.676,15.605,15.39,14.912
16/07/11 09:30,15.652,15.581,15.366,14.912
16/07/11 09:45,15.629,15.581,15.342,14.912
16/07/11 10:00,15.605,15.557,15.342,14.912
16/07/11 10:15,15.605,15.533,15.342,14.912
16/07/11 10:30,15.581,15.533,15.318,14.912
16/07/11 10:45,15.557,15.509,15.318,14.912
16/07/11 11:00,15.557,15.485,15.318,14.912
16/07/11 11:15,15.533,15.485,15.294,14.912
16/07/11 11:30,15.533,15.461,15.294,14.912
16/07/11 11:45,15.533,15.461,15.294,14.888
16/07/11 12:00,15.509,15.438,15.294,14.888
16/07/11 12:15,15.509,15.438,15.27,14.888
16/07/11 12:30,15.509,15.438,15.27,14.912
16/07/11 12:45,15.485,15.414,15.247,14.888
16/07/11 13:00,15.485,15.414,15.247,14.888
16/07/11 13:15,15.485,15.39,15.247,14.888
16/07/11 13:30,15.485,15.39,15.247,14.888
16/07/11 13:45,15.485,15.39,15.223,14.864
16/07/11 14:00,15.485,15.366,15.223,14.864
16/07/11 14:15,15.485,15.366,15.223,14.864
16/07/11 14:30,15.485,15.366,15.199,14.864
16/07/11 14:45,15.509,15.342,15.223,14.864
16/07/11 15:00,15.509,15.366,15.199,14.864
16/07/11 15:15,15.509,15.342,15.199,14.864
16/07/11 15:30,15.509,15.342,15.199,14.84
16/07/11 15:45,15.509,15.342,15.175,14.84
16/07/11 16:00,15.533,15.342,15.175,14.84
16/07/11 16:15,15.533,15.342,15.175,14.84
16/07/11 16:30,15.533,15.342,15.175,14.84
16/07/11 16:45,15.557,15.318,15.175,14.84
16/07/11 17:00,15.557,15.342,15.175,14.84
16/07/11 17:15,15.581,15.342,15.175,14.816
16/07/11 17:30,15.581,15.342,15.151,14.816
16/07/11 17:45,15.581,15.342,15.151,14.816
16/07/11 18:00,15.581,15.342,15.151,14.816
16/07/11 18:15,15.605,15.342,15.151,14.816
16/07/11 18:30,15.605,15.342,15.151,14.816
16/07/11 18:45,15.605,15.342,15.151,14.816
16/07/11 19:00,15.629,15.342,15.151,14.816
16/07/11 19:15,15.629,15.342,15.151,14.816
16/07/11 19:30,15.629,15.342,15.151,14.816
16/07/11 19:45,15.629,15.342,15.151,14.816
16/07/11 20:00,15.629,15.342,15.151,14.816
16/07/11 20:15,15.629,15.342,15.151,14.816
16/07/11 20:30,15.629,15.342,15.151,14.816
16/07/11 20:45,15.629,15.342,15.151,14.816
16/07/11 21:00,15.629,15.366,15.151,14.792
16/07/11 21:15,15.629,15.366,15.151,14.816
16/07/11 21:30,15.629,15.342,15.151,14.792
16/07/11 21:45,15.629,15.366,15.151,14.816
