Titre de tracé : point_montberneux,,,,,,
#,"Date Heure, GMT+01:00","Tension, V (LGR S/N: 10831978, SEN S/N: 10831978, LBL: dh)","Temp., °C (LGR S/N: 10831978, SEN S/N: 10831978, LBL: T°C)",Hôte connecté (LGR S/N: 10831978),Arrêté (LGR S/N: 10831978),Fin de fichier (LGR S/N: 10831978)
1,06/27/16 12:00:00 PM,1.26787,18.342,,,
2,06/27/16 12:15:00 PM,1.0663,13.898,,,
3,06/27/16 12:30:00 PM,1.20661,13.915,,,
4,06/27/16 12:45:00 PM,1.24533,13.939,,,
5,06/27/16 01:00:00 PM,1.24437,13.967,,,
6,06/27/16 01:15:00 PM,1.24105,13.985,,,
7,06/27/16 01:30:00 PM,1.23953,14.021,,,
8,06/27/16 01:45:00 PM,1.23854,14.062,,,
9,06/27/16 02:00:00 PM,1.23789,14.095,,,
10,06/27/16 02:15:00 PM,1.23873,14.137,,,
11,06/27/16 02:30:00 PM,1.23877,14.177,,,
12,06/27/16 02:45:00 PM,1.23884,14.204,,,
13,06/27/16 03:00:00 PM,1.23812,14.259,,,
14,06/27/16 03:15:00 PM,1.23785,14.312,,,
15,06/27/16 03:30:00 PM,1.23812,14.378,,,
16,06/27/16 03:45:00 PM,1.23838,14.414,,,
17,06/27/16 04:00:00 PM,1.23789,14.489,,,
18,06/27/16 04:15:00 PM,1.23842,14.521,,,
19,06/27/16 04:30:00 PM,1.23865,14.575,,,
20,06/27/16 04:45:00 PM,1.23842,14.647,,,
21,06/27/16 05:00:00 PM,1.2393,14.717,,,
22,06/27/16 05:15:00 PM,1.23892,14.767,,,
23,06/27/16 05:30:00 PM,1.23903,14.818,,,
24,06/27/16 05:45:00 PM,1.23842,14.855,,,
25,06/27/16 06:00:00 PM,1.23854,14.88,,,
26,06/27/16 06:15:00 PM,1.23842,14.91,,,
27,06/27/16 06:30:00 PM,1.23911,14.94,,,
28,06/27/16 06:45:00 PM,1.23896,14.957,,,
29,06/27/16 07:00:00 PM,1.23938,14.978,,,
30,06/27/16 07:15:00 PM,1.23941,14.995,,,
31,06/27/16 07:30:00 PM,1.23907,15.016,,,
32,06/27/16 07:45:00 PM,1.23941,15.03,,,
33,06/27/16 08:00:00 PM,1.23869,15.039,,,
34,06/27/16 08:15:00 PM,1.23888,15.042,,,
35,06/27/16 08:30:00 PM,1.23926,15.049,,,
36,06/27/16 08:45:00 PM,1.23896,15.057,,,
37,06/27/16 09:00:00 PM,1.23892,15.067,,,
38,06/27/16 09:15:00 PM,1.2388,15.076,,,
39,06/27/16 09:30:00 PM,1.23884,15.066,,,
40,06/27/16 09:45:00 PM,1.2398,15.052,,,
41,06/27/16 10:00:00 PM,1.23816,15.048,,,
42,06/27/16 10:15:00 PM,1.2393,15.033,,,
43,06/27/16 10:30:00 PM,1.23884,15.01,,,
44,06/27/16 10:45:00 PM,1.23892,15.025,,,
45,06/27/16 11:00:00 PM,1.23915,15.042,,,
46,06/27/16 11:15:00 PM,1.23892,15.031,,,
47,06/27/16 11:30:00 PM,1.23884,14.994,,,
48,06/27/16 11:45:00 PM,1.23877,14.939,,,
49,06/28/16 12:00:00 AM,1.23938,14.892,,,
50,06/28/16 12:15:00 AM,1.23945,14.853,,,
51,06/28/16 12:30:00 AM,1.23934,14.816,,,
52,06/28/16 12:45:00 AM,1.23941,14.788,,,
53,06/28/16 01:00:00 AM,1.23987,14.761,,,
54,06/28/16 01:15:00 AM,1.24048,14.731,,,
55,06/28/16 01:30:00 AM,1.23911,14.694,,,
56,06/28/16 01:45:00 AM,1.23911,14.644,,,
57,06/28/16 02:00:00 AM,1.23865,14.592,,,
58,06/28/16 02:15:00 AM,1.23953,14.547,,,
59,06/28/16 02:30:00 AM,1.23911,14.499,,,
60,06/28/16 02:45:00 AM,1.23934,14.439,,,
61,06/28/16 03:00:00 AM,1.23865,14.376,,,
62,06/28/16 03:15:00 AM,1.2393,14.322,,,
63,06/28/16 03:30:00 AM,1.2398,14.283,,,
64,06/28/16 03:45:00 AM,1.23941,14.256,,,
65,06/28/16 04:00:00 AM,1.23911,14.241,,,
66,06/28/16 04:15:00 AM,1.23999,14.225,,,
67,06/28/16 04:30:00 AM,1.2393,14.204,,,
68,06/28/16 04:45:00 AM,1.24067,14.177,,,
69,06/28/16 05:00:00 AM,1.23968,14.15,,,
70,06/28/16 05:15:00 AM,1.23999,14.123,,,
71,06/28/16 05:30:00 AM,1.23911,14.096,,,
72,06/28/16 05:45:00 AM,1.23995,14.074,,,
73,06/28/16 06:00:00 AM,1.23915,14.054,,,
74,06/28/16 06:15:00 AM,1.23922,14.038,,,
75,06/28/16 06:30:00 AM,1.24052,14.024,,,
76,06/28/16 06:45:00 AM,1.23941,14.015,,,
77,06/28/16 07:00:00 AM,1.23896,14.009,,,
78,06/28/16 07:15:00 AM,1.23865,14.008,,,
79,06/28/16 07:30:00 AM,1.23892,14.006,,,
80,06/28/16 07:45:00 AM,1.23938,14.006,,,
81,06/28/16 08:00:00 AM,1.24025,14.006,,,
82,06/28/16 08:15:00 AM,1.23968,14.011,,,
83,06/28/16 08:30:00 AM,1.24037,14.017,,,
84,06/28/16 08:45:00 AM,1.23995,14.024,,,
85,06/28/16 09:00:00 AM,1.23922,14.029,,,
86,06/28/16 09:15:00 AM,1.23945,14.035,,,
87,06/28/16 09:30:00 AM,1.23922,14.044,,,
88,06/28/16 09:45:00 AM,1.23926,14.068,,,
89,06/28/16 10:00:00 AM,1.23991,14.098,,,
90,06/28/16 10:15:00 AM,1.24033,14.117,,,
91,06/28/16 10:30:00 AM,1.24006,14.138,,,
92,06/28/16 10:45:00 AM,1.23899,14.162,,,
93,06/28/16 11:00:00 AM,1.23983,14.188,,,
94,06/28/16 11:15:00 AM,1.23896,14.211,,,
95,06/28/16 11:30:00 AM,1.2393,14.229,,,
96,06/28/16 11:45:00 AM,1.2393,14.249,,,
97,06/28/16 12:00:00 PM,1.24067,14.268,,,
98,06/28/16 12:15:00 PM,1.23976,14.304,,,
99,06/28/16 12:30:00 PM,1.24022,14.351,,,
100,06/28/16 12:45:00 PM,1.24006,14.397,,,
101,06/28/16 01:00:00 PM,1.23983,14.454,,,
102,06/28/16 01:15:00 PM,1.23976,14.503,,,
103,06/28/16 01:30:00 PM,1.24048,14.563,,,
104,06/28/16 01:45:00 PM,1.23983,14.625,,,
105,06/28/16 02:00:00 PM,1.24128,14.679,,,
106,06/28/16 02:15:00 PM,1.24098,14.729,,,
107,06/28/16 02:30:00 PM,1.24075,14.771,,,
108,06/28/16 02:45:00 PM,1.24075,14.816,,,
109,06/28/16 03:00:00 PM,1.24044,14.862,,,
110,06/28/16 03:15:00 PM,1.24098,14.901,,,
111,06/28/16 03:30:00 PM,1.24117,14.966,,,
112,06/28/16 03:45:00 PM,1.24144,15.013,,,
113,06/28/16 04:00:00 PM,1.24151,15.06,,,
114,06/28/16 04:15:00 PM,1.24182,15.111,,,
115,06/28/16 04:30:00 PM,1.24147,15.175,,,
116,06/28/16 04:45:00 PM,1.2414,15.211,,,
117,06/28/16 05:00:00 PM,1.24117,15.243,,,
118,06/28/16 05:15:00 PM,1.24117,15.299,,,
119,06/28/16 05:30:00 PM,1.24201,15.369,,,
120,06/28/16 05:45:00 PM,1.24212,15.424,,,
121,06/28/16 06:00:00 PM,1.24247,15.464,,,
122,06/28/16 06:15:00 PM,1.24285,15.511,,,
123,06/28/16 06:30:00 PM,1.24254,15.558,,,
124,06/28/16 06:45:00 PM,1.24224,15.585,,,
125,06/28/16 07:00:00 PM,1.24269,15.619,,,
126,06/28/16 07:15:00 PM,1.24346,15.655,,,
127,06/28/16 07:30:00 PM,1.24384,15.67,,,
128,06/28/16 07:45:00 PM,1.24388,15.666,,,
129,06/28/16 08:00:00 PM,1.24353,15.666,,,
130,06/28/16 08:15:00 PM,1.24353,15.667,,,
131,06/28/16 08:30:00 PM,1.24304,15.657,,,
132,06/28/16 08:45:00 PM,1.24342,15.637,,,
133,06/28/16 09:00:00 PM,1.24327,15.621,,,
134,06/28/16 09:15:00 PM,1.24296,15.606,,,
135,06/28/16 09:30:00 PM,1.2438,15.584,,,
136,06/28/16 09:45:00 PM,1.24357,15.555,,,
137,06/28/16 10:00:00 PM,1.24372,15.527,,,
138,06/28/16 10:15:00 PM,1.24266,15.5,,,
139,06/28/16 10:30:00 PM,1.2438,15.47,,,
140,06/28/16 10:45:00 PM,1.2435,15.439,,,
141,06/28/16 11:00:00 PM,1.24353,15.406,,,
142,06/28/16 11:15:00 PM,1.24311,15.375,,,
143,06/28/16 11:30:00 PM,1.24323,15.339,,,
144,06/28/16 11:45:00 PM,1.24338,15.303,,,
145,06/29/16 12:00:00 AM,1.24361,15.264,,,
146,06/29/16 12:15:00 AM,1.24365,15.223,,,
147,06/29/16 12:30:00 AM,1.24334,15.182,,,
148,06/29/16 12:45:00 AM,1.24342,15.143,,,
149,06/29/16 01:00:00 AM,1.24315,15.106,,,
150,06/29/16 01:15:00 AM,1.24281,15.069,,,
151,06/29/16 01:30:00 AM,1.24338,15.031,,,
152,06/29/16 01:45:00 AM,1.24285,14.992,,,
153,06/29/16 02:00:00 AM,1.24254,14.955,,,
154,06/29/16 02:15:00 AM,1.24308,14.916,,,
155,06/29/16 02:30:00 AM,1.24239,14.879,,,
156,06/29/16 02:45:00 AM,1.24277,14.84,,,
157,06/29/16 03:00:00 AM,1.2425,14.8,,,
158,06/29/16 03:15:00 AM,1.24266,14.758,,,
159,06/29/16 03:30:00 AM,1.24342,14.717,,,
160,06/29/16 03:45:00 AM,1.24208,14.673,,,
161,06/29/16 04:00:00 AM,1.24269,14.626,,,
162,06/29/16 04:15:00 AM,1.24304,14.578,,,
163,06/29/16 04:30:00 AM,1.24292,14.53,,,
164,06/29/16 04:45:00 AM,1.24277,14.481,,,
165,06/29/16 05:00:00 AM,1.24262,14.433,,,
166,06/29/16 05:15:00 AM,1.24315,14.382,,,
167,06/29/16 05:30:00 AM,1.2425,14.324,,,
168,06/29/16 05:45:00 AM,1.2425,14.274,,,
169,06/29/16 06:00:00 AM,1.2425,14.231,,,
170,06/29/16 06:15:00 AM,1.24231,14.185,,,
171,06/29/16 06:30:00 AM,1.24273,14.147,,,
172,06/29/16 06:45:00 AM,1.243,14.114,,,
173,06/29/16 07:00:00 AM,1.24178,14.083,,,
174,06/29/16 07:15:00 AM,1.24205,14.059,,,
175,06/29/16 07:30:00 AM,1.24216,14.038,,,
176,06/29/16 07:45:00 AM,1.24193,14.018,,,
177,06/29/16 08:00:00 AM,1.24193,14.002,,,
178,06/29/16 08:15:00 AM,1.24201,13.985,,,
179,06/29/16 08:30:00 AM,1.24269,13.97,,,
180,06/29/16 08:45:00 AM,1.24266,13.957,,,
181,06/29/16 09:00:00 AM,1.24208,13.951,,,
182,06/29/16 09:15:00 AM,1.24239,13.958,,,
183,06/29/16 09:30:00 AM,1.24331,13.975,,,
184,06/29/16 09:45:00 AM,1.24212,13.993,,,
185,06/29/16 10:00:00 AM,1.24308,14.006,,,
186,06/29/16 10:15:00 AM,1.24315,14.012,,,
187,06/29/16 10:30:00 AM,1.24285,14.021,,,
188,06/29/16 10:45:00 AM,1.24304,14.045,,,
189,06/29/16 11:00:00 AM,1.24216,14.09,,,
190,06/29/16 11:15:00 AM,1.24243,14.129,,,
191,06/29/16 11:30:00 AM,1.2422,14.165,,,
192,06/29/16 11:45:00 AM,1.243,14.208,,,
193,06/29/16 12:00:00 PM,1.24289,14.247,,,
194,06/29/16 12:15:00 PM,1.24319,14.303,,,
195,06/29/16 12:30:00 PM,1.24323,14.379,,,
196,06/29/16 12:45:00 PM,1.2435,14.45,,,
197,06/29/16 01:00:00 PM,1.24342,14.529,,,
198,06/29/16 01:15:00 PM,1.2435,14.605,,,
199,06/29/16 01:30:00 PM,1.24342,14.676,,,
200,06/29/16 01:45:00 PM,1.24376,14.734,,,
201,06/29/16 02:00:00 PM,1.24437,14.809,,,
202,06/29/16 02:15:00 PM,1.24441,14.895,,,
203,06/29/16 02:30:00 PM,1.24441,14.963,,,
204,06/29/16 02:45:00 PM,1.24529,15.07,,,
205,06/29/16 03:00:00 PM,1.24456,15.151,,,
206,06/29/16 03:15:00 PM,1.24472,15.251,,,
207,06/29/16 03:30:00 PM,1.2451,15.303,,,
208,06/29/16 03:45:00 PM,1.24491,15.384,,,
209,06/29/16 04:00:00 PM,1.24559,15.463,,,
210,06/29/16 04:15:00 PM,1.24514,15.531,,,
211,06/29/16 04:30:00 PM,1.24578,15.59,,,
212,06/29/16 04:45:00 PM,1.24521,15.667,,,
213,06/29/16 05:00:00 PM,1.24418,15.731,,,
214,06/29/16 05:15:00 PM,1.24578,15.785,,,
215,06/29/16 05:30:00 PM,1.24559,15.836,,,
216,06/29/16 05:45:00 PM,1.24575,15.898,,,
217,06/29/16 06:00:00 PM,1.2462,15.94,,,
218,06/29/16 06:15:00 PM,1.24578,15.977,,,
219,06/29/16 06:30:00 PM,1.24632,16.01,,,
220,06/29/16 06:45:00 PM,1.24613,16.038,,,
221,06/29/16 07:00:00 PM,1.24628,16.056,,,
222,06/29/16 07:15:00 PM,1.24647,16.07,,,
223,06/29/16 07:30:00 PM,1.24666,16.074,,,
224,06/29/16 07:45:00 PM,1.24666,16.074,,,
225,06/29/16 08:00:00 PM,1.24666,16.071,,,
226,06/29/16 08:15:00 PM,1.2467,16.064,,,
227,06/29/16 08:30:00 PM,1.24674,16.053,,,
228,06/29/16 08:45:00 PM,1.24723,16.041,,,
229,06/29/16 09:00:00 PM,1.24678,16.028,,,
230,06/29/16 09:15:00 PM,1.24598,16.013,,,
231,06/29/16 09:30:00 PM,1.24662,15.992,,,
232,06/29/16 09:45:00 PM,1.24662,15.97,,,
233,06/29/16 10:00:00 PM,1.24659,15.942,,,
234,06/29/16 10:15:00 PM,1.24716,15.915,,,
235,06/29/16 10:30:00 PM,1.24659,15.883,,,
236,06/29/16 10:45:00 PM,1.24617,15.849,,,
237,06/29/16 11:00:00 PM,1.2464,15.812,,,
238,06/29/16 11:15:00 PM,1.24651,15.773,,,
239,06/29/16 11:30:00 PM,1.2462,15.733,,,
240,06/29/16 11:45:00 PM,1.24586,15.694,,,
241,06/30/16 12:00:00 AM,1.2459,15.652,,,
242,06/30/16 12:15:00 AM,1.24563,15.609,,,
243,06/30/16 12:30:00 AM,1.24571,15.564,,,
244,06/30/16 12:45:00 AM,1.2462,15.518,,,
245,06/30/16 01:00:00 AM,1.24556,15.472,,,
246,06/30/16 01:15:00 AM,1.24514,15.421,,,
247,06/30/16 01:30:00 AM,1.24498,15.373,,,
248,06/30/16 01:45:00 AM,1.24529,15.324,,,
249,06/30/16 02:00:00 AM,1.24506,15.273,,,
250,06/30/16 02:15:00 AM,1.24514,15.22,,,
251,06/30/16 02:30:00 AM,1.24445,15.167,,,
252,06/30/16 02:45:00 AM,1.24502,15.118,,,
253,06/30/16 03:00:00 AM,1.24502,15.067,,,
254,06/30/16 03:15:00 AM,1.24502,15.018,,,
255,06/30/16 03:30:00 AM,1.24472,14.972,,,
256,06/30/16 03:45:00 AM,1.24491,14.924,,,
257,06/30/16 04:00:00 AM,1.24445,14.88,,,
258,06/30/16 04:15:00 AM,1.24483,14.84,,,
259,06/30/16 04:30:00 AM,1.24472,14.798,,,
260,06/30/16 04:45:00 AM,1.2446,14.759,,,
261,06/30/16 05:00:00 AM,1.24468,14.72,,,
262,06/30/16 05:15:00 AM,1.24487,14.685,,,
263,06/30/16 05:30:00 AM,1.24483,14.65,,,
264,06/30/16 05:45:00 AM,1.24479,14.617,,,
265,06/30/16 06:00:00 AM,1.24475,14.586,,,
266,06/30/16 06:15:00 AM,1.24483,14.554,,,
267,06/30/16 06:30:00 AM,1.24479,14.524,,,
268,06/30/16 06:45:00 AM,1.24529,14.496,,,
269,06/30/16 07:00:00 AM,1.24468,14.475,,,
270,06/30/16 07:15:00 AM,1.2446,14.451,,,
271,06/30/16 07:30:00 AM,1.24514,14.43,,,
272,06/30/16 07:45:00 AM,1.24479,14.411,,,
273,06/30/16 08:00:00 AM,1.24491,14.399,,,
274,06/30/16 08:15:00 AM,1.24456,14.391,,,
275,06/30/16 08:30:00 AM,1.24525,14.382,,,
276,06/30/16 08:45:00 AM,1.24521,14.379,,,
277,06/30/16 09:00:00 AM,1.24502,14.375,,,
278,06/30/16 09:15:00 AM,1.24517,14.369,,,
279,06/30/16 09:30:00 AM,1.24502,14.372,,,
280,06/30/16 09:45:00 AM,1.24472,14.376,,,
281,06/30/16 10:00:00 AM,1.24502,14.382,,,
282,06/30/16 10:15:00 AM,1.24517,14.387,,,
283,06/30/16 10:30:00 AM,1.24483,14.396,,,
284,06/30/16 10:45:00 AM,1.24491,14.408,,,
285,06/30/16 11:00:00 AM,1.2451,14.409,,,
286,06/30/16 11:15:00 AM,1.24537,14.423,,,
287,06/30/16 11:30:00 AM,1.24609,14.444,,,
288,06/30/16 11:45:00 AM,1.24586,14.468,,,
289,06/30/16 12:00:00 PM,1.24578,14.486,,,
290,06/30/16 12:15:00 PM,1.24586,14.509,,,
291,06/30/16 12:30:00 PM,1.24578,14.527,,,
292,06/30/16 12:45:00 PM,1.24605,14.55,,,
293,06/30/16 01:00:00 PM,1.2464,14.577,,,
294,06/30/16 01:15:00 PM,1.24613,14.604,,,
295,06/30/16 01:30:00 PM,1.24567,14.626,,,
296,06/30/16 01:45:00 PM,1.24617,14.646,,,
297,06/30/16 02:00:00 PM,1.24598,14.662,,,
298,06/30/16 02:15:00 PM,1.24571,14.695,,,
299,06/30/16 02:30:00 PM,1.24548,14.737,,,
300,06/30/16 02:45:00 PM,1.24628,14.78,,,
301,06/30/16 03:00:00 PM,1.2459,14.837,,,
302,06/30/16 03:15:00 PM,1.24636,14.897,,,
303,06/30/16 03:30:00 PM,1.24647,14.927,,,
304,06/30/16 03:45:00 PM,1.24636,14.984,,,
305,06/30/16 04:00:00 PM,1.24601,15.076,,,
306,06/30/16 04:15:00 PM,1.2454,15.167,,,
307,06/30/16 04:30:00 PM,1.24662,15.214,,,
308,06/30/16 04:45:00 PM,1.24681,15.263,,,
309,06/30/16 05:00:00 PM,1.2467,15.345,,,
310,06/30/16 05:15:00 PM,1.24685,15.376,,,
311,06/30/16 05:30:00 PM,1.24678,15.418,,,
312,06/30/16 05:45:00 PM,1.24685,15.472,,,
313,06/30/16 06:00:00 PM,1.24708,15.494,,,
314,06/30/16 06:15:00 PM,1.24674,15.567,,,
315,06/30/16 06:30:00 PM,1.24796,15.606,,,
316,06/30/16 06:45:00 PM,1.24777,15.648,,,
317,06/30/16 07:00:00 PM,1.24819,15.658,,,
318,06/30/16 07:15:00 PM,1.24819,15.701,,,
319,06/30/16 07:30:00 PM,1.24807,15.739,,,
320,06/30/16 07:45:00 PM,1.24823,15.763,,,
321,06/30/16 08:00:00 PM,1.24788,15.779,,,
322,06/30/16 08:15:00 PM,1.24826,15.795,,,
323,06/30/16 08:30:00 PM,1.24819,15.807,,,
324,06/30/16 08:45:00 PM,1.24788,15.813,,,
325,06/30/16 09:00:00 PM,1.2483,15.812,,,
326,06/30/16 09:15:00 PM,1.24815,15.801,,,
327,06/30/16 09:30:00 PM,1.24811,15.789,,,
328,06/30/16 09:45:00 PM,1.24815,15.779,,,
329,06/30/16 10:00:00 PM,1.24788,15.767,,,
330,06/30/16 10:15:00 PM,1.24811,15.748,,,
331,06/30/16 10:30:00 PM,1.24777,15.721,,,
332,06/30/16 10:45:00 PM,1.24769,15.696,,,
333,06/30/16 11:00:00 PM,1.24769,15.666,,,
334,06/30/16 11:15:00 PM,1.24697,15.637,,,
335,06/30/16 11:30:00 PM,1.24739,15.612,,,
336,06/30/16 11:45:00 PM,1.2475,15.587,,,
337,07/01/2016 00:00,1.24693,15.561,,,
338,07/01/2016 00:15,1.24731,15.531,,,
339,07/01/2016 00:30,1.24743,15.5,,,
340,07/01/2016 00:45,1.24746,15.47,,,
341,07/01/2016 01:00,1.24727,15.439,,,
342,07/01/2016 01:15,1.24666,15.403,,,
343,07/01/2016 01:30,1.2472,15.366,,,
344,07/01/2016 01:45,1.2472,15.326,,,
345,07/01/2016 02:00,1.24659,15.285,,,
346,07/01/2016 02:15,1.24662,15.246,,,
347,07/01/2016 02:30,1.24666,15.206,,,
348,07/01/2016 02:45,1.24681,15.166,,,
349,07/01/2016 03:00,1.24655,15.124,,,
350,07/01/2016 03:15,1.24666,15.082,,,
351,07/01/2016 03:30,1.24636,15.042,,,
352,07/01/2016 03:45,1.24666,15.004,,,
353,07/01/2016 04:00,1.24697,14.972,,,
354,07/01/2016 04:15,1.24628,14.939,,,
355,07/01/2016 04:30,1.24701,14.906,,,
356,07/01/2016 04:45,1.24617,14.876,,,
357,07/01/2016 05:00,1.24651,14.849,,,
358,07/01/2016 05:15,1.2467,14.821,,,
359,07/01/2016 05:30,1.24613,14.795,,,
360,07/01/2016 05:45,1.2464,14.771,,,
361,07/01/2016 06:00,1.24655,14.746,,,
362,07/01/2016 06:15,1.24624,14.719,,,
363,07/01/2016 06:30,1.2462,14.692,,,
364,07/01/2016 06:45,1.24636,14.664,,,
365,07/01/2016 07:00,1.2464,14.638,,,
366,07/01/2016 07:15,1.24628,14.611,,,
367,07/01/2016 07:30,1.2464,14.586,,,
368,07/01/2016 07:45,1.24609,14.562,,,
369,07/01/2016 08:00,1.24628,14.541,,,
370,07/01/2016 08:15,1.24681,14.524,,,
371,07/01/2016 08:30,1.24601,14.514,,,
372,07/01/2016 08:45,1.24559,14.506,,,
373,07/01/2016 09:00,1.24678,14.499,,,
374,07/01/2016 09:15,1.24582,14.505,,,
375,07/01/2016 09:30,1.24624,14.512,,,
376,07/01/2016 09:45,1.24613,14.515,,,
377,07/01/2016 10:00,1.24647,14.536,,,
378,07/01/2016 10:15,1.24647,14.545,,,
379,07/01/2016 10:30,1.24647,14.569,,,
380,07/01/2016 10:45,1.24643,14.587,,,
381,07/01/2016 11:00,1.24659,14.601,,,
382,07/01/2016 11:15,1.24655,14.61,,,
383,07/01/2016 11:30,1.24643,14.625,,,
384,07/01/2016 11:45,1.24598,14.635,,,
385,07/01/2016 12:00,1.24613,14.646,,,
386,07/01/2016 12:15,1.24659,14.655,,,
387,07/01/2016 12:30,1.24643,14.664,,,
388,07/01/2016 12:45,1.2464,14.673,,,
389,07/01/2016 13:00,1.24678,14.686,,,
390,07/01/2016 13:15,1.24712,14.704,,,
391,07/01/2016 13:30,1.24681,14.758,,,
392,07/01/2016 13:45,1.24716,14.783,,,
393,07/01/2016 14:00,1.24727,14.831,,,
394,07/01/2016 14:15,1.24716,14.864,,,
395,07/01/2016 14:30,1.24781,14.904,,,
396,07/01/2016 14:45,1.24712,14.957,,,
397,07/01/2016 15:00,1.24743,14.984,,,
398,07/01/2016 15:15,1.24723,15.022,,,
399,07/01/2016 15:30,1.24701,15.054,,,
400,07/01/2016 15:45,1.24746,15.076,,,
401,07/01/2016 16:00,1.24693,15.094,,,
402,07/01/2016 16:15,1.24685,15.099,,,
403,07/01/2016 16:30,1.24754,15.113,,,
404,07/01/2016 16:45,1.24739,15.13,,,
405,07/01/2016 17:00,1.24758,15.145,,,
406,07/01/2016 17:15,1.24792,15.154,,,
407,07/01/2016 17:30,1.24796,15.161,,,
408,07/01/2016 17:45,1.24769,15.173,,,
409,07/01/2016 18:00,1.24861,15.197,,,
410,07/01/2016 18:15,1.24754,15.224,,,
411,07/01/2016 18:30,1.24723,15.249,,,
412,07/01/2016 18:45,1.24643,15.266,,,
413,07/01/2016 19:00,1.24689,15.305,,,
414,07/01/2016 19:15,1.24685,15.324,,,
415,07/01/2016 19:30,1.24704,15.337,,,
416,07/01/2016 19:45,1.24697,15.346,,,
417,07/01/2016 20:00,1.2472,15.355,,,
418,07/01/2016 20:15,1.24693,15.358,,,
419,07/01/2016 20:30,1.24769,15.349,,,
420,07/01/2016 20:45,1.24781,15.336,,,
421,07/01/2016 21:00,1.24811,15.324,,,
422,07/01/2016 21:15,1.24758,15.315,,,
423,07/01/2016 21:30,1.24826,15.303,,,
424,07/01/2016 21:45,1.24857,15.29,,,
425,07/01/2016 22:00,1.24765,15.279,,,
426,07/01/2016 22:15,1.24762,15.266,,,
427,07/01/2016 22:30,1.24865,15.251,,,
428,07/01/2016 22:45,1.24754,15.234,,,
429,07/01/2016 23:00,1.24735,15.22,,,
430,07/01/2016 23:15,1.24781,15.205,,,
431,07/01/2016 23:30,1.24838,15.17,,,
432,07/01/2016 23:45,1.24746,15.133,,,
433,07/02/2016 00:00,1.24796,15.088,,,
434,07/02/2016 00:15,1.24792,15.04,,,
435,07/02/2016 00:30,1.24754,14.984,,,
436,07/02/2016 00:45,1.24758,14.928,,,
437,07/02/2016 01:00,1.24792,14.876,,,
438,07/02/2016 01:15,1.24758,14.816,,,
439,07/02/2016 01:30,1.24762,14.752,,,
440,07/02/2016 01:45,1.24659,14.695,,,
441,07/02/2016 02:00,1.24716,14.637,,,
442,07/02/2016 02:15,1.24712,14.581,,,
443,07/02/2016 02:30,1.24712,14.527,,,
444,07/02/2016 02:45,1.24689,14.477,,,
445,07/02/2016 03:00,1.24624,14.429,,,
446,07/02/2016 03:15,1.24666,14.379,,,
447,07/02/2016 03:30,1.24693,14.334,,,
448,07/02/2016 03:45,1.24666,14.291,,,
449,07/02/2016 04:00,1.24857,14.25,,,
450,07/02/2016 04:15,1.24716,14.207,,,
451,07/02/2016 04:30,1.24643,14.167,,,
452,07/02/2016 04:45,1.24628,14.129,,,
453,07/02/2016 05:00,1.24643,14.09,,,
454,07/02/2016 05:15,1.24651,14.054,,,
455,07/02/2016 05:30,1.24659,14.018,,,
456,07/02/2016 05:45,1.2462,13.982,,,
457,07/02/2016 06:00,1.24598,13.951,,,
458,07/02/2016 06:15,1.24571,13.916,,,
459,07/02/2016 06:30,1.24674,13.883,,,
460,07/02/2016 06:45,1.24617,13.85,,,
461,07/02/2016 07:00,1.24601,13.822,,,
462,07/02/2016 07:15,1.24563,13.796,,,
463,07/02/2016 07:30,1.24594,13.774,,,
464,07/02/2016 07:45,1.24666,13.756,,,
465,07/02/2016 08:00,1.24643,13.744,,,
466,07/02/2016 08:15,1.24666,13.724,,,
467,07/02/2016 08:30,1.24624,13.715,,,
468,07/02/2016 08:45,1.24537,13.721,,,
469,07/02/2016 09:00,1.2464,13.721,,,
470,07/02/2016 09:15,1.24651,13.727,,,
471,07/02/2016 09:30,1.24601,13.718,,,
472,07/02/2016 09:45,1.24666,13.708,,,
473,07/02/2016 10:00,1.24598,13.708,,,
474,07/02/2016 10:15,1.24609,13.709,,,
475,07/02/2016 10:30,1.24556,13.712,,,
476,07/02/2016 10:45,1.2467,13.744,,,
477,07/02/2016 11:00,1.24895,13.784,,,
478,07/02/2016 11:15,1.24651,13.804,,,
479,07/02/2016 11:30,1.24655,13.816,,,
480,07/02/2016 11:45,1.24632,13.838,,,
481,07/02/2016 12:00,1.24674,13.852,,,
482,07/02/2016 12:15,1.24636,13.898,,,
483,07/02/2016 12:30,1.24701,13.915,,,
484,07/02/2016 12:45,1.24708,13.954,,,
485,07/02/2016 13:00,1.24693,13.978,,,
486,07/02/2016 13:15,1.24662,13.996,,,
487,07/02/2016 13:30,1.24754,14.009,,,
488,07/02/2016 13:45,1.24693,14.05,,,
489,07/02/2016 14:00,1.24735,14.077,,,
490,07/02/2016 14:15,1.2509,14.12,,,
491,07/02/2016 14:30,1.2475,14.159,,,
492,07/02/2016 14:45,1.24777,14.203,,,
493,07/02/2016 15:00,1.24792,14.217,,,
494,07/02/2016 15:15,1.24826,14.243,,,
495,07/02/2016 15:30,1.24781,14.319,,,
496,07/02/2016 15:45,1.24872,14.328,,,
497,07/02/2016 16:00,1.24804,14.36,,,
498,07/02/2016 16:15,1.24781,14.387,,,
499,07/02/2016 16:30,1.24826,14.447,,,
500,07/02/2016 16:45,1.24868,14.474,,,
501,07/02/2016 17:00,1.248,14.486,,,
502,07/02/2016 17:15,1.24784,14.545,,,
503,07/02/2016 17:30,1.25193,14.589,,,
504,07/02/2016 17:45,1.25242,14.641,,,
505,07/02/2016 18:00,1.25227,14.656,,,
506,07/02/2016 18:15,1.25277,14.686,,,
507,07/02/2016 18:30,1.25216,14.699,,,
508,07/02/2016 18:45,1.25277,14.735,,,
509,07/02/2016 19:00,1.25162,14.752,,,
510,07/02/2016 19:15,1.25223,14.755,,,
511,07/02/2016 19:30,1.25223,14.77,,,
512,07/02/2016 19:45,1.25235,14.78,,,
513,07/02/2016 20:00,1.25288,14.762,,,
514,07/02/2016 20:15,1.25219,14.744,,,
515,07/02/2016 20:30,1.25231,14.722,,,
516,07/02/2016 20:45,1.25246,14.701,,,
517,07/02/2016 21:00,1.25296,14.679,,,
518,07/02/2016 21:15,1.25299,14.667,,,
519,07/02/2016 21:30,1.25292,14.647,,,
520,07/02/2016 21:45,1.25242,14.613,,,
521,07/02/2016 22:00,1.25223,14.581,,,
522,07/02/2016 22:15,1.25238,14.571,,,
523,07/02/2016 22:30,1.25177,14.566,,,
524,07/02/2016 22:45,1.25174,14.554,,,
525,07/02/2016 23:00,1.25051,14.526,,,
526,07/02/2016 23:15,1.25101,14.483,,,
527,07/02/2016 23:30,1.25113,14.432,,,
528,07/02/2016 23:45,1.25105,14.381,,,
529,07/03/2016 00:00,1.2512,14.336,,,
530,07/03/2016 00:15,1.25082,14.298,,,
531,07/03/2016 00:30,1.25097,14.261,,,
532,07/03/2016 00:45,1.25132,14.223,,,
533,07/03/2016 01:00,1.25101,14.183,,,
534,07/03/2016 01:15,1.25074,14.144,,,
535,07/03/2016 01:30,1.25067,14.107,,,
536,07/03/2016 01:45,1.25044,14.071,,,
537,07/03/2016 02:00,1.25006,14.035,,,
538,07/03/2016 02:15,1.2499,14.002,,,
539,07/03/2016 02:30,1.2499,13.967,,,
540,07/03/2016 02:45,1.24887,13.936,,,
541,07/03/2016 03:00,1.24945,13.901,,,
542,07/03/2016 03:15,1.2483,13.868,,,
543,07/03/2016 03:30,1.24887,13.837,,,
544,07/03/2016 03:45,1.24861,13.807,,,
545,07/03/2016 04:00,1.24907,13.78,,,
546,07/03/2016 04:15,1.24868,13.753,,,
547,07/03/2016 04:30,1.2575,13.726,,,
548,07/03/2016 04:45,1.25776,13.697,,,
549,07/03/2016 05:00,1.25704,13.669,,,
550,07/03/2016 05:15,1.25738,13.642,,,
551,07/03/2016 05:30,1.25738,13.614,,,
552,07/03/2016 05:45,1.25761,13.59,,,
553,07/03/2016 06:00,1.25792,13.569,,,
554,07/03/2016 06:15,1.25765,13.55,,,
555,07/03/2016 06:30,1.25826,13.532,,,
556,07/03/2016 06:45,1.25845,13.517,,,
557,07/03/2016 07:00,1.25818,13.503,,,
558,07/03/2016 07:15,1.25803,13.493,,,
559,07/03/2016 07:30,1.25853,13.482,,,
560,07/03/2016 07:45,1.25864,13.475,,,
561,07/03/2016 08:00,1.25875,13.466,,,
562,07/03/2016 08:15,1.25895,13.461,,,
563,07/03/2016 08:30,1.25891,13.46,,,
564,07/03/2016 08:45,1.25917,13.457,,,
565,07/03/2016 09:00,1.25872,13.457,,,
566,07/03/2016 09:15,1.25956,13.461,,,
567,07/03/2016 09:30,1.25902,13.463,,,
568,07/03/2016 09:45,1.25898,13.472,,,
569,07/03/2016 10:00,1.25944,13.478,,,
570,07/03/2016 10:15,1.25982,13.487,,,
571,07/03/2016 10:30,1.25933,13.503,,,
572,07/03/2016 10:45,1.25978,13.521,,,
573,07/03/2016 11:00,1.25937,13.538,,,
574,07/03/2016 11:15,1.25994,13.575,,,
575,07/03/2016 11:30,1.26005,13.599,,,
576,07/03/2016 11:45,1.26001,13.626,,,
577,07/03/2016 12:00,1.25982,13.652,,,
578,07/03/2016 12:15,1.2604,13.699,,,
579,07/03/2016 12:30,1.2599,13.729,,,
580,07/03/2016 12:45,1.26043,13.766,,,
581,07/03/2016 13:00,1.26028,13.811,,,
582,07/03/2016 13:15,1.26066,13.832,,,
583,07/03/2016 13:30,1.26066,13.859,,,
584,07/03/2016 13:45,1.26085,13.877,,,
585,07/03/2016 14:00,1.26059,13.904,,,
586,07/03/2016 14:15,1.26078,13.939,,,
587,07/03/2016 14:30,1.26104,13.957,,,
588,07/03/2016 14:45,1.26112,13.978,,,
589,07/03/2016 15:00,1.26158,13.993,,,
590,07/03/2016 15:15,1.26104,14.018,,,
591,07/03/2016 15:30,1.26154,14.054,,,
592,07/03/2016 15:45,1.26162,14.096,,,
593,07/03/2016 16:00,1.26139,14.156,,,
594,07/03/2016 16:15,1.26207,14.208,,,
595,07/03/2016 16:30,1.26226,14.235,,,
596,07/03/2016 16:45,1.26196,14.267,,,
597,07/03/2016 17:00,1.26215,14.298,,,
598,07/03/2016 17:15,1.26204,14.318,,,
599,07/03/2016 17:30,1.26204,14.333,,,
600,07/03/2016 17:45,1.2615,14.349,,,
601,07/03/2016 18:00,1.26131,14.369,,,
602,07/03/2016 18:15,1.26135,14.379,,,
603,07/03/2016 18:30,1.26081,14.388,,,
604,07/03/2016 18:45,1.26116,14.396,,,
605,07/03/2016 19:00,1.26131,14.4,,,
606,07/03/2016 19:15,1.26154,14.402,,,
607,07/03/2016 19:30,1.26139,14.403,,,
608,07/03/2016 19:45,1.26143,14.406,,,
609,07/03/2016 20:00,1.26123,14.408,,,
610,07/03/2016 20:15,1.2612,14.408,,,
611,07/03/2016 20:30,1.26081,14.408,,,
612,07/03/2016 20:45,1.26108,14.408,,,
613,07/03/2016 21:00,1.2612,14.405,,,
614,07/03/2016 21:15,1.26051,14.399,,,
615,07/03/2016 21:30,1.26085,14.391,,,
616,07/03/2016 21:45,1.26085,14.385,,,
617,07/03/2016 22:00,1.26085,14.381,,,
618,07/03/2016 22:15,1.2604,14.376,,,
619,07/03/2016 22:30,1.26078,14.37,,,
620,07/03/2016 22:45,1.26093,14.361,,,
621,07/03/2016 23:00,1.2607,14.352,,,
622,07/03/2016 23:15,1.26108,14.342,,,
623,07/03/2016 23:30,1.26074,14.328,,,
624,07/03/2016 23:45,1.26066,14.316,,,
625,07/04/2016 00:00,1.26062,14.306,,,
626,07/04/2016 00:15,1.26043,14.294,,,
627,07/04/2016 00:30,1.26001,14.28,,,
628,07/04/2016 00:45,1.26024,14.265,,,
629,07/04/2016 01:00,1.26009,14.25,,,
630,07/04/2016 01:15,1.25986,14.237,,,
631,07/04/2016 01:30,1.2599,14.222,,,
632,07/04/2016 01:45,1.26005,14.207,,,
633,07/04/2016 02:00,1.26005,14.192,,,
634,07/04/2016 02:15,1.25994,14.177,,,
635,07/04/2016 02:30,1.25998,14.164,,,
636,07/04/2016 02:45,1.25975,14.152,,,
637,07/04/2016 03:00,1.26032,14.143,,,
638,07/04/2016 03:15,1.2602,14.137,,,
639,07/04/2016 03:30,1.26009,14.129,,,
640,07/04/2016 03:45,1.2599,14.12,,,
641,07/04/2016 04:00,1.2602,14.11,,,
642,07/04/2016 04:15,1.25956,14.096,,,
643,07/04/2016 04:30,1.26001,14.083,,,
644,07/04/2016 04:45,1.25952,14.072,,,
645,07/04/2016 05:00,1.26001,14.059,,,
646,07/04/2016 05:15,1.26009,14.048,,,
647,07/04/2016 05:30,1.26005,14.039,,,
648,07/04/2016 05:45,1.25975,14.03,,,
649,07/04/2016 06:00,1.25994,14.018,,,
650,07/04/2016 06:15,1.26009,14.012,,,
651,07/04/2016 06:30,1.26009,14.008,,,
652,07/04/2016 06:45,1.26009,13.999,,,
653,07/04/2016 07:00,1.25994,13.994,,,
654,07/04/2016 07:15,1.25982,13.988,,,
655,07/04/2016 07:30,1.25967,13.982,,,
656,07/04/2016 07:45,1.25982,13.979,,,
657,07/04/2016 08:00,1.26001,13.984,,,
658,07/04/2016 08:15,1.26024,13.987,,,
659,07/04/2016 08:30,1.2604,13.996,,,
660,07/04/2016 08:45,1.26055,14.009,,,
661,07/04/2016 09:00,1.26032,14.026,,,
662,07/04/2016 09:15,1.2602,14.039,,,
663,07/04/2016 09:30,1.26055,14.05,,,
664,07/04/2016 09:45,1.25978,14.069,,,
665,07/04/2016 10:00,1.26051,14.09,,,
666,07/04/2016 10:15,1.26055,14.108,,,
667,07/04/2016 10:30,1.2602,14.135,,,
668,07/04/2016 10:45,1.26047,14.174,,,
669,07/04/2016 11:00,1.2604,14.192,,,
670,07/04/2016 11:15,1.26062,14.232,,,
671,07/04/2016 11:30,1.26047,14.274,,,
672,07/04/2016 11:45,1.26062,14.306,,,
673,07/04/2016 12:00,1.26112,14.372,,,
674,07/04/2016 12:15,1.26135,14.43,,,
675,07/04/2016 12:30,1.2612,14.49,,,
676,07/04/2016 12:45,1.26112,14.575,,,
677,07/04/2016 13:00,1.2612,14.632,,,
678,07/04/2016 13:15,1.26165,14.716,,,
679,07/04/2016 13:30,1.26127,14.764,,,
680,07/04/2016 13:45,1.26192,14.806,,,
681,07/04/2016 14:00,1.26188,14.861,,,
682,07/04/2016 14:15,1.26196,14.946,,,
683,07/04/2016 14:30,1.26238,15,,,
684,07/04/2016 14:45,1.26215,15.022,,,
685,07/04/2016 15:00,1.26223,15.039,,,
686,07/04/2016 15:15,1.26219,15.079,,,
687,07/04/2016 15:30,1.26215,15.146,,,
688,07/04/2016 15:45,1.26265,15.196,,,
689,07/04/2016 16:00,1.2628,15.236,,,
690,07/04/2016 16:15,1.26265,15.252,,,
691,07/04/2016 16:30,1.26253,15.29,,,
692,07/04/2016 16:45,1.26299,15.324,,,
693,07/04/2016 17:00,1.26299,15.367,,,
694,07/04/2016 17:15,1.26337,15.399,,,
695,07/04/2016 17:30,1.26314,15.436,,,
696,07/04/2016 17:45,1.26299,15.464,,,
697,07/04/2016 18:00,1.26326,15.488,,,
698,07/04/2016 18:15,1.2639,15.518,,,
699,07/04/2016 18:30,1.26375,15.539,,,
700,07/04/2016 18:45,1.26349,15.554,,,
701,07/04/2016 19:00,1.26341,15.575,,,
702,07/04/2016 19:15,1.26333,15.59,,,
703,07/04/2016 19:30,1.2631,15.603,,,
704,07/04/2016 19:45,1.26333,15.611,,,
705,07/04/2016 20:00,1.26368,15.612,,,
706,07/04/2016 20:15,1.26307,15.605,,,
707,07/04/2016 20:30,1.26314,15.594,,,
708,07/04/2016 20:45,1.2628,15.579,,,
709,07/04/2016 21:00,1.26341,15.558,,,
710,07/04/2016 21:15,1.26284,15.534,,,
711,07/04/2016 21:30,1.26326,15.499,,,
712,07/04/2016 21:45,1.26329,15.464,,,
713,07/04/2016 22:00,1.26318,15.427,,,
714,07/04/2016 22:15,1.26291,15.388,,,
715,07/04/2016 22:30,1.26307,15.355,,,
716,07/04/2016 22:45,1.26276,15.315,,,
717,07/04/2016 23:00,1.26307,15.269,,,
718,07/04/2016 23:15,1.26375,15.228,,,
719,07/04/2016 23:30,1.26272,15.185,,,
720,07/04/2016 23:45,1.26265,15.139,,,
721,07/05/2016 00:00,1.26257,15.097,,,
722,07/05/2016 00:15,1.26284,15.051,,,
723,07/05/2016 00:30,1.26253,15,,,
724,07/05/2016 00:45,1.26219,14.949,,,
725,07/05/2016 01:00,1.26215,14.892,,,
726,07/05/2016 01:15,1.26215,14.834,,,
727,07/05/2016 01:30,1.26204,14.776,,,
728,07/05/2016 01:45,1.26131,14.714,,,
729,07/05/2016 02:00,1.26162,14.652,,,
730,07/05/2016 02:15,1.26169,14.595,,,
731,07/05/2016 02:30,1.2615,14.536,,,
732,07/05/2016 02:45,1.2612,14.475,,,
733,07/05/2016 03:00,1.26101,14.418,,,
734,07/05/2016 03:15,1.26078,14.367,,,
735,07/05/2016 03:30,1.26017,14.324,,,
736,07/05/2016 03:45,1.26043,14.283,,,
737,07/05/2016 04:00,1.26059,14.246,,,
738,07/05/2016 04:15,1.26059,14.208,,,
739,07/05/2016 04:30,1.26089,14.174,,,
740,07/05/2016 04:45,1.26085,14.14,,,
741,07/05/2016 05:00,1.26074,14.108,,,
742,07/05/2016 05:15,1.26104,14.078,,,
743,07/05/2016 05:30,1.26104,14.05,,,
744,07/05/2016 05:45,1.2604,14.023,,,
745,07/05/2016 06:00,1.26062,13.999,,,
746,07/05/2016 06:15,1.26089,13.976,,,
747,07/05/2016 06:30,1.26066,13.957,,,
748,07/05/2016 06:45,1.26074,13.942,,,
749,07/05/2016 07:00,1.26081,13.93,,,
750,07/05/2016 07:15,1.26143,13.918,,,
751,07/05/2016 07:30,1.26101,13.906,,,
752,07/05/2016 07:45,1.26127,13.898,,,
753,07/05/2016 08:00,1.26116,13.892,,,
754,07/05/2016 08:15,1.26169,13.892,,,
755,07/05/2016 08:30,1.2615,13.897,,,
756,07/05/2016 08:45,1.26143,13.91,,,
757,07/05/2016 09:00,1.26139,13.924,,,
758,07/05/2016 09:15,1.26173,13.946,,,
759,07/05/2016 09:30,1.26108,13.961,,,
760,07/05/2016 09:45,1.2612,13.972,,,
761,07/05/2016 10:00,1.26226,13.985,,,
762,07/05/2016 10:15,1.26223,14.024,,,
763,07/05/2016 10:30,1.26177,14.069,,,
764,07/05/2016 10:45,1.26177,14.105,,,
765,07/05/2016 11:00,1.26196,14.15,,,
766,07/05/2016 11:15,1.26204,14.208,,,
767,07/05/2016 11:30,1.26246,14.264,,,
768,07/05/2016 11:45,1.26257,14.307,,,
769,07/05/2016 12:00,1.26265,14.342,,,
770,07/05/2016 12:15,1.26303,14.399,,,
771,07/05/2016 12:30,1.26326,14.46,,,
772,07/05/2016 12:45,1.2631,14.511,,,
773,07/05/2016 13:00,1.26314,14.56,,,
774,07/05/2016 13:15,1.26291,14.617,,,
775,07/05/2016 13:30,1.26322,14.655,,,
776,07/05/2016 13:45,1.26383,14.707,,,
777,07/05/2016 14:00,1.26364,14.755,,,
778,07/05/2016 14:15,1.2639,14.795,,,
779,07/05/2016 14:30,1.26371,14.846,,,
780,07/05/2016 14:45,1.26425,14.889,,,
781,07/05/2016 15:00,1.26421,14.943,,,
782,07/05/2016 15:15,1.26429,14.998,,,
783,07/05/2016 15:30,1.26432,15.028,,,
784,07/05/2016 15:45,1.26467,15.088,,,
785,07/05/2016 16:00,1.26467,15.127,,,
786,07/05/2016 16:15,1.26463,15.225,,,
787,07/05/2016 16:30,1.2652,15.264,,,
788,07/05/2016 16:45,1.26528,15.288,,,
789,07/05/2016 17:00,1.26555,15.306,,,
790,07/05/2016 17:15,1.26528,15.357,,,
791,07/05/2016 17:30,1.26631,15.429,,,
792,07/05/2016 17:45,1.26619,15.494,,,
793,07/05/2016 18:00,1.26596,15.515,,,
794,07/05/2016 18:15,1.26627,15.566,,,
795,07/05/2016 18:30,1.26619,15.594,,,
796,07/05/2016 18:45,1.266,15.596,,,
797,07/05/2016 19:00,1.26627,15.606,,,
798,07/05/2016 19:15,1.2665,15.611,,,
799,07/05/2016 19:30,1.26654,15.611,,,
800,07/05/2016 19:45,1.26638,15.608,,,
801,07/05/2016 20:00,1.26711,15.587,,,
802,07/05/2016 20:15,1.2665,15.578,,,
803,07/05/2016 20:30,1.26623,15.566,,,
804,07/05/2016 20:45,1.26646,15.545,,,
805,07/05/2016 21:00,1.2665,15.506,,,
806,07/05/2016 21:15,1.26612,15.449,,,
807,07/05/2016 21:30,1.26623,15.394,,,
808,07/05/2016 21:45,1.26612,15.336,,,
809,07/05/2016 22:00,1.26566,15.278,,,
810,07/05/2016 22:15,1.26585,15.218,,,
811,07/05/2016 22:30,1.26566,15.16,,,
812,07/05/2016 22:45,1.26555,15.099,,,
813,07/05/2016 23:00,1.26558,15.037,,,
814,07/05/2016 23:15,1.26524,14.97,,,
815,07/05/2016 23:30,1.26505,14.901,,,
816,07/05/2016 23:45,1.26509,14.831,,,
817,07/06/2016 00:00,1.26524,14.755,,,
818,07/06/2016 00:15,1.26478,14.676,,,
819,07/06/2016 00:30,1.26471,14.601,,,
820,07/06/2016 00:45,1.26482,14.521,,,
821,07/06/2016 01:00,1.26482,14.438,,,
822,07/06/2016 01:15,1.26425,14.357,,,
823,07/06/2016 01:30,1.26444,14.28,,,
824,07/06/2016 01:45,1.26444,14.198,,,
825,07/06/2016 02:00,1.2641,14.122,,,
826,07/06/2016 02:15,1.26387,14.047,,,
827,07/06/2016 02:30,1.26375,13.975,,,
828,07/06/2016 02:45,1.26356,13.897,,,
829,07/06/2016 03:00,1.26356,13.819,,,
830,07/06/2016 03:15,1.2631,13.744,,,
831,07/06/2016 03:30,1.26307,13.667,,,
832,07/06/2016 03:45,1.26291,13.59,,,
833,07/06/2016 04:00,1.26272,13.517,,,
834,07/06/2016 04:15,1.26284,13.442,,,
835,07/06/2016 04:30,1.26284,13.374,,,
836,07/06/2016 04:45,1.26295,13.297,,,
837,07/06/2016 05:00,1.26268,13.227,,,
838,07/06/2016 05:15,1.26265,13.16,,,
839,07/06/2016 05:30,1.26276,13.094,,,
840,07/06/2016 05:45,1.26242,13.029,,,
841,07/06/2016 06:00,1.26249,12.974,,,
842,07/06/2016 06:15,1.26261,12.922,,,
843,07/06/2016 06:30,1.26261,12.88,,,
844,07/06/2016 06:45,1.26268,12.847,,,
845,07/06/2016 07:00,1.26291,12.825,,,
846,07/06/2016 07:15,1.26276,12.808,,,
847,07/06/2016 07:30,1.26272,12.8,,,
848,07/06/2016 07:45,1.26272,12.8,,,
849,07/06/2016 08:00,1.26261,12.811,,,
850,07/06/2016 08:15,1.26253,12.831,,,
851,07/06/2016 08:30,1.26242,12.858,,,
852,07/06/2016 08:45,1.2628,12.882,,,
853,07/06/2016 09:00,1.26272,12.909,,,
854,07/06/2016 09:15,1.26261,12.939,,,
855,07/06/2016 09:30,1.26268,12.963,,,
856,07/06/2016 09:45,1.26238,12.998,,,
857,07/06/2016 10:00,1.26268,13.032,,,
858,07/06/2016 10:15,1.26276,13.078,,,
859,07/06/2016 10:30,1.26284,13.126,,,
860,07/06/2016 10:45,1.2631,13.174,,,
861,07/06/2016 11:00,1.26318,13.219,,,
862,07/06/2016 11:15,1.2631,13.27,,,
863,07/06/2016 11:30,1.26337,13.324,,,
864,07/06/2016 11:45,1.26337,13.374,,,
865,07/06/2016 12:00,1.2636,13.445,,,
866,07/06/2016 12:15,1.26383,13.5,,,
867,07/06/2016 12:30,1.26341,13.568,,,
868,07/06/2016 12:45,1.26379,13.62,,,
869,07/06/2016 13:00,1.26398,13.688,,,
870,07/06/2016 13:15,1.2644,13.751,,,
871,07/06/2016 13:30,1.26425,13.84,,,
872,07/06/2016 13:45,1.26459,13.906,,,
873,07/06/2016 14:00,1.26463,13.984,,,
874,07/06/2016 14:15,1.26478,14.081,,,
875,07/06/2016 14:30,1.26474,14.111,,,
876,07/06/2016 14:45,1.26528,14.167,,,
877,07/06/2016 15:00,1.2652,14.231,,,
878,07/06/2016 15:15,1.26551,14.306,,,
879,07/06/2016 15:30,1.26619,14.36,,,
880,07/06/2016 15:45,1.26604,14.43,,,
881,07/06/2016 16:00,1.26566,14.496,,,
882,07/06/2016 16:15,1.26577,14.566,,,
883,07/06/2016 16:30,1.26585,14.607,,,
884,07/06/2016 16:45,1.26593,14.688,,,
885,07/06/2016 17:00,1.26627,14.771,,,
886,07/06/2016 17:15,1.26631,14.851,,,
887,07/06/2016 17:30,1.26688,14.924,,,
888,07/06/2016 17:45,1.26692,14.995,,,
889,07/06/2016 18:00,1.26692,15.033,,,
890,07/06/2016 18:15,1.26719,15.096,,,
891,07/06/2016 18:30,1.26726,15.115,,,
892,07/06/2016 18:45,1.26738,15.161,,,
893,07/06/2016 19:00,1.26764,15.231,,,
894,07/06/2016 19:15,1.26822,15.281,,,
895,07/06/2016 19:30,1.26802,15.349,,,
896,07/06/2016 19:45,1.2678,15.402,,,
897,07/06/2016 20:00,1.26761,15.43,,,
898,07/06/2016 20:15,1.26768,15.439,,,
899,07/06/2016 20:30,1.26761,15.437,,,
900,07/06/2016 20:45,1.26776,15.429,,,
901,07/06/2016 21:00,1.26741,15.409,,,
902,07/06/2016 21:15,1.2678,15.384,,,
903,07/06/2016 21:30,1.26791,15.354,,,
904,07/06/2016 21:45,1.26753,15.323,,,
905,07/06/2016 22:00,1.26741,15.288,,,
906,07/06/2016 22:15,1.26761,15.248,,,
907,07/06/2016 22:30,1.26753,15.205,,,
908,07/06/2016 22:45,1.26741,15.158,,,
909,07/06/2016 23:00,1.26719,15.111,,,
910,07/06/2016 23:15,1.26699,15.055,,,
911,07/06/2016 23:30,1.26719,15.004,,,
912,07/06/2016 23:45,1.26635,14.952,,,
913,07/07/2016 00:00,1.26638,14.894,,,
914,07/07/2016 00:15,1.26612,14.836,,,
915,07/07/2016 00:30,1.26627,14.773,,,
916,07/07/2016 00:45,1.26585,14.707,,,
917,07/07/2016 01:00,1.26532,14.641,,,
918,07/07/2016 01:15,1.26532,14.571,,,
919,07/07/2016 01:30,1.26562,14.502,,,
920,07/07/2016 01:45,1.26501,14.432,,,
921,07/07/2016 02:00,1.26501,14.36,,,
922,07/07/2016 02:15,1.2652,14.288,,,
923,07/07/2016 02:30,1.26505,14.214,,,
924,07/07/2016 02:45,1.26486,14.141,,,
925,07/07/2016 03:00,1.26402,14.066,,,
926,07/07/2016 03:15,1.26406,13.993,,,
927,07/07/2016 03:30,1.26429,13.919,,,
928,07/07/2016 03:45,1.26402,13.847,,,
929,07/07/2016 04:00,1.26459,13.775,,,
930,07/07/2016 04:15,1.26402,13.702,,,
931,07/07/2016 04:30,1.26432,13.632,,,
932,07/07/2016 04:45,1.26463,13.565,,,
933,07/07/2016 05:00,1.26436,13.496,,,
934,07/07/2016 05:15,1.2641,13.43,,,
935,07/07/2016 05:30,1.26387,13.368,,,
936,07/07/2016 05:45,1.26402,13.306,,,
937,07/07/2016 06:00,1.26402,13.251,,,
938,07/07/2016 06:15,1.26383,13.201,,,
939,07/07/2016 06:30,1.26394,13.16,,,
940,07/07/2016 06:45,1.26383,13.13,,,
941,07/07/2016 07:00,1.26387,13.112,,,
942,07/07/2016 07:15,1.26379,13.1,,,
943,07/07/2016 07:30,1.26379,13.094,,,
944,07/07/2016 07:45,1.26371,13.097,,,
945,07/07/2016 08:00,1.26398,13.109,,,
946,07/07/2016 08:15,1.26375,13.133,,,
947,07/07/2016 08:30,1.26398,13.165,,,
948,07/07/2016 08:45,1.26379,13.201,,,
949,07/07/2016 09:00,1.2636,13.239,,,
950,07/07/2016 09:15,1.26436,13.276,,,
951,07/07/2016 09:30,1.26467,13.314,,,
952,07/07/2016 09:45,1.26505,13.351,,,
953,07/07/2016 10:00,1.26455,13.398,,,
954,07/07/2016 10:15,1.26444,13.448,,,
955,07/07/2016 10:30,1.26459,13.502,,,
956,07/07/2016 10:45,1.26497,13.563,,,
957,07/07/2016 11:00,1.26455,13.637,,,
958,07/07/2016 11:15,1.26432,13.705,,,
959,07/07/2016 11:30,1.26413,13.78,,,
960,07/07/2016 11:45,1.26474,13.856,,,
961,07/07/2016 12:00,1.26478,13.937,,,
962,07/07/2016 12:15,1.26486,14.015,,,
963,07/07/2016 12:30,1.26482,14.098,,,
964,07/07/2016 12:45,1.26528,14.176,,,
965,07/07/2016 13:00,1.26524,14.256,,,
966,07/07/2016 13:15,1.26543,14.339,,,
967,07/07/2016 13:30,1.26539,14.424,,,
968,07/07/2016 13:45,1.26547,14.515,,,
969,07/07/2016 14:00,1.26596,14.607,,,
970,07/07/2016 14:15,1.26661,14.698,,,
971,07/07/2016 14:30,1.26661,14.785,,,
972,07/07/2016 14:45,1.26699,14.873,,,
973,07/07/2016 15:00,1.26699,14.96,,,
974,07/07/2016 15:15,1.26749,15.049,,,
975,07/07/2016 15:30,1.26734,15.142,,,
976,07/07/2016 15:45,1.26776,15.221,,,
977,07/07/2016 16:00,1.26791,15.309,,,
978,07/07/2016 16:15,1.26833,15.396,,,
979,07/07/2016 16:30,1.26848,15.491,,,
980,07/07/2016 16:45,1.26833,15.572,,,
981,07/07/2016 17:00,1.26886,15.658,,,
982,07/07/2016 17:15,1.26879,15.745,,,
983,07/07/2016 17:30,1.26894,15.833,,,
984,07/07/2016 17:45,1.26936,15.921,,,
985,07/07/2016 18:00,1.26944,15.991,,,
986,07/07/2016 18:15,1.26936,16.068,,,
987,07/07/2016 18:30,1.26944,16.138,,,
988,07/07/2016 18:45,1.27024,16.201,,,
989,07/07/2016 19:00,1.2697,16.259,,,
990,07/07/2016 19:15,1.26967,16.312,,,
991,07/07/2016 19:30,1.27028,16.362,,,
992,07/07/2016 19:45,1.2702,16.403,,,
993,07/07/2016 20:00,1.27031,16.442,,,
994,07/07/2016 20:15,1.26978,16.455,,,
995,07/07/2016 20:30,1.27028,16.461,,,
996,07/07/2016 20:45,1.27012,16.46,,,
997,07/07/2016 21:00,1.27016,16.446,,,
998,07/07/2016 21:15,1.2702,16.424,,,
999,07/07/2016 21:30,1.26997,16.391,,,
1000,07/07/2016 21:45,1.2702,16.35,,,
1001,07/07/2016 22:00,1.27012,16.306,,,
1002,07/07/2016 22:15,1.26967,16.262,,,
1003,07/07/2016 22:30,1.2694,16.213,,,
1004,07/07/2016 22:45,1.26974,16.159,,,
1005,07/07/2016 23:00,1.26917,16.107,,,
1006,07/07/2016 23:15,1.2694,16.052,,,
1007,07/07/2016 23:30,1.26928,15.995,,,
1008,07/07/2016 23:45,1.26925,15.936,,,
1009,07/08/2016 00:00,1.26894,15.871,,,
1010,07/08/2016 00:15,1.26883,15.804,,,
1011,07/08/2016 00:30,1.26856,15.736,,,
1012,07/08/2016 00:45,1.26848,15.664,,,
1013,07/08/2016 01:00,1.26852,15.593,,,
1014,07/08/2016 01:15,1.26799,15.525,,,
1015,07/08/2016 01:30,1.26841,15.454,,,
1016,07/08/2016 01:45,1.26856,15.384,,,
1017,07/08/2016 02:00,1.26848,15.32,,,
1018,07/08/2016 02:15,1.26783,15.251,,,
1019,07/08/2016 02:30,1.26833,15.176,,,
1020,07/08/2016 02:45,1.26734,15.105,,,
1021,07/08/2016 03:00,1.26688,15.027,,,
1022,07/08/2016 03:15,1.26719,14.949,,,
1023,07/08/2016 03:30,1.26703,14.879,,,
1024,07/08/2016 03:45,1.26661,14.801,,,
1025,07/08/2016 04:00,1.26669,14.723,,,
1026,07/08/2016 04:15,1.26646,14.647,,,
1027,07/08/2016 04:30,1.26707,14.568,,,
1028,07/08/2016 04:45,1.26692,14.49,,,
1029,07/08/2016 05:00,1.26658,14.417,,,
1030,07/08/2016 05:15,1.26631,14.343,,,
1031,07/08/2016 05:30,1.26646,14.274,,,
1032,07/08/2016 05:45,1.2665,14.21,,,
1033,07/08/2016 06:00,1.2665,14.149,,,
1034,07/08/2016 06:15,1.26627,14.098,,,
1035,07/08/2016 06:30,1.26661,14.053,,,
1036,07/08/2016 06:45,1.26562,14.017,,,
1037,07/08/2016 07:00,1.26589,13.991,,,
1038,07/08/2016 07:15,1.26589,13.975,,,
1039,07/08/2016 07:30,1.26619,13.96,,,
1040,07/08/2016 07:45,1.26608,13.954,,,
1041,07/08/2016 08:00,1.26638,13.951,,,
1042,07/08/2016 08:15,1.26585,13.958,,,
1043,07/08/2016 08:30,1.26596,13.976,,,
1044,07/08/2016 08:45,1.26707,14,,,
1045,07/08/2016 09:00,1.26707,14.032,,,
1046,07/08/2016 09:15,1.26715,14.062,,,
1047,07/08/2016 09:30,1.26658,14.098,,,
1048,07/08/2016 09:45,1.2665,14.137,,,
1049,07/08/2016 10:00,1.26635,14.18,,,
1050,07/08/2016 10:15,1.2665,14.24,,,
1051,07/08/2016 10:30,1.26669,14.298,,,
1052,07/08/2016 10:45,1.26768,14.382,,,
1053,07/08/2016 11:00,1.26757,14.466,,,
1054,07/08/2016 11:15,1.26764,14.553,,,
1055,07/08/2016 11:30,1.26738,14.646,,,
1056,07/08/2016 11:45,1.2673,14.756,,,
1057,07/08/2016 12:00,1.26745,14.855,,,
1058,07/08/2016 12:15,1.26848,14.963,,,
1059,07/08/2016 12:30,1.26844,15.085,,,
1060,07/08/2016 12:45,1.26875,15.203,,,
1061,07/08/2016 13:00,1.26925,15.312,,,
1062,07/08/2016 13:15,1.26993,15.406,,,
1063,07/08/2016 13:30,1.27001,15.518,,,
1064,07/08/2016 13:45,1.27054,15.618,,,
1065,07/08/2016 14:00,1.27062,15.757,,,
1066,07/08/2016 14:15,1.27085,15.873,,,
1067,07/08/2016 14:30,1.27085,15.988,,,
1068,07/08/2016 14:45,1.27108,16.091,,,
1069,07/08/2016 15:00,1.27127,16.159,,,
1070,07/08/2016 15:15,1.27207,16.248,,,
1071,07/08/2016 15:30,1.27176,16.299,,,
1072,07/08/2016 15:45,1.27222,16.368,,,
1073,07/08/2016 16:00,1.27337,16.519,,,
1074,07/08/2016 16:15,1.27329,16.577,,,
1075,07/08/2016 16:30,1.27371,16.68,,,
1076,07/08/2016 16:45,1.27325,16.744,,,
1077,07/08/2016 17:00,1.2734,16.85,,,
1078,07/08/2016 17:15,1.27436,16.935,,,
1079,07/08/2016 17:30,1.27447,16.994,,,
1080,07/08/2016 17:45,1.27451,17.022,,,
1081,07/08/2016 18:00,1.27455,17.061,,,
1082,07/08/2016 18:15,1.27451,17.104,,,
1083,07/08/2016 18:30,1.2742,17.149,,,
1084,07/08/2016 18:45,1.27436,17.187,,,
1085,07/08/2016 19:00,1.27447,17.219,,,
1086,07/08/2016 19:15,1.27424,17.247,,,
1087,07/08/2016 19:30,1.27447,17.268,,,
1088,07/08/2016 19:45,1.27459,17.281,,,
1089,07/08/2016 20:00,1.27462,17.281,,,
1090,07/08/2016 20:15,1.27489,17.266,,,
1091,07/08/2016 20:30,1.27447,17.245,,,
1092,07/08/2016 20:45,1.27413,17.217,,,
1093,07/08/2016 21:00,1.27485,17.177,,,
1094,07/08/2016 21:15,1.2742,17.126,,,
1095,07/08/2016 21:30,1.27481,17.073,,,
1096,07/08/2016 21:45,1.27485,17.003,,,
1097,07/08/2016 22:00,1.27478,16.936,,,
1098,07/08/2016 22:15,1.27478,16.877,,,
1099,07/08/2016 22:30,1.27443,16.807,,,
1100,07/08/2016 22:45,1.27401,16.738,,,
1101,07/08/2016 23:00,1.27379,16.683,,,
1102,07/08/2016 23:15,1.27371,16.628,,,
1103,07/08/2016 23:30,1.27356,16.574,,,
1104,07/08/2016 23:45,1.27356,16.525,,,
1105,07/09/2016 00:00,1.27268,16.464,,,
1106,07/09/2016 00:15,1.27268,16.403,,,
1107,07/09/2016 00:30,1.27264,16.339,,,
1108,07/09/2016 00:45,1.27256,16.275,,,
1109,07/09/2016 01:00,1.27173,16.207,,,
1110,07/09/2016 01:15,1.27203,16.128,,,
1111,07/09/2016 01:30,1.2715,16.049,,,
1112,07/09/2016 01:45,1.2715,15.971,,,
1113,07/09/2016 02:00,1.27165,15.888,,,
1114,07/09/2016 02:15,1.27119,15.804,,,
1115,07/09/2016 02:30,1.27146,15.721,,,
1116,07/09/2016 02:45,1.27134,15.648,,,
1117,07/09/2016 03:00,1.27115,15.576,,,
1118,07/09/2016 03:15,1.271,15.512,,,
1119,07/09/2016 03:30,1.27077,15.442,,,
1120,07/09/2016 03:45,1.27058,15.367,,,
1121,07/09/2016 04:00,1.27073,15.297,,,
1122,07/09/2016 04:15,1.27077,15.224,,,
1123,07/09/2016 04:30,1.27043,15.151,,,
1124,07/09/2016 04:45,1.27047,15.081,,,
1125,07/09/2016 05:00,1.26993,15.012,,,
1126,07/09/2016 05:15,1.27005,14.949,,,
1127,07/09/2016 05:30,1.27039,14.882,,,
1128,07/09/2016 05:45,1.27028,14.818,,,
1129,07/09/2016 06:00,1.27024,14.761,,,
1130,07/09/2016 06:15,1.26993,14.714,,,
1131,07/09/2016 06:30,1.27028,14.668,,,
1132,07/09/2016 06:45,1.26993,14.634,,,
1133,07/09/2016 07:00,1.26986,14.608,,,
1134,07/09/2016 07:15,1.27016,14.59,,,
1135,07/09/2016 07:30,1.27016,14.577,,,
1136,07/09/2016 07:45,1.26993,14.577,,,
1137,07/09/2016 08:00,1.26963,14.58,,,
1138,07/09/2016 08:15,1.26974,14.586,,,
1139,07/09/2016 08:30,1.26951,14.598,,,
1140,07/09/2016 08:45,1.26986,14.611,,,
1141,07/09/2016 09:00,1.26951,14.619,,,
1142,07/09/2016 09:15,1.26879,14.631,,,
1143,07/09/2016 09:30,1.26883,14.638,,,
1144,07/09/2016 09:45,1.26864,14.653,,,
1145,07/09/2016 10:00,1.27077,14.676,,,
1146,07/09/2016 10:15,1.26902,14.705,,,
1147,07/09/2016 10:30,1.26905,14.735,,,
1148,07/09/2016 10:45,1.26909,14.779,,,
1149,07/09/2016 11:00,1.26886,14.836,,,
1150,07/09/2016 11:15,1.26925,14.883,,,
1151,07/09/2016 11:30,1.2689,14.93,,,
1152,07/09/2016 11:45,1.26932,14.987,,,
1153,07/09/2016 12:00,1.26936,15.045,,,
1154,07/09/2016 12:15,1.26955,15.103,,,
1155,07/09/2016 12:30,1.26978,15.173,,,
1156,07/09/2016 12:45,1.27001,15.237,,,
1157,07/09/2016 13:00,1.27008,15.317,,,
1158,07/09/2016 13:15,1.27604,15.384,,,
1159,07/09/2016 13:30,1.2768,15.467,,,
1160,07/09/2016 13:45,1.27062,15.555,,,
1161,07/09/2016 14:00,1.27134,15.624,,,
1162,07/09/2016 14:15,1.27127,15.7,,,
1163,07/09/2016 14:30,1.27115,15.785,,,
1164,07/09/2016 14:45,1.27146,15.854,,,
1165,07/09/2016 15:00,1.2723,15.93,,,
1166,07/09/2016 15:15,1.27211,16.006,,,
1167,07/09/2016 15:30,1.27188,16.089,,,
1168,07/09/2016 15:45,1.2726,16.168,,,
1169,07/09/2016 16:00,1.27337,16.238,,,
1170,07/09/2016 16:15,1.27234,16.312,,,
1171,07/09/2016 16:30,1.27295,16.396,,,
1172,07/09/2016 16:45,1.27291,16.479,,,
1173,07/09/2016 17:00,1.27295,16.561,,,
1174,07/09/2016 17:15,1.27283,16.63,,,
1175,07/09/2016 17:30,1.27356,16.705,,,
1176,07/09/2016 17:45,1.27394,16.771,,,
1177,07/09/2016 18:00,1.27413,16.845,,,
1178,07/09/2016 18:15,1.27424,16.905,,,
1179,07/09/2016 18:30,1.2742,16.966,,,
1180,07/09/2016 18:45,1.27417,17.019,,,
1181,07/09/2016 19:00,1.27424,17.074,,,
1182,07/09/2016 19:15,1.27462,17.124,,,
1183,07/09/2016 19:30,1.27447,17.165,,,
1184,07/09/2016 19:45,1.27459,17.196,,,
1185,07/09/2016 20:00,1.27451,17.22,,,
1186,07/09/2016 20:15,1.27489,17.234,,,
1187,07/09/2016 20:30,1.2744,17.245,,,
1188,07/09/2016 20:45,1.27401,17.248,,,
1189,07/09/2016 21:00,1.27455,17.237,,,
1190,07/09/2016 21:15,1.27443,17.214,,,
1191,07/09/2016 21:30,1.27436,17.184,,,
1192,07/09/2016 21:45,1.27401,17.147,,,
1193,07/09/2016 22:00,1.2742,17.107,,,
1194,07/09/2016 22:15,1.27382,17.066,,,
1195,07/09/2016 22:30,1.27356,17.024,,,
1196,07/09/2016 22:45,1.27459,16.976,,,
1197,07/09/2016 23:00,1.2731,16.927,,,
1198,07/09/2016 23:15,1.27428,16.878,,,
1199,07/09/2016 23:30,1.2726,16.827,,,
1200,07/09/2016 23:45,1.27279,16.774,,,
1201,07/10/2016 00:00,1.27268,16.72,,,
1202,07/10/2016 00:15,1.27234,16.664,,,
1203,07/10/2016 00:30,1.27245,16.606,,,
1204,07/10/2016 00:45,1.27214,16.546,,,
1205,07/10/2016 01:00,1.27234,16.484,,,
1206,07/10/2016 01:15,1.2734,16.42,,,
1207,07/10/2016 01:30,1.27195,16.354,,,
1208,07/10/2016 01:45,1.27188,16.289,,,
1209,07/10/2016 02:00,1.2718,16.222,,,
1210,07/10/2016 02:15,1.27173,16.155,,,
1211,07/10/2016 02:30,1.27108,16.088,,,
1212,07/10/2016 02:45,1.27108,16.018,,,
1213,07/10/2016 03:00,1.27138,15.944,,,
1214,07/10/2016 03:15,1.27085,15.87,,,
1215,07/10/2016 03:30,1.27092,15.798,,,
1216,07/10/2016 03:45,1.27039,15.724,,,
1217,07/10/2016 04:00,1.27028,15.651,,,
1218,07/10/2016 04:15,1.26986,15.576,,,
1219,07/10/2016 04:30,1.27119,15.502,,,
1220,07/10/2016 04:45,1.26993,15.429,,,
1221,07/10/2016 05:00,1.26974,15.357,,,
1222,07/10/2016 05:15,1.26989,15.287,,,
1223,07/10/2016 05:30,1.26982,15.223,,,
1224,07/10/2016 05:45,1.27001,15.16,,,
1225,07/10/2016 06:00,1.27001,15.105,,,
1226,07/10/2016 06:15,1.27008,15.057,,,
1227,07/10/2016 06:30,1.26993,15.015,,,
1228,07/10/2016 06:45,1.26982,14.979,,,
1229,07/10/2016 07:00,1.27607,14.951,,,
1230,07/10/2016 07:15,1.27623,14.927,,,
1231,07/10/2016 07:30,1.27672,14.909,,,
1232,07/10/2016 07:45,1.27665,14.9,,,
1233,07/10/2016 08:00,1.27691,14.903,,,
1234,07/10/2016 08:15,1.2771,14.91,,,
1235,07/10/2016 08:30,1.27672,14.913,,,
1236,07/10/2016 08:45,1.27653,14.921,,,
1237,07/10/2016 09:00,1.27634,14.937,,,
1238,07/10/2016 09:15,1.27634,14.96,,,
1239,07/10/2016 09:30,1.27569,14.989,,,
1240,07/10/2016 09:45,1.27653,15.025,,,
1241,07/10/2016 10:00,1.27607,15.066,,,
1242,07/10/2016 10:15,1.27581,15.111,,,
1243,07/10/2016 10:30,1.27554,15.17,,,
1244,07/10/2016 10:45,1.27581,15.223,,,
1245,07/10/2016 11:00,1.27531,15.281,,,
1246,07/10/2016 11:15,1.2752,15.34,,,
1247,07/10/2016 11:30,1.27535,15.436,,,
1248,07/10/2016 11:45,1.27554,15.517,,,
1249,07/10/2016 12:00,1.27569,15.606,,,
1250,07/10/2016 12:15,1.27607,15.706,,,
1251,07/10/2016 12:30,1.27546,15.778,,,
1252,07/10/2016 12:45,1.27619,15.876,,,
1253,07/10/2016 13:00,1.27527,15.95,,,
1254,07/10/2016 13:15,1.27646,16.022,,,
1255,07/10/2016 13:30,1.27684,16.117,,,
1256,07/10/2016 13:45,1.27806,16.219,,,
1257,07/10/2016 14:00,1.27779,16.321,,,
1258,07/10/2016 14:15,1.27901,16.417,,,
1259,07/10/2016 14:30,1.27874,16.51,,,
1260,07/10/2016 14:45,1.2779,16.615,,,
1261,07/10/2016 15:00,1.27886,16.705,,,
1262,07/10/2016 15:15,1.27775,16.787,,,
1263,07/10/2016 15:30,1.27798,16.872,,,
1264,07/10/2016 15:45,1.27897,16.957,,,
1265,07/10/2016 16:00,1.27901,17.049,,,
1266,07/10/2016 16:15,1.27924,17.14,,,
1267,07/10/2016 16:30,1.27947,17.228,,,
1268,07/10/2016 16:45,1.27939,17.302,,,
1269,07/10/2016 17:00,1.27844,17.373,,,
1270,07/10/2016 17:15,1.27771,17.454,,,
1271,07/10/2016 17:30,1.27798,17.526,,,
1272,07/10/2016 17:45,1.27909,17.596,,,
1273,07/10/2016 18:00,1.28046,17.662,,,
1274,07/10/2016 18:15,1.28061,17.72,,,
1275,07/10/2016 18:30,1.28092,17.785,,,
1276,07/10/2016 18:45,1.28103,17.831,,,
1277,07/10/2016 19:00,1.28092,17.864,,,
1278,07/10/2016 19:15,1.28138,17.909,,,
1279,07/10/2016 19:30,1.28084,17.923,,,
1280,07/10/2016 19:45,1.28077,17.928,,,
1281,07/10/2016 20:00,1.28111,17.925,,,
1282,07/10/2016 20:15,1.28122,17.922,,,
1283,07/10/2016 20:30,1.28073,17.916,,,
1284,07/10/2016 20:45,1.28065,17.901,,,
1285,07/10/2016 21:00,1.28065,17.876,,,
1286,07/10/2016 21:15,1.2808,17.842,,,
1287,07/10/2016 21:30,1.28058,17.803,,,
1288,07/10/2016 21:45,1.28038,17.761,,,
1289,07/10/2016 22:00,1.28058,17.717,,,
1290,07/10/2016 22:15,1.28012,17.675,,,
1291,07/10/2016 22:30,1.27985,17.634,,,
1292,07/10/2016 22:45,1.27955,17.592,,,
1293,07/10/2016 23:00,1.27928,17.549,,,
1294,07/10/2016 23:15,1.27989,17.504,,,
1295,07/10/2016 23:30,1.27905,17.458,,,
1296,07/10/2016 23:45,1.27924,17.411,,,
1297,07/11/2016 00:00,1.27867,17.363,,,
1298,07/11/2016 00:15,1.2771,17.309,,,
1299,07/11/2016 00:30,1.27722,17.259,,,
1300,07/11/2016 00:45,1.27726,17.199,,,
1301,07/11/2016 01:00,1.27733,17.14,,,
1302,07/11/2016 01:15,1.27733,17.076,,,
1303,07/11/2016 01:30,1.27676,17.01,,,
1304,07/11/2016 01:45,1.27672,16.952,,,
1305,07/11/2016 02:00,1.27646,16.896,,,
1306,07/11/2016 02:15,1.27649,16.838,,,
1307,07/11/2016 02:30,1.27626,16.778,,,
1308,07/11/2016 02:45,1.27584,16.717,,,
1309,07/11/2016 03:00,1.27596,16.659,,,
1310,07/11/2016 03:15,1.27562,16.6,,,
1311,07/11/2016 03:30,1.2755,16.537,,,
1312,07/11/2016 03:45,1.27539,16.47,,,
1313,07/11/2016 04:00,1.27512,16.403,,,
1314,07/11/2016 04:15,1.27531,16.339,,,
1315,07/11/2016 04:30,1.27459,16.277,,,
1316,07/11/2016 04:45,1.27523,16.213,,,
1317,07/11/2016 05:00,1.27478,16.152,,,
1318,07/11/2016 05:15,1.27489,16.089,,,
1319,07/11/2016 05:30,1.27516,16.031,,,
1320,07/11/2016 05:45,1.27474,15.976,,,
1321,07/11/2016 06:00,1.27462,15.924,,,
1322,07/11/2016 06:15,1.27501,15.877,,,
1323,07/11/2016 06:30,1.27462,15.834,,,
1324,07/11/2016 06:45,1.27523,15.795,,,
1325,07/11/2016 07:00,1.2739,15.761,,,
1326,07/11/2016 07:15,1.27398,15.724,,,
1327,07/11/2016 07:30,1.27424,15.69,,,
1328,07/11/2016 07:45,1.27379,15.654,,,
1329,07/11/2016 08:00,1.27356,15.63,,,
1330,07/11/2016 08:15,1.2744,15.609,,,
1331,07/11/2016 08:30,1.27379,15.585,,,
1332,07/11/2016 08:45,1.27413,15.573,,,
1333,07/11/2016 09:00,1.27504,15.552,,,
1334,07/11/2016 09:15,1.27539,15.54,,,
1335,07/11/2016 09:30,1.27527,15.533,,,
1336,07/11/2016 09:45,1.27543,15.531,,,
1337,07/11/2016 10:00,1.27466,15.53,,,
1338,07/11/2016 10:15,1.27417,15.527,,,
1339,07/11/2016 10:30,1.27508,15.527,,,
1340,07/11/2016 10:45,1.2744,15.528,,,
1341,07/11/2016 11:00,1.2747,15.524,,,
1342,07/11/2016 11:15,1.27493,15.536,,,
1343,07/11/2016 11:30,1.27478,15.542,,,
1344,07/11/2016 11:45,1.2747,15.549,,,
1345,07/11/2016 12:00,1.27512,15.551,,,
1346,07/11/2016 12:15,1.27512,15.56,,,
1347,07/11/2016 12:30,1.27546,15.576,,,
1348,07/11/2016 12:45,1.27562,15.597,,,
1349,07/11/2016 13:00,1.27535,15.616,,,
1350,07/11/2016 13:15,1.27565,15.612,,,
1351,07/11/2016 13:30,1.27512,15.621,,,
1352,07/11/2016 13:45,1.27577,15.648,,,
1353,07/11/2016 14:00,1.27546,15.666,,,
1354,07/11/2016 14:15,1.27604,15.676,,,
1355,07/11/2016 14:30,1.27596,15.687,,,
1356,07/11/2016 14:45,1.27573,15.71,,,
1357,07/11/2016 15:00,1.27638,15.734,,,
1358,07/11/2016 15:15,1.27573,15.772,,,
1359,07/11/2016 15:30,1.27607,15.791,,,
1360,07/11/2016 15:45,1.27604,15.815,,,
1361,07/11/2016 16:00,1.276,15.839,,,
1362,07/11/2016 16:15,1.27592,15.86,,,
1363,07/11/2016 16:30,1.27611,15.879,,,
1364,07/11/2016 16:45,1.27604,15.894,,,
1365,07/11/2016 17:00,1.2755,15.907,,,
1366,07/11/2016 17:15,1.27592,15.924,,,
1367,07/11/2016 17:30,1.27592,15.93,,,
1368,07/11/2016 17:45,1.27539,15.934,,,
1369,07/11/2016 18:00,1.27584,15.944,,,
1370,07/11/2016 18:15,1.27741,15.95,,,
1371,07/11/2016 18:30,1.27661,15.953,,,
1372,07/11/2016 18:45,1.27657,15.959,,,
1373,07/11/2016 19:00,1.27646,15.968,,,
1374,07/11/2016 19:15,1.27703,15.986,,,
1375,07/11/2016 19:30,1.27714,15.979,,,
1376,07/11/2016 19:45,1.27661,15.971,,,
1377,07/11/2016 20:00,1.27684,15.968,,,
1378,07/11/2016 20:15,1.27745,15.956,,,
1379,07/11/2016 20:30,1.27699,15.947,,,
1380,07/11/2016 20:45,1.27638,15.928,,,
1381,07/11/2016 21:00,1.27695,15.898,,,
1382,07/11/2016 21:15,1.27699,15.858,,,
1383,07/11/2016 21:30,1.27703,15.816,,,
1384,07/11/2016 21:45,1.2768,15.775,,,
1385,07/11/2016 22:00,1.27653,15.736,,,
1386,07/11/2016 22:15,1.27588,15.696,,,
1387,07/11/2016 22:30,1.27569,15.652,,,
1388,07/11/2016 22:45,1.27523,15.608,,,
1389,07/11/2016 23:00,1.27508,15.561,,,
1390,07/11/2016 23:15,1.27462,15.515,,,
1391,07/11/2016 23:30,1.2742,15.467,,,
1392,07/11/2016 23:45,1.27474,15.421,,,
1393,07/12/2016 00:00,1.27489,15.375,,,
1394,07/12/2016 00:15,1.27523,15.33,,,
1395,07/12/2016 00:30,1.27546,15.287,,,
1396,07/12/2016 00:45,1.27527,15.245,,,
1397,07/12/2016 01:00,1.27455,15.205,,,
1398,07/12/2016 01:15,1.2744,15.169,,,
1399,07/12/2016 01:30,1.27371,15.128,,,
1400,07/12/2016 01:45,1.2742,15.085,,,
1401,07/12/2016 02:00,1.27417,15.039,,,
1402,07/12/2016 02:15,1.27413,14.989,,,
1403,07/12/2016 02:30,1.2742,14.933,,,
1404,07/12/2016 02:45,1.2739,14.877,,,
1405,07/12/2016 03:00,1.2739,14.824,,,
1406,07/12/2016 03:15,1.27356,14.767,,,
1407,07/12/2016 03:30,1.27333,14.713,,,
1408,07/12/2016 03:45,1.27245,14.664,,,
1409,07/12/2016 04:00,1.27176,14.614,,,
1410,07/12/2016 04:15,1.27253,14.572,,,
1411,07/12/2016 04:30,1.27302,14.533,,,
1412,07/12/2016 04:45,1.27352,14.492,,,
1413,07/12/2016 05:00,1.27317,14.453,,,
1414,07/12/2016 05:15,1.27264,14.417,,,
1415,07/12/2016 05:30,1.27256,14.382,,,
1416,07/12/2016 05:45,1.27291,14.348,,,
1417,07/12/2016 06:00,1.27268,14.313,,,
1418,07/12/2016 06:15,1.27249,14.283,,,
1419,07/12/2016 06:30,1.27321,14.255,,,
1420,07/12/2016 06:45,1.27253,14.225,,,
1421,07/12/2016 07:00,1.27264,14.2,,,
1422,07/12/2016 07:15,1.27218,14.18,,,
1423,07/12/2016 07:30,1.27253,14.168,,,
1424,07/12/2016 07:45,1.27256,14.162,,,
1425,07/12/2016 08:00,1.2723,14.161,,,
1426,07/12/2016 08:15,1.27283,14.164,,,
1427,07/12/2016 08:30,1.27295,14.165,,,
1428,07/12/2016 08:45,1.27295,14.173,,,
1429,07/12/2016 09:00,1.27295,14.185,,,
1430,07/12/2016 09:15,1.27245,14.214,,,
1431,07/12/2016 09:30,1.27283,14.237,,,
1432,07/12/2016 09:45,1.27245,14.255,,,
1433,07/12/2016 10:00,1.27237,14.279,,,
1434,07/12/2016 10:15,1.27493,14.285,,,
1435,07/12/2016 10:30,0.71706,14.306,,,
1435,07/12/2016 10:45,0.71706,14.306,,,
1435,07/12/2016 11:00,0.71706,14.306,,,
1435,07/12/2016 11:15,0.71706,14.306,,,
1435,07/12/2016 11:30,0.71706,14.306,,,
1435,07/12/2016 11:45,0.81706,14.306,,,
1436,07/12/2016 12:00,1.4321,11.44,,,
1438,07/12/2016 12:15,1.31415,11.19,,,
1437.9,07/12/2016 12:30,1.31338,11.032,,,
1438.6,07/12/2016 12:45,1.31079,11.461,,,
1439.3,07/12/2016 13:00,1.31319,11.415,,,
1440,07/12/2016 13:15,1.31559,11.125,,,
1440.7,07/12/2016 13:30,1.38697,11.681,,,
1441.4,07/12/2016 13:45,1.38373,11.088,,,
1442.1,07/12/2016 14:00,1.38132,10.776,,,
1442.8,07/12/2016 14:15,1.37854,10.276,,,
1443.5,07/12/2016 14:30,1.40303,9.789,,,
1444.2,07/12/2016 14:45,1.42271,9.691,,,
1444.9,07/12/2016 15:00,0.65267,9.066,,,
1445.6,07/12/2016 15:15,0.6529,9.086,,,
1446.3,07/12/2016 15:30,0.65267,9.106,,,
1447,07/12/2016 15:45,1.13668,9.126,,,
1447.7,07/12/2016 16:00,1.33513,9.157,,,
1448.4,07/12/2016 16:15,1.38926,9.199,,,
1449.1,07/12/2016 16:30,1.41386,9.244,,,
1449.8,07/12/2016 16:45,1.42794,9.29,,,
